species,atpA,atpB,matK,rbcL,rps4,rps4-trnS,trnL-trnF,plastome,join_by,specimen_voucher,publication,outgroup
Abacopteris_aspera,NA,NA,KF420344,NA,NA,NA,NA,NA,manual,NA,NA,FALSE
Abacopteris_birii,NA,NA,NA,PP559894,NA,NA,PP561064,NA,voucher,taifwade1431,NA,FALSE
Abacopteris_gymnopteridifrons,NA,NA,NA,NA,NA,NA,NA,MT130561,NA,NA,NA,FALSE
Abacopteris_hirtisora,NA,NA,NA,PP560341,NA,NA,PP561438,NA,voucher,taifwade5992,NA,FALSE
Abacopteris_nudata,NA,NA,NA,JN572370,JN572208,JN572208,JN572285,NA,manual,NA,NA,FALSE
Abrodictyum_angustimarginatum,NA,NA,NA,MF782871,NA,NA,NA,NA,unjoined,lbauret144,Taxonomic study of the fern genera Abrodictyum C.Presl and,FALSE
Abrodictyum_asae-grayi,NA,NA,NA,MT215961,NA,NA,NA,NA,unjoined,usschuettpelz1936,The Evolution of Overrepresentation: exploring the biogeography of,FALSE
Abrodictyum_boninense,NA,NA,NA,AB257472,NA,NA,NA,NA,unjoined,ebihara01112601,A global molecular phylogeny of the fern genus Trichomanes,FALSE
Abrodictyum_brassii,NA,NA,NA,AB257483,NA,NA,NA,NA,unjoined,ebihara01090904,A global molecular phylogeny of the fern genus Trichomanes,FALSE
Abrodictyum_caudatum,NA,NA,NA,EU122957,NA,NA,NA,NA,unjoined,jnitta031,Exploring the utility of three plastid loci for biocoding the filmy,FALSE
Abrodictyum_cumingii,NA,NA,NA,PP560795,NA,NA,NA,NA,unjoined,taifzxc002739,A DNA barcode reference of Asian ferns with expert-identified,FALSE
Abrodictyum_cylindratum,NA,NA,NA,MF782872,NA,NA,NA,NA,unjoined,grouhan1219,Taxonomic study of the fern genera Abrodictyum C.Presl and,FALSE
Abrodictyum_dentatum,NA,NA,NA,MT657794,NA,NA,NA,NA,unjoined,krwood16884,Biogeography of Pacific pteridophytes in a global context,FALSE
Abrodictyum_dregei,NA,NA,NA,KX913317,NA,NA,NA,NA,unjoined,merciersn,Discussion on the taxonomy of African fern Abrodictyum rigidum,FALSE
Abrodictyum_elongatum,NA,NA,NA,AY175802,NA,NA,NA,NA,unjoined,arsmith2604,Molecular systematics of the fern genus Trichomanes L.,FALSE
Abrodictyum_flavofuscum,NA,NA,NA,AY175804,NA,NA,NA,NA,unjoined,jmunzinger316,Molecular systematics of the fern genus Trichomanes L.,FALSE
Abrodictyum_inexpectatum,NA,NA,NA,OP037975,NA,NA,NA,NA,unjoined,grouhansn,"Abrodictyum inexpectatum, an unexpected new fern species",FALSE
Abrodictyum_laetum,NA,NA,NA,AB257478,NA,NA,NA,NA,unjoined,mcphersonal18221,A global molecular phylogeny of the fern genus Trichomanes,FALSE
Abrodictyum_obscurum,NA,NA,NA,NA,NA,NA,NA,PV121149,NA,NA,NA,FALSE
Abrodictyum_pachyphlebium,NA,NA,NA,KP153238,NA,NA,NA,NA,unjoined,prouhan331,New circumscription of Trichomanes cupressoides Desvaux,FALSE
Abrodictyum_parviflorum,NA,NA,NA,AY175803,NA,NA,NA,NA,unjoined,jydubuissonhr199921,Molecular systematics of the fern genus Trichomanes L.,FALSE
Abrodictyum_pluma,NA,NA,NA,PP560297,NA,NA,NA,NA,unjoined,taifwade5867,A DNA barcode reference of Asian ferns with expert-identified,FALSE
Abrodictyum_rigidum,NA,NA,NA,KX913315,AY095137,AY095137,NA,NA,monophy,NA,NA,FALSE
Abrodictyum_schlechteri,NA,NA,NA,MT657802,NA,NA,NA,NA,unjoined,gmplunkett3279,Biogeography of Pacific pteridophytes in a global context,FALSE
Abrodictyum_strictum,NA,NA,NA,AB257482,NA,NA,NA,NA,unjoined,ebihara01122201,A global molecular phylogeny of the fern genus Trichomanes,FALSE
Abrodictyum_tamarisciforme,NA,NA,NA,NA,AY095135,AY095135,NA,NA,voucher,jydubuissonhr199932,NA,FALSE
Acrosorus_streptophyllus,NA,NA,NA,PP560091,NA,NA,PP561230,NA,voucher,taifwade4832,NA,FALSE
Acrostichum_aureum,NA,NA,NA,NA,NA,NA,NA,MT130571,NA,NA,NA,FALSE
Acrostichum_danaeifolium,KM007556,KM007673,NA,KM008126,KM007785,KM007785,NA,NA,voucher,1003w,NA,FALSE
Acrostichum_speciosum,NA,NA,NA,NA,NA,NA,NA,MT026711,NA,NA,NA,FALSE
Actiniopteris_australis,NA,NA,NA,JX144887,NA,NA,NA,NA,unjoined,hennequinr222,Towards a natural classification of Pteridaceae: inferring the,FALSE
Actiniopteris_dimorpha,EF452066,EF452009,NA,EF452130,KJ416352,KJ416352,KM008014,NA,voucher,schneidersn,NA,FALSE
Actiniopteris_radiata,NA,NA,NA,AF336100,NA,NA,NA,NA,unjoined,NA,Phylogenetic placements of Loxoscaphe thecifera (Aspleniaceae) and,FALSE
Actiniopteris_semiflabellata,KM007557,KM007674,NA,KJ416326,KJ416353,KJ416353,KM008015,NA,voucher,smithsn,NA,FALSE
Actinostachys_confusa,NA,NA,NA,ON368154,NA,NA,NA,NA,unjoined,rouhan384,NA,FALSE
Actinostachys_digitata,NA,NA,NA,NA,NA,NA,NA,PX693347,NA,NA,NA,FALSE
Actinostachys_laevigata,NA,NA,NA,ON368123,DQ390583,DQ390583,NA,NA,monophy,NA,NA,FALSE
Actinostachys_melanesica,NA,NA,NA,ON368124,NA,NA,NA,NA,unjoined,brownseyfiji2011202,NA,FALSE
Actinostachys_pennula,NA,NA,NA,NA,NA,NA,NA,KU764518,NA,NA,NA,FALSE
Actinostachys_subtrijuga,NA,NA,NA,AJ303400,NA,NA,NA,NA,unjoined,cdadams14751,Schizaeaceae: a phylogenetic approach,FALSE
Actinostachys_wagneri,NA,NA,NA,ON368125,NA,NA,NA,NA,unjoined,wade5031,NA,FALSE
Acystopteris_japonica,NA,NA,NA,NA,NA,NA,NA,MT130696,NA,NA,NA,FALSE
Acystopteris_taiwaniana,NA,NA,JX873972,JF832052,NA,NA,NA,NA,voucher,schuettpelz1127a,NA,FALSE
Acystopteris_tenuisecta,NA,NA,NA,NA,NA,NA,NA,MT130692,NA,NA,NA,FALSE
Adenophorus_abietinus,NA,AF469778,NA,AF468202,NA,NA,AF469791,NA,voucher,ranker1100colo,NA,FALSE
Adenophorus_epigaeus,NA,AF469779,NA,AF468203,NA,NA,AF469792,NA,voucher,ranker1103colo,NA,FALSE
Adenophorus_haalilioanus,NA,AF469775,NA,AF468200,NA,NA,AF469788,NA,voucher,ranker1561colo,NA,FALSE
Adenophorus_hymenophylloides,NA,AF469780,NA,AF468204,NA,NA,AF469793,NA,monophy,NA,NA,FALSE
Adenophorus_montanus,NA,AF469781,NA,AF468205,NA,NA,AF469794,NA,voucher,ranker1351colo,NA,FALSE
Adenophorus_oahuensis,NA,AF469776,NA,AY057382,NA,NA,AF469789,NA,publication,NA,molecular phylogenetics and evolution of the endemic hawaiian genus,FALSE
Adenophorus_periens,NA,AF469774,NA,AF468199,NA,NA,AF469787,NA,voucher,ranker1114colo,NA,FALSE
Adenophorus_pinnatifidus,EF463798,AF469777,NA,AF468201,NA,NA,AF469790,NA,monophy,NA,NA,FALSE
Adenophorus_tamariscinus,NA,AF469782,NA,AF468206,NA,NA,AF469795,NA,voucher,ranker1031colo,NA,FALSE
Adenophorus_tenellus,EF463820,AF469773,NA,AF468198,NA,NA,AF469786,NA,monophy,NA,NA,FALSE
Adenophorus_tripinnatifidus,NA,AF469783,NA,AF468207,NA,NA,AF469796,NA,monophy,NA,NA,FALSE
Adetogramma_chrysolepis,NA,NA,NA,NA,NA,NA,NA,MW876307,NA,NA,NA,FALSE
Adiantopsis_alata,KY020082,NA,NA,KY020078,NA,NA,NA,NA,monophy,NA,NA,FALSE
Adiantopsis_aurea,KY020083,NA,NA,KY020080,NA,NA,NA,NA,voucher,oscboudrieal4320,NA,FALSE
Adiantopsis_australopedata,JN709792,NA,NA,JN709746,NA,NA,NA,NA,voucher,muzuloagaal8873,NA,FALSE
Adiantopsis_chlorophylla,JN709783,NA,NA,JN709737,NA,NA,NA,NA,voucher,mulinkperezal193,NA,FALSE
Adiantopsis_dactylifera,JN709805,NA,NA,JN709759,NA,NA,NA,NA,voucher,movanderwerffgray16380,NA,FALSE
Adiantopsis_dichotoma,JN709774,NA,NA,JN709728,NA,NA,NA,NA,monophy,NA,NA,FALSE
Adiantopsis_flexuosa,JN709770,NA,NA,JN709723,NA,NA,NA,NA,monophy,NA,NA,FALSE
Adiantopsis_lindigii,JN709800,NA,NA,JN709754,NA,NA,NA,NA,voucher,uclangenheim3568,NA,FALSE
Adiantopsis_monticola,JN709775,NA,NA,JN709729,NA,NA,NA,NA,voucher,uccordeiroal2665,NA,FALSE
Adiantopsis_orbignyana,PQ417530,NA,NA,PQ417414,NA,NA,NA,NA,monophy,NA,NA,FALSE
Adiantopsis_parvisegmenta,JN709796,NA,NA,JN709750,NA,NA,NA,NA,voucher,nyjack6877,NA,FALSE
Adiantopsis_paupercula,JN709811,NA,NA,JN709765,NA,NA,NA,NA,voucher,ushespenheide1191,NA,FALSE
Adiantopsis_pedata,JN709794,NA,NA,JN709748,NA,NA,NA,NA,voucher,nyharris10878,NA,FALSE
Adiantopsis_pentagona,JN709795,NA,NA,JN709749,NA,NA,NA,NA,voucher,nyproctor3229,NA,FALSE
Adiantopsis_perfasciculata,JN709793,NA,NA,JN709747,NA,NA,NA,NA,voucher,nyirwinal19130,NA,FALSE
Adiantopsis_propinqua,JN709815,NA,NA,NA,NA,NA,NA,NA,unjoined,NA,NA,FALSE
Adiantopsis_radiata,EU268718,EF452010,NA,EF452131,NA,NA,NA,NA,voucher,christenhusz4033,NA,FALSE
Adiantopsis_reesii,JN709801,NA,NA,JN709755,NA,NA,NA,NA,voucher,nyekman7965,NA,FALSE
Adiantopsis_regularis,PQ417531,NA,NA,JN709726,NA,NA,NA,NA,monophy,NA,NA,FALSE
Adiantopsis_rupicola,JN709799,NA,NA,JN709753,NA,NA,NA,NA,voucher,nybrittonal7497,NA,FALSE
Adiantopsis_seemannii,PQ417532,NA,NA,JN709731,NA,NA,NA,NA,monophy,NA,NA,FALSE
Adiantopsis_senae,KF800705,NA,NA,KF800703,NA,NA,NA,NA,monophy,NA,NA,FALSE
Adiantopsis_ternata,JN709802,NA,NA,JN709756,NA,NA,NA,NA,voucher,ushaught2402,NA,FALSE
Adiantopsis_timida,JN709803,NA,NA,JN709757,NA,NA,NA,NA,voucher,nywurdackadderley43734,NA,FALSE
Adiantopsis_trifurcata,PQ417533,NA,NA,JN709768,NA,NA,NA,NA,monophy,NA,NA,FALSE
Adiantopsis_tweedieana,PQ417534,NA,NA,JN709725,MW245820,MW245820,NA,NA,monophy,NA,NA,FALSE
Adiantopsis_vincentii,JN709797,NA,NA,JN709751,NA,NA,NA,NA,voucher,usmorton10544,NA,FALSE
Adiantum_abscissum,MH019315,NA,NA,MH019532,NA,NA,NA,NA,voucher,sphirai718,NA,FALSE
Adiantum_adiantoides,MH019316,KJ716377,NA,MH019533,NA,NA,NA,NA,monophy,NA,NA,FALSE
Adiantum_aethiopicum,KC984436,KC984441,NA,KC984519,JF980616,JF980616,JF980695,NA,monophy,NA,NA,FALSE
Adiantum_alan-smithii,KX524416,NA,NA,KX524212,NA,NA,NA,NA,voucher,lopes941,NA,FALSE
Adiantum_alarconianum,MH019317,NA,NA,MH019534,NA,NA,NA,NA,voucher,morubio1819,NA,FALSE
Adiantum_aleuticum,NA,NA,NA,NA,NA,NA,NA,MH173079,NA,NA,NA,FALSE
Adiantum_alomae,NA,NA,NA,NA,NA,NA,KY934375,NA,unjoined,NA,NA,FALSE
Adiantum_amplum,JF937311,JF935438,NA,JF935356,JF980622,JF980622,JF980701,NA,voucher,jwen10777,NA,FALSE
Adiantum_anceps,MH019320,NA,NA,MH019537,NA,NA,NA,NA,voucher,ucsmith2894,NA,FALSE
Adiantum_andicola,JF937273,JF935399,NA,JF935318,JF980582,JF980582,JF980665,NA,voucher,jmlu118,NA,FALSE
Adiantum_aneitense,MH019321,NA,NA,MH019538,NA,NA,NA,NA,voucher,kjohns10039,NA,FALSE
Adiantum_argutum,MH019322,NA,NA,MH019539,NA,NA,NA,NA,voucher,lpbjimenez2028,NA,FALSE
Adiantum_atroviride,MH019324,NA,NA,MH019541,NA,NA,NA,NA,voucher,zkessler14196,NA,FALSE
Adiantum_bonatianum,JF937247,JF935371,NA,MH019542,JF980556,JF980556,JF980639,NA,monophy,NA,NA,FALSE
Adiantum_braunii,MH019326,NA,NA,MH019543,NA,NA,NA,NA,voucher,ucprothfels2,NA,FALSE
Adiantum_cajennense,MH019327,NA,NA,MH019544,NA,NA,NA,NA,voucher,ucboudrie3931,NA,FALSE
Adiantum_calcareum,MH019328,NA,NA,MH019545,NA,NA,NA,NA,voucher,sphirai717,NA,FALSE
Adiantum_camptorachis,KX524384,NA,NA,KX524180,NA,NA,NA,NA,voucher,morero335,NA,FALSE
Adiantum_capillatum,NA,NA,NA,MH019546,NA,NA,NA,NA,unjoined,mocroat95353,A worldwide phylogeny of Adiantum (Pteridaceae) reveals remarkable,FALSE
Adiantum_capillus-junonis,JF937269,JF935395,KJ605503,MH019547,JF980578,JF980578,JF980662,NA,monophy,NA,NA,FALSE
Adiantum_capillus-veneris,NA,NA,NA,NA,NA,NA,NA,PV121143,NA,NA,NA,FALSE
Adiantum_caudatum,NA,NA,NA,NA,NA,NA,NA,PV121144,NA,NA,NA,FALSE
Adiantum_chienii,JF937256,JF935381,NA,JF935303,JF980565,JF980565,JF980649,NA,voucher,jmlu568,NA,FALSE
Adiantum_chilense,JF937291,JF935418,NA,JF935336,JF980602,JF980602,JF980681,NA,voucher,jwen7313,NA,FALSE
Adiantum_ciliatum,NA,NA,NA,NA,NA,NA,NA,ON076014,NA,NA,NA,FALSE
Adiantum_cinnamomeum,MH019332,NA,NA,MH019550,NA,NA,NA,NA,voucher,spprado1831,NA,FALSE
Adiantum_comoroense,MH019334,NA,NA,MH019551,NA,NA,NA,NA,voucher,momwangoka5695,NA,FALSE
Adiantum_concinnum,KX524413,NA,NA,KX524209,NA,NA,NA,NA,voucher,grantham011290,NA,FALSE
Adiantum_cunninghamii,JF937306,JF935433,NA,JF935351,JF980617,JF980617,JF980696,NA,voucher,jwen10782,NA,FALSE
Adiantum_curvatum,MH019336,NA,NA,MH019553,NA,NA,NA,NA,voucher,ucbarbosa1227,NA,FALSE
Adiantum_davidii,NA,NA,NA,NA,NA,NA,NA,PV121145,NA,NA,NA,FALSE
Adiantum_dawsonii,MH019338,NA,NA,MH019555,NA,NA,NA,NA,voucher,ucprance19082,NA,FALSE
Adiantum_decoratum,MH019339,MN781242,NA,MH019556,MN781366,MN781366,NA,NA,monophy,NA,NA,FALSE
Adiantum_deflectens,MH019340,NA,NA,MH019557,NA,NA,NA,NA,voucher,dukeschuettpelz1390,NA,FALSE
Adiantum_delicatulum,MH019341,NA,NA,MH019558,NA,NA,NA,NA,voucher,sphirai704,NA,FALSE
Adiantum_deltoideum,MH019342,NA,NA,MH019559,NA,NA,KY934392,NA,monophy,NA,NA,FALSE
Adiantum_dentatum,KY382689,KY429056,KY461657,KY450801,KY450961,KY450955,KY450884,NA,monophy,NA,NA,FALSE
Adiantum_diaphanum,JF937312,JF935439,NA,KX524164,JF980623,JF980623,PP561889,NA,monophy,NA,NA,FALSE
Adiantum_digitatum,MH019343,NA,NA,MH019561,KU147307,KU147307,NA,NA,monophy,NA,NA,FALSE
Adiantum_diogoanum,NA,NA,NA,KJ628557,NA,NA,NA,NA,unjoined,NA,Phylogenetic relatedness within neotropical fern communities,FALSE
Adiantum_discolor,MH019344,NA,NA,MH019562,NA,NA,NA,NA,voucher,splabiak3702,NA,FALSE
Adiantum_dolosum,MH019345,NA,NA,MH019563,NA,NA,NA,NA,voucher,ucjimenez2023,NA,FALSE
Adiantum_edgeworthii,KP637178,KP637193,KJ605512,MH019565,KP637244,KP637244,LC004387,NA,monophy,NA,NA,FALSE
Adiantum_erythrochlamys,NA,NA,NA,MH019566,NA,NA,NA,NA,unjoined,ucsinoamerexped1712,A worldwide phylogeny of Adiantum (Pteridaceae) reveals remarkable,FALSE
Adiantum_excisum,JF937292,JF935419,NA,JF935337,JF980603,JF980603,JF980682,NA,voucher,jwen7326,NA,FALSE
Adiantum_feei,NA,NA,NA,MH019567,NA,NA,NA,NA,unjoined,ucsoto95,A worldwide phylogeny of Adiantum (Pteridaceae) reveals remarkable,FALSE
Adiantum_fengianum,JF937262,JF935388,NA,MH019568,JF980571,JF980571,JF980656,NA,monophy,NA,NA,FALSE
Adiantum_flabellulatum,NA,NA,NA,NA,NA,NA,NA,ON113047,NA,NA,NA,FALSE
Adiantum_flabellum,MH019349,NA,NA,MH019570,NA,NA,NA,NA,voucher,morakotovao2310,NA,FALSE
Adiantum_formosanum,MH019350,NA,NA,MH019571,NA,NA,NA,NA,voucher,dukeli1402,NA,FALSE
Adiantum_formosum,KX524373,KC984442,NA,KC984520,KU147309,JF980618,JF980697,NA,monophy,NA,NA,FALSE
Adiantum_fournieri,KX524374,NA,NA,MH019572,NA,NA,NA,NA,monophy,NA,NA,FALSE
Adiantum_fragile,MH019352,NA,NA,MH019573,NA,NA,NA,NA,voucher,ucaxelrod12881,NA,FALSE
Adiantum_fructuosum,NA,NA,NA,KJ628534,NA,NA,NA,NA,unjoined,NA,Phylogenetic relatedness within neotropical fern communities,FALSE
Adiantum_fuliginosum,MH019353,NA,NA,MH019574,NA,NA,NA,NA,voucher,ucboudrie3925,NA,FALSE
Adiantum_fulvum,JF937308,JF935435,NA,JF935353,JF980619,JF980619,JF980698,NA,voucher,jwen10781,NA,FALSE
Adiantum_galeottianum,KX524401,NA,NA,KX524197,NA,NA,NA,NA,voucher,mickel7004,NA,FALSE
Adiantum_gertrudis,NA,NA,NA,MH019575,NA,NA,NA,NA,unjoined,uceyerdam10038,A worldwide phylogeny of Adiantum (Pteridaceae) reveals remarkable,FALSE
Adiantum_gingkoides,NA,NA,NA,PX900791,NA,NA,PX900790,NA,voucher,phonepaseuthpp097,NA,FALSE
Adiantum_glabrum,NA,NA,NA,MH019576,NA,NA,NA,NA,unjoined,ucstjohn15495,A worldwide phylogeny of Adiantum (Pteridaceae) reveals remarkable,FALSE
Adiantum_glaucescens,MH019354,NA,NA,MH019577,NA,NA,NA,NA,monophy,NA,NA,FALSE
Adiantum_gracile,MH019355,NA,NA,MH019578,NA,NA,NA,NA,voucher,spprado2242,NA,FALSE
Adiantum_gravesii,KY382729,KY429095,KY461708,KY450871,KY451001,KY451001,KY450945,NA,voucher,wah048,NA,FALSE
Adiantum_henslovianum,KX524418,NA,NA,KX524214,NA,NA,NA,NA,monophy,NA,NA,FALSE
Adiantum_hirsutum,NA,NA,NA,KF992410,NA,NA,NA,NA,unjoined,shennequinr223,Evolutionary patterns in the assembly of fern diversity on the,FALSE
Adiantum_hispidulum,NA,NA,NA,NA,NA,NA,NA,PV121147,NA,NA,NA,FALSE
Adiantum_hornei,NA,NA,NA,MH019581,NA,NA,NA,NA,unjoined,ucgame9510,A worldwide phylogeny of Adiantum (Pteridaceae) reveals remarkable,FALSE
Adiantum_hosei,MH019358,NA,NA,MH019582,NA,NA,PP561356,NA,monophy,NA,NA,FALSE
Adiantum_humile,MH019359,NA,NA,MH019583,NA,NA,NA,NA,voucher,ucboudrie3934,NA,FALSE
Adiantum_incisum,NA,NA,NA,NA,NA,NA,NA,MT130585,NA,NA,NA,FALSE
Adiantum_induratum,JF937263,JF935389,NA,JF935309,JF980572,JF980572,JF980657,NA,voucher,jmlu210,NA,FALSE
Adiantum_intermedium,MH019362,NA,NA,MH019586,NA,NA,NA,NA,voucher,sjrpprado1769,NA,FALSE
Adiantum_isthmicum,NA,NA,NA,KJ628539,NA,NA,NA,NA,unjoined,NA,Phylogenetic relatedness within neotropical fern communities,FALSE
Adiantum_japonicum,MZ416957,MZ416963,NA,MZ416969,MZ416939,MZ416939,MZ416951,NA,voucher,nnakato2162,NA,FALSE
Adiantum_jordanii,NA,NA,NA,NA,NA,NA,NA,PV121148,NA,NA,NA,FALSE
Adiantum_juxtapositum,KY382674,KY429043,KY461649,KY450803,KY450981,KY450981,KY450888,NA,voucher,wah028,NA,FALSE
Adiantum_klossii,NA,NA,NA,PP560188,NA,NA,PP561312,NA,voucher,taifwade5427,NA,FALSE
Adiantum_krameri,MH019364,NA,NA,MH019588,NA,NA,NA,NA,voucher,ucvanderwerff12986,NA,FALSE
Adiantum_latifolium,MH019365,NA,NA,MH019589,NA,NA,NA,NA,voucher,dukerothfels08170,NA,FALSE
Adiantum_leprieurii,MH019366,NA,NA,MH019590,NA,NA,NA,NA,voucher,ucboudrie3926,NA,FALSE
Adiantum_lianxianense,JF937255,JF935380,NA,JF935302,JF980564,JF980564,JF980648,NA,voucher,jmlu120,NA,FALSE
Adiantum_longzhouensis,KY382665,KY429047,KY461663,KY450821,KY451004,KY450968,KY450910,NA,monophy,NA,NA,FALSE
Adiantum_lorentzii,KX524391,NA,NA,KX524187,NA,NA,NA,NA,monophy,NA,NA,FALSE
Adiantum_lucidum,MH019367,NA,NA,MH019591,NA,NA,NA,NA,voucher,ucboudrie3929,NA,FALSE
Adiantum_macrocladum,MH019368,MN781266,NA,KJ628577,MN781357,MN781357,NA,NA,monophy,NA,NA,FALSE
Adiantum_macrophyllum,MH019369,NA,NA,MH019593,NA,NA,NA,NA,voucher,dukerothfels08094,NA,FALSE
Adiantum_madagascariense,MH019371,NA,NA,MH019595,NA,NA,NA,NA,voucher,monusbaumer2749,NA,FALSE
Adiantum_mariesii,KY382692,KY429059,KY461671,KY450815,KY451018,KY451018,KY450905,NA,voucher,wah038,NA,FALSE
Adiantum_mathewsianum,NA,NA,NA,MH019598,NA,NA,NA,NA,unjoined,uchatschbach74482,A worldwide phylogeny of Adiantum (Pteridaceae) reveals remarkable,FALSE
Adiantum_mcvaughii,NA,NA,NA,MH019599,NA,NA,NA,NA,unjoined,ucalava1603,A worldwide phylogeny of Adiantum (Pteridaceae) reveals remarkable,FALSE
Adiantum_meishanianum,KP637181,KP637196,NA,KP637232,KP637247,KP637247,KP637262,NA,voucher,yan12411,NA,FALSE
Adiantum_melanoleucum,MH019373,NA,NA,MH019600,NA,NA,NA,NA,voucher,ucaxelrod12765,NA,FALSE
Adiantum_mendoncae,MH019374,NA,NA,MH019601,NA,NA,NA,NA,voucher,bmpope266,NA,FALSE
Adiantum_menglianense,KP637182,KP637197,KU561681,KP637233,KP637248,KP637248,KP637263,NA,voucher,yan12409,NA,FALSE
Adiantum_monochlamys,MH019376,NA,NA,MH019603,KT427316,KT427316,KT427073,NA,monophy,NA,NA,FALSE
Adiantum_moorei,KX524398,NA,NA,KX524194,NA,NA,NA,NA,voucher,huamantupa4525,NA,FALSE
Adiantum_mynsseniae,MH019377,NA,NA,MH019604,NA,NA,NA,NA,voucher,ucmynssen356,NA,FALSE
Adiantum_myriosorum,JN052847,JN052869,NA,JN052786,JN052815,JN052815,JN052900,NA,voucher,jmlu313,NA,FALSE
Adiantum_nelumboides,NA,NA,NA,NA,NA,NA,NA,MN709399,NA,NA,NA,FALSE
Adiantum_novae-caledoniae,NA,NA,NA,KX524167,NA,NA,NA,NA,unjoined,werff16105,Phylogeny and relationships of the neotropical Adiantum raddianum,FALSE
Adiantum_oaxacanum,NA,NA,NA,MH019606,NA,NA,NA,NA,unjoined,ucmickel5132a,A worldwide phylogeny of Adiantum (Pteridaceae) reveals remarkable,FALSE
Adiantum_obliquum,MH019380,NA,NA,MH019607,NA,NA,NA,NA,voucher,dukerothfels2661,NA,FALSE
Adiantum_obovatum,KY382686,KY429053,KY461643,KY450828,KY450976,KY450976,KY450902,NA,voucher,wah016,NA,FALSE
Adiantum_ogasawarense,NA,NA,NA,AB574801,NA,NA,NA,NA,unjoined,tns774843,Molecular species identification with rich floristic sampling: DNA,FALSE
Adiantum_orbignyanum,KX524412,NA,NA,KX524208,NA,NA,NA,NA,voucher,hernandez1953,NA,FALSE
Adiantum_ornithopodum,MH019382,NA,NA,MH019609,NA,NA,NA,NA,voucher,dukeschuettpelz1429,NA,FALSE
Adiantum_oyapokense,MH019416,NA,NA,MH019644,NA,NA,NA,NA,voucher,dukegrusz128,NA,FALSE
Adiantum_paraense,MH019383,NA,NA,MH019610,NA,NA,NA,NA,voucher,ucboudrie3932,NA,FALSE
Adiantum_patens,KX524404,NA,NA,KX524200,NA,NA,NA,NA,voucher,rothfels2697,NA,FALSE
Adiantum_pectinatum,MH019384,NA,NA,MH019611,NA,NA,NA,NA,monophy,NA,NA,FALSE
Adiantum_pedatum,JN052857,JN052876,NA,JN052808,JN052834,JN052834,JN052904,NA,voucher,jmlu377,NA,FALSE
Adiantum_pentadactylon,MH019386,NA,NA,MH019613,NA,NA,NA,NA,voucher,spprado2003,NA,FALSE
Adiantum_peruvianum,NA,NA,NA,NA,NA,NA,NA,PV121150,NA,NA,NA,FALSE
Adiantum_petiolatum,MH019387,NA,NA,MH019614,NA,NA,NA,NA,voucher,dukerothfels08178,NA,FALSE
Adiantum_phanerophlebium,MH019388,NA,NA,MH019615,NA,NA,NA,NA,voucher,zjkluge8039,NA,FALSE
Adiantum_philippense,JF937252,JF935376,NA,JF935299,JF980561,JF980561,JF980644,NA,voucher,yxzhang009,NA,FALSE
Adiantum_phyllitidis,MH019390,NA,NA,MH019617,NA,NA,NA,NA,voucher,ucbordenave8258,NA,FALSE
Adiantum_platyphyllum,MH019391,MN781261,NA,MH019618,NA,NA,NA,NA,monophy,NA,NA,FALSE
Adiantum_poeppigianum,NA,MN781285,NA,MN781347,MN781367,MN781367,NA,NA,voucher,turtuomisto16722,NA,FALSE
Adiantum_poiretii,KX524377,NA,NA,KX524172,NA,NA,NA,NA,voucher,beck1153,NA,FALSE
Adiantum_polyphyllum,MH019394,NA,NA,MH019621,NA,NA,NA,NA,voucher,ucsmithsn,NA,FALSE
Adiantum_pseudotinctum,KX524419,NA,NA,NA,NA,NA,NA,NA,unjoined,NA,NA,FALSE
Adiantum_pulverulentum,MH019396,NA,NA,MH019622,NA,NA,NA,NA,voucher,ucsmith2889,NA,FALSE
Adiantum_pyramidale,MH019397,NA,NA,MH019623,NA,NA,NA,NA,voucher,ucchristenhusz3524,NA,FALSE
Adiantum_raddianum,JF937294,JF935421,NA,JF935339,JF980605,JF980605,JF980684,NA,voucher,jwen10119,NA,FALSE
Adiantum_reniforme,NA,NA,NA,NA,NA,NA,NA,PV121152,NA,NA,NA,FALSE
Adiantum_rhizophorum,NA,NA,NA,KF992413,NA,NA,NA,NA,unjoined,shennequinr221,Evolutionary patterns in the assembly of fern diversity on the,FALSE
Adiantum_rhizophytum,MH019400,NA,NA,MH019626,NA,NA,NA,NA,voucher,spffiaschi3568,NA,FALSE
Adiantum_roborowskii,JF937242,JF935366,NA,MH019627,JF980560,JF980560,JF980643,NA,monophy,NA,NA,FALSE
Adiantum_ruizianum,KX524400,NA,NA,KX524196,NA,NA,NA,NA,voucher,werff16812,NA,FALSE
Adiantum_scalare,MH019402,MN781259,NA,MH019629,NA,NA,NA,NA,monophy,NA,NA,FALSE
Adiantum_schweinfurthii,MH019403,NA,NA,MH019630,NA,NA,NA,NA,voucher,mogereau5966,NA,FALSE
Adiantum_seemannii,MH019404,NA,NA,KJ628595,NA,NA,NA,NA,monophy,NA,NA,FALSE
Adiantum_sericeum,NA,NA,NA,MH019632,NA,NA,NA,NA,unjoined,uclbsmith3254,A worldwide phylogeny of Adiantum (Pteridaceae) reveals remarkable,FALSE
Adiantum_serratodentatum,MH019405,NA,NA,MH019633,NA,NA,NA,NA,monophy,NA,NA,FALSE
Adiantum_shastense,NA,NA,NA,NA,NA,NA,NA,MG432483,NA,NA,NA,FALSE
Adiantum_shepherdii,KX524402,NA,NA,KX524198,NA,NA,NA,NA,voucher,matuda31053,NA,FALSE
Adiantum_silvaticum,NA,NA,NA,NA,NA,NA,LC004396,NA,unjoined,NA,NA,FALSE
Adiantum_soboliferum,MH019407,NA,KJ605552,MH019602,KT427353,KT427353,PP561844,NA,monophy,NA,NA,FALSE
Adiantum_stenochlamys,MH019408,NA,NA,MH019636,NA,NA,NA,NA,voucher,dukeschuettpelz900a,NA,FALSE
Adiantum_subcordatum,KU147248,NA,NA,KU147277,NA,NA,NA,NA,monophy,NA,NA,FALSE
Adiantum_subvolubile,NA,NA,NA,OQ392341,NA,NA,NA,NA,unjoined,peru170462,Flora diversity survey and establishment of a plant DNA barcode,FALSE
Adiantum_sulphureum,KX524383,NA,NA,KX524178,NA,NA,NA,NA,voucher,gardner8454,NA,FALSE
Adiantum_taiwanianum,JF937260,JF935386,NA,MH019637,KT427348,KT427348,JF980654,NA,monophy,NA,NA,FALSE
Adiantum_tenerum,NA,NA,NA,NA,NA,NA,NA,PV121154,NA,NA,NA,FALSE
Adiantum_terminatum,MH019410,NA,NA,MH019638,NA,NA,NA,NA,voucher,ucboudrie3933,NA,FALSE
Adiantum_tetraphyllum,EF452073,EF452015,NA,EF452135,NA,NA,NA,NA,voucher,huiet105,NA,FALSE
Adiantum_thongthamii,MH019411,NA,NA,MH019639,NA,NA,NA,NA,voucher,qbgsuksathan3303,NA,FALSE
Adiantum_tinctum,KX524386,NA,NA,KX524182,NA,NA,NA,NA,monophy,NA,NA,FALSE
Adiantum_tomentosum,MH019412,MN781255,NA,MH019640,MN781355,MN781355,NA,NA,monophy,NA,NA,FALSE
Adiantum_tracyi,MH019413,NA,NA,MH019641,NA,NA,NA,NA,voucher,ucsmithsn,NA,FALSE
Adiantum_trapeziforme,MH019414,NA,NA,MH019642,NA,NA,NA,NA,voucher,dukerothfels2650,NA,FALSE
Adiantum_tricholepis,NA,NA,NA,NA,NA,NA,NA,MH173071,NA,NA,NA,FALSE
Adiantum_tuomistoanum,NA,NA,NA,KJ628610,NA,NA,NA,NA,unjoined,NA,Phylogenetic relatedness within neotropical fern communities,FALSE
Adiantum_urophyllum,MH019415,NA,NA,MH019643,NA,NA,NA,NA,voucher,mocroat99951,NA,FALSE
Adiantum_variopinnatum,NA,NA,NA,MZ272321,NA,NA,MZ272269,NA,voucher,maprgrafals094,NA,FALSE
Adiantum_venustum,JF937275,JF935402,NA,JF935321,JF980585,JF980585,NA,NA,voucher,jmlu215,NA,FALSE
Adiantum_villosissimum,MH019417,NA,NA,MH019646,NA,NA,NA,NA,voucher,nymoran7633,NA,FALSE
Adiantum_villosum,MH019418,NA,NA,MH019647,NA,NA,NA,NA,voucher,uchuiet108,NA,FALSE
Adiantum_viridescens,JF937309,JF935436,NA,JF935354,JF980620,JF980620,JF980699,NA,voucher,jwen10783,NA,FALSE
Adiantum_viridimontanum,JF937302,JF935429,NA,JF935347,JF980613,JF980613,JF980692,NA,voucher,paris856,NA,FALSE
Adiantum_vogelii,MH019419,NA,NA,MH019648,NA,NA,NA,NA,voucher,ucschmidt2216,NA,FALSE
Adiantum_wattii,JF937244,JF935368,NA,JF935291,JF980553,JF980553,JF980637,NA,voucher,jmlu222,NA,FALSE
Adiantum_wilesianum,MH019421,NA,NA,MH019650,NA,NA,NA,NA,voucher,uccowan4691,NA,FALSE
Adiantum_wilsonii,MH019422,NA,NA,MH019651,NA,NA,NA,NA,voucher,movanderwerff22298,NA,FALSE
Adiantum_windischii,NA,NA,NA,KJ628617,NA,NA,NA,NA,unjoined,NA,Phylogenetic relatedness within neotropical fern communities,FALSE
Aenigmatogrammitis_stenophylla,NA,JX499239,NA,PV011902,PV011935,PV011935,PV011925,NA,monophy,NA,NA,FALSE
Alansmia_cultrata,NA,GU376476,NA,GU376496,NA,JN654943,JN654969,NA,voucher,sundue1214,NA,FALSE
Alansmia_elastica,NA,KY711748,NA,KY711922,NA,KY712249,KY711575,NA,voucher,hennequin339,NA,FALSE
Alansmia_heteromorpha,NA,NA,NA,KM218803,NA,NA,NA,NA,unjoined,sundue2609,Global phylogeny and biogeography of grammitid ferns,FALSE
Alansmia_lanigera,NA,GU476809,NA,GU476844,NA,NA,GU476718,NA,voucher,bleon3647,NA,FALSE
Alansmia_senilis,NA,GU376474,NA,GU376498,NA,JN654941,JN654967,NA,voucher,sundue1156,NA,FALSE
Alansmia_smithii,NA,NA,NA,MK319096,NA,NA,MK318994,NA,voucher,evanslellingerbowes34,NA,FALSE
Alansmia_stella,NA,GU376473,NA,GU376499,NA,JN654939,JN654965,NA,voucher,sundue1083,NA,FALSE
Alansmia_turrialbae,NA,GU376472,NA,GU376497,NA,JN654944,JN654970,NA,voucher,sundue1765,NA,FALSE
Aleuritopteris_acrostica,PQ417637,NA,NA,PQ417500,NA,NA,NA,NA,voucher,stevens25959,NA,FALSE
Aleuritopteris_albofusca,NA,NA,NA,NA,NA,NA,NA,ON693572,NA,NA,NA,FALSE
Aleuritopteris_albomarginata,NA,NA,NA,NA,NA,NA,NA,OP734313,NA,NA,NA,FALSE
Aleuritopteris_anceps,NA,NA,NA,NA,NA,NA,NA,ON645196,NA,NA,NA,FALSE
Aleuritopteris_argentea,NA,NA,NA,NA,NA,NA,NA,ON677464,NA,NA,NA,FALSE
Aleuritopteris_belangeri,PQ417638,NA,NA,PQ417501,NA,NA,NA,NA,monophy,NA,NA,FALSE
Aleuritopteris_bicolor,PQ417538,NA,NA,PQ417421,NA,NA,NA,NA,monophy,NA,NA,FALSE
Aleuritopteris_bullosa,PQ417539,NA,NA,PQ417422,NA,NA,NA,NA,voucher,fraserjenkinsfn17,NA,FALSE
Aleuritopteris_chinensis,PQ417639,NA,KP050479,JQ855929,KP126991,KP126991,DQ432679,NA,monophy,NA,NA,FALSE
Aleuritopteris_chrysophylla,PQ417540,NA,KP031646,PQ417423,NA,NA,KP085526,NA,monophy,NA,NA,FALSE
Aleuritopteris_chusana,PQ417640,NA,NA,PQ417502,NA,NA,NA,NA,voucher,zhang632,NA,FALSE
Aleuritopteris_coriacea,PQ417641,NA,NA,PQ417503,NA,NA,NA,NA,voucher,gastonysn,NA,FALSE
Aleuritopteris_dealbata,PQ417541,NA,NA,PQ417424,NA,NA,NA,NA,voucher,yatskievych09070,NA,FALSE
Aleuritopteris_dubia,PQ417542,NA,NA,PQ417425,NA,NA,NA,NA,voucher,yatskievych0959,NA,FALSE
Aleuritopteris_duclouxii,NA,NA,NA,NA,NA,NA,NA,ON693575,NA,NA,NA,FALSE
Aleuritopteris_duthiei,PQ417544,NA,NA,PQ417427,NA,NA,NA,NA,voucher,fraserjenkins31626,NA,FALSE
Aleuritopteris_ebenipes,NA,NA,NA,NA,NA,NA,NA,ON693564,NA,NA,NA,FALSE
Aleuritopteris_elegans,NA,NA,KP050481,KP126966,KP126993,KP126993,NA,NA,voucher,dong747,NA,FALSE
Aleuritopteris_fallax,MK632501,NA,NA,MK632713,NA,NA,NA,NA,voucher,indyatskievychgastony89207,NA,FALSE
Aleuritopteris_farinosa,PQ417552,NA,NA,PQ417435,NA,NA,NA,NA,voucher,yatskievych07101,NA,FALSE
Aleuritopteris_formosana,NA,NA,NA,NA,NA,NA,NA,OP750450,NA,NA,NA,FALSE
Aleuritopteris_fragilis,NA,NA,KP050483,KP126967,KP126995,KP126995,NA,NA,voucher,tbrp519,NA,FALSE
Aleuritopteris_gongshanensis,NA,NA,NA,NA,NA,NA,NA,OP750451,NA,NA,NA,FALSE
Aleuritopteris_grevilleoides,NA,NA,NA,NA,NA,NA,NA,ON693574,NA,NA,NA,FALSE
Aleuritopteris_grisea,NA,NA,NA,NA,NA,NA,NA,ON693566,NA,NA,NA,FALSE
Aleuritopteris_guanchica,GU935459,NA,NA,GU935504,GU935525,GU935525,GU935580,NA,voucher,weiserhardtand21,NA,FALSE
Aleuritopteris_hainanensis,NA,NA,NA,NA,NA,NA,NA,PX841687,NA,NA,NA,FALSE
Aleuritopteris_hancockii,NA,NA,KP050480,DQ432649,KP126992,KP126992,DQ432674,NA,monophy,NA,NA,FALSE
Aleuritopteris_insignis,NA,NA,NA,AY266413,NA,NA,NA,NA,unjoined,NA,Phylogeny of cryptogrammoid ferns and related taxa based on rbcL,FALSE
Aleuritopteris_intramarginalis,PQ417634,NA,NA,MH170427,NA,NA,NA,NA,voucher,steinmann2549,NA,FALSE
Aleuritopteris_krameri,PQ417550,NA,NA,PQ417433,NA,NA,NA,NA,voucher,schuettpelz1062a,NA,FALSE
Aleuritopteris_kuhnii,NA,NA,NA,NA,NA,NA,NA,ON693567,NA,NA,NA,FALSE
Aleuritopteris_leptolepis,PQ417551,NA,KP031666,PQ417434,KP126981,KP126981,DQ432673,NA,monophy,NA,NA,FALSE
Aleuritopteris_likiangensis,NA,NA,NA,NA,NA,NA,NA,ON693568,NA,NA,NA,FALSE
Aleuritopteris_mairei,NA,NA,NA,KP085560,KP085569,KP085569,KP085532,NA,voucher,2013082904,NA,FALSE
Aleuritopteris_niphobola,NA,NA,NA,NA,NA,NA,NA,ON693569,NA,NA,NA,FALSE
Aleuritopteris_nitidula,EF452085,EF452025,NA,EF452146,NA,NA,NA,NA,voucher,schneidersn,NA,FALSE
Aleuritopteris_papuana,NA,NA,NA,PQ417436,NA,NA,NA,NA,unjoined,johns9463,A phylogenetically-informed generic reclassification of the,FALSE
Aleuritopteris_parishii,PQ417553,NA,NA,PQ417437,NA,NA,NA,NA,voucher,fraserjenkins32114,NA,FALSE
Aleuritopteris_patula,NA,NA,KP050478,KP085557,KP126990,KP126990,DQ432663,NA,monophy,NA,NA,FALSE
Aleuritopteris_paupercula,NA,NA,KP031661,KP085554,KP085564,KP085564,DQ432664,NA,monophy,NA,NA,FALSE
Aleuritopteris_persica,PQ417645,NA,NA,PQ417507,NA,NA,NA,NA,voucher,kurbanov993,NA,FALSE
Aleuritopteris_pteridioides,PQ417646,NA,NA,PQ417508,NA,NA,NA,NA,voucher,gastony904,NA,FALSE
Aleuritopteris_pulchella,NA,NA,NA,GU935503,NA,NA,NA,NA,unjoined,NA,Evidence for radiations of cheilanthoid ferns in the Greater Cape,FALSE
Aleuritopteris_qiaojiaensis,MZ333209,MZ333210,NA,MZ333213,NA,MZ348360,MZ348362,NA,monophy,NA,NA,FALSE
Aleuritopteris_rosulata,PQ417554,NA,NA,PQ417438,NA,NA,NA,NA,voucher,zhang263,NA,FALSE
Aleuritopteris_rufa,NA,NA,NA,NA,NA,NA,NA,OP750452,NA,NA,NA,FALSE
Aleuritopteris_scioana,MK632502,NA,NA,PQ417440,NA,NA,NA,NA,monophy,NA,NA,FALSE
Aleuritopteris_smithii,NA,NA,KP031662,KP126963,KP085565,KP085565,KP085527,NA,voucher,m2012072003,NA,FALSE
Aleuritopteris_squamosa,NA,NA,NA,NA,NA,NA,NA,PX841686,NA,NA,NA,FALSE
Aleuritopteris_straminea,NA,NA,NA,KP085559,KP085568,KP085568,KP085528,NA,voucher,m2012071807,NA,FALSE
Aleuritopteris_subargentea,NA,NA,NA,NA,NA,NA,NA,ON693571,NA,NA,NA,FALSE
Aleuritopteris_subdimorpha,PQ417559,NA,NA,PQ417443,NA,NA,NA,NA,monophy,NA,NA,FALSE
Aleuritopteris_subvillosa,NA,NA,NA,NA,NA,NA,NA,ON693577,NA,NA,NA,FALSE
Aleuritopteris_tamburii,NA,NA,NA,NA,NA,NA,NA,ON693578,NA,NA,NA,FALSE
Aleuritopteris_tinaei,NA,NA,NA,NA,NA,NA,PQ138761,NA,unjoined,NA,NA,FALSE
Aleuritopteris_trichophylla,NA,NA,NA,KP085556,KP085567,KP085567,DQ432661,NA,monophy,NA,NA,FALSE
Aleuritopteris_veitchii,NA,NA,KP031654,KP126959,KP126973,KP126973,KP085523,NA,voucher,m2012070708,NA,FALSE
Aleuritopteris_welwitschii,PQ417562,NA,NA,PQ417446,NA,NA,NA,NA,voucher,chapman7050,NA,FALSE
Alsophila_abbottii,NA,NA,NA,NA,NA,NA,MN155369,NA,unjoined,NA,NA,FALSE
Alsophila_acutula,NA,NA,NA,AM495725,NA,NA,AM689621,NA,voucher,janssen2849,NA,FALSE
Alsophila_albidosquamata,NA,NA,NA,NA,NA,NA,MN155371,NA,unjoined,NA,NA,FALSE
Alsophila_alta,NA,NA,NA,KP338009,NA,NA,NA,NA,unjoined,wade3435,Biogeography of south-east Asian tree ferns (Cyathaceae),FALSE
Alsophila_apoensis,NA,NA,NA,NA,NA,NA,MN155374,NA,unjoined,NA,NA,FALSE
Alsophila_appendiculata,NA,NA,NA,AM495728,NA,NA,AM689624,NA,voucher,janssen2764,NA,FALSE
Alsophila_approximata,NA,NA,NA,AM495729,NA,NA,AM689625,NA,voucher,janssen2449,NA,FALSE
Alsophila_archboldii,NA,NA,NA,KP338007,NA,NA,NA,NA,unjoined,wade3388,Biogeography of south-east Asian tree ferns (Cyathaceae),FALSE
Alsophila_auriculata,NA,NA,NA,AM495730,NA,NA,AM689626,NA,voucher,janssen2508,NA,FALSE
Alsophila_australis,NA,NA,NA,AM177319,NA,NA,AM410314,NA,voucher,shirley09,NA,FALSE
Alsophila_bellisquamata,NA,NA,NA,AM495733,NA,NA,AM689629,NA,voucher,rakotondrainibe6388,NA,FALSE
Alsophila_borbonica,NA,NA,NA,AM495742,NA,NA,AM689638,NA,voucher,janssen2697,NA,FALSE
Alsophila_borneensis,NA,NA,NA,KP337949,NA,NA,NA,NA,unjoined,korall200665,Biogeography of south-east Asian tree ferns (Cyathaceae),FALSE
Alsophila_brevipinna,NA,NA,NA,JF950805,NA,NA,JF950907,NA,voucher,nswpapadopulosap785,NA,FALSE
Alsophila_brooksii,NA,NA,NA,NA,NA,NA,MN155376,NA,unjoined,NA,NA,FALSE
Alsophila_bryophila,AM176420,AM176581,NA,AM177320,AM176476,AM176476,NA,NA,voucher,conant4322,NA,FALSE
Alsophila_camerooniana,NA,NA,NA,NA,NA,NA,MN155378,NA,unjoined,NA,NA,FALSE
Alsophila_catillifera,NA,NA,NA,NA,NA,NA,MN155379,NA,unjoined,NA,NA,FALSE
Alsophila_celsa,NA,NA,NA,AM495765,NA,NA,AM689663,NA,voucher,janssen2730,NA,FALSE
Alsophila_cinerea,NA,NA,NA,PP559947,NA,NA,NA,NA,unjoined,taifwade3893,A DNA barcode reference of Asian ferns with expert-identified,FALSE
Alsophila_coactilis,NA,NA,NA,AM410205,NA,NA,AM410336,NA,voucher,conant4589,NA,FALSE
Alsophila_colensoi,AM176422,AM176583,NA,AM177322,AM176478,AM176478,AM410318,NA,monophy,NA,NA,FALSE
Alsophila_conantiana,NA,NA,NA,NA,NA,NA,MN155391,NA,unjoined,NA,NA,FALSE
Alsophila_costalisora,NA,NA,NA,NA,NA,NA,MN155392,NA,unjoined,NA,NA,FALSE
Alsophila_costularis,NA,NA,NA,NA,NA,NA,NA,MH684489,NA,NA,NA,FALSE
Alsophila_cunninghamii,NA,NA,NA,AM410211,NA,NA,AM410339,NA,voucher,shirley06,NA,FALSE
Alsophila_cuspidata,AM176423,AM176584,NA,AM177323,AM176479,AM176479,NA,NA,voucher,conant4427,NA,FALSE
Alsophila_decrescens,NA,NA,NA,NA,NA,NA,AM689651,NA,unjoined,NA,NA,FALSE
Alsophila_dicksonioides,NA,NA,NA,KP337963,NA,NA,NA,NA,unjoined,rdhooglandrschodde7506,Biogeography of south-east Asian tree ferns (Cyathaceae),FALSE
Alsophila_dregei,EF463630,EF463360,NA,AM410194,NA,NA,AM410315,NA,voucher,shirley13,NA,FALSE
Alsophila_dryopteroides,NA,NA,NA,NA,NA,NA,MN155373,NA,unjoined,NA,NA,FALSE
Alsophila_edanoi,NA,NA,NA,NA,NA,NA,MN155397,NA,unjoined,NA,NA,FALSE
Alsophila_emilei,NA,NA,NA,AM495763,NA,NA,AM689661,NA,voucher,janssen2611,NA,FALSE
Alsophila_engelii,NA,NA,NA,NA,NA,NA,MN155399,NA,unjoined,NA,NA,FALSE
Alsophila_erinacea,NA,NA,NA,MW138272,NA,NA,MN155401,NA,monophy,NA,NA,FALSE
Alsophila_esmeraldensis,NA,NA,NA,NA,NA,NA,MN155402,NA,unjoined,NA,NA,FALSE
Alsophila_everta,NA,NA,NA,NA,NA,NA,MN155403,NA,unjoined,NA,NA,FALSE
Alsophila_exilis,NA,NA,NA,NA,NA,NA,MN155404,NA,unjoined,NA,NA,FALSE
Alsophila_fenicis,NA,NA,NA,PP559865,NA,NA,PP562000,NA,voucher,taifwade1249,NA,FALSE
Alsophila_ferdinandii,NA,NA,NA,AM410204,NA,NA,AM410335,NA,voucher,conant4666,NA,FALSE
Alsophila_firma,NA,NA,NA,MW138143,NA,NA,NA,NA,unjoined,jhnitta888,A taxonomic and molecular survey of the pteridophytes of the,FALSE
Alsophila_foersteri,AM176424,AM176585,NA,AM177324,AM176480,AM176480,AM410324,NA,voucher,conant4646,NA,FALSE
Alsophila_fulgens,NA,NA,NA,NA,NA,NA,MN155406,NA,unjoined,NA,NA,FALSE
Alsophila_geluensis,NA,NA,NA,KP337957,NA,NA,NA,NA,unjoined,conant4660,Biogeography of south-east Asian tree ferns (Cyathaceae),FALSE
Alsophila_gigantea,NA,NA,NA,NA,NA,NA,NA,MH603068,NA,NA,NA,FALSE
Alsophila_grangaudiana,NA,NA,NA,AM495774,NA,NA,AM689672,NA,voucher,janssen2742,NA,FALSE
Alsophila_havilandii,NA,NA,NA,AM410189,NA,NA,NA,NA,unjoined,conant4694,A molecular phylogeny of scaly tree ferns (Cyatheaceae),FALSE
Alsophila_hebes,NA,NA,NA,AM495804,NA,NA,AM689703,NA,voucher,janssen2487,NA,FALSE
Alsophila_hildebrandtii,NA,NA,NA,AM495775,NA,NA,AM689673,NA,voucher,rakotondrainibe6612,NA,FALSE
Alsophila_hooglandii,AM176425,AM176586,NA,AM177325,AM176481,AM176481,AM410306,NA,voucher,conant4650,NA,FALSE
Alsophila_hookeri,NA,NA,NA,AM495777,NA,NA,AM689675,NA,voucher,janssen3022,NA,FALSE
Alsophila_humilis,NA,NA,NA,AM495778,NA,NA,AM689676,NA,voucher,janssen2644,NA,FALSE
Alsophila_hyacinthei,NA,NA,NA,AM495751,NA,NA,AM689647,NA,voucher,janssen2565,NA,FALSE
Alsophila_hymenodes,NA,NA,NA,KP337946,NA,NA,NA,NA,unjoined,korall200642,Biogeography of south-east Asian tree ferns (Cyathaceae),FALSE
Alsophila_imrayana,NA,NA,NA,AM410202,NA,NA,AM410329,NA,voucher,conant4466,NA,FALSE
Alsophila_incana,NA,NA,NA,NA,NA,NA,MN155415,NA,unjoined,NA,NA,FALSE
Alsophila_ivohibensis,NA,NA,NA,AM495780,NA,NA,AM689678,NA,voucher,janssen2790,NA,FALSE
Alsophila_katoi,NA,NA,NA,NA,NA,NA,MN155416,NA,unjoined,NA,NA,FALSE
Alsophila_kermadecensis,NA,NA,NA,KR153993,NA,NA,KR153995,NA,voucher,weltp027384,NA,FALSE
Alsophila_kirkii,NA,NA,NA,AM495781,NA,NA,AM689679,NA,voucher,rakotondrainibe6751,NA,FALSE
Alsophila_klossii,NA,EU352271,NA,EU352299,NA,NA,NA,NA,voucher,johns9728,NA,FALSE
Alsophila_lastii,NA,NA,NA,AM495782,NA,NA,AM689680,NA,voucher,janssen2430,NA,FALSE
Alsophila_latebrosa,NA,NA,NA,NA,NA,NA,AY142472,NA,unjoined,NA,NA,FALSE
Alsophila_ligulata,NA,NA,NA,AM495783,NA,NA,AM689681,NA,voucher,janssen2494,NA,FALSE
Alsophila_loheri,NA,NA,NA,KY858719,NA,NA,KY858888,NA,voucher,wade3833,NA,FALSE
Alsophila_longipinnata,NA,NA,NA,AM495785,NA,NA,AM689683,NA,voucher,janssen2509,NA,FALSE
Alsophila_longispina,NA,NA,NA,AM495801,NA,NA,AM689700,NA,voucher,janssen2916,NA,FALSE
Alsophila_macgillivrayi,NA,NA,NA,NA,NA,NA,MN155421,NA,unjoined,NA,NA,FALSE
Alsophila_macgregorii,NA,NA,NA,KP337964,NA,NA,NA,NA,unjoined,sands1733,Biogeography of south-east Asian tree ferns (Cyathaceae),FALSE
Alsophila_manniana,NA,NA,NA,AM495787,NA,NA,MN155424,NA,monophy,NA,NA,FALSE
Alsophila_marattioides,NA,NA,NA,AM495788,NA,NA,AM689686,NA,voucher,janssen2484,NA,FALSE
Alsophila_marcescens,NA,NA,NA,NA,NA,NA,MN155463,NA,unjoined,NA,NA,FALSE
Alsophila_matitanensis,NA,NA,NA,AM495786,NA,NA,AM689684,NA,voucher,janssen2829,NA,FALSE
Alsophila_media,NA,NA,NA,KP337968,NA,NA,NA,NA,unjoined,croft1205,Biogeography of south-east Asian tree ferns (Cyathaceae),FALSE
Alsophila_melleri,NA,NA,NA,AM495790,NA,NA,AM689688,NA,voucher,janssen2789,NA,FALSE
Alsophila_meridionalis,NA,NA,NA,AM495796,NA,NA,AM689695,NA,voucher,janssen2603,NA,FALSE
Alsophila_micra,NA,NA,NA,NA,NA,NA,MN155426,NA,unjoined,NA,NA,FALSE
Alsophila_microphylloides,NA,NA,NA,KP337953,NA,NA,MN155428,NA,monophy,NA,NA,FALSE
Alsophila_milnei,NA,NA,NA,KR153992,NA,NA,KR153994,NA,voucher,weltp027383,NA,FALSE
Alsophila_minor,NA,NA,NA,NA,NA,NA,MN155429,NA,unjoined,NA,NA,FALSE
Alsophila_mostellaria,NA,NA,NA,NA,NA,NA,MN155430,NA,unjoined,NA,NA,FALSE
Alsophila_muelleri,NA,NA,NA,NA,NA,NA,MN155431,NA,unjoined,NA,NA,FALSE
Alsophila_nigrolineata,NA,NA,NA,AM410206,NA,NA,AM410337,NA,voucher,conant4636,NA,FALSE
Alsophila_nilgirensis,NA,NA,NA,NA,NA,NA,NA,MW620065,NA,NA,NA,FALSE
Alsophila_odonelliana,NA,NA,NA,NA,NA,NA,MN155433,NA,unjoined,NA,NA,FALSE
Alsophila_oosora,NA,NA,NA,AM410209,NA,NA,NA,NA,unjoined,conant4695,A molecular phylogeny of scaly tree ferns (Cyatheaceae),FALSE
Alsophila_orientalis,NA,NA,NA,NA,NA,NA,MN155435,NA,unjoined,NA,NA,FALSE
Alsophila_pachyrrhachis,NA,NA,NA,AM410186,NA,NA,AM410305,NA,voucher,conant4595,NA,FALSE
Alsophila_paucifolia,NA,NA,NA,NA,NA,NA,MN155436,NA,unjoined,NA,NA,FALSE
Alsophila_percrassa,NA,NA,NA,KP337969,NA,NA,NA,NA,unjoined,rdhooglandrschodde7207,Biogeography of south-east Asian tree ferns (Cyathaceae),FALSE
Alsophila_perpelvigera,NA,NA,NA,NA,NA,NA,MN155439,NA,unjoined,NA,NA,FALSE
Alsophila_perrieriana,NA,NA,NA,AM495791,NA,NA,AM689689,NA,voucher,janssen2503,NA,FALSE
Alsophila_physolepidota,NA,NA,NA,NA,NA,NA,MN155440,NA,unjoined,NA,NA,FALSE
Alsophila_polystichoides,NA,NA,NA,MW138172,NA,NA,NA,NA,unjoined,jhnitta844,A taxonomic and molecular survey of the pteridophytes of the,FALSE
Alsophila_portoricensis,NA,NA,NA,KJ082116,NA,NA,NA,NA,unjoined,0118735341,A molecular phylogeny for the trees of Puerto Rico,FALSE
Alsophila_pruinosa,NA,NA,NA,KP337952,NA,NA,NA,NA,unjoined,conant4587,Biogeography of south-east Asian tree ferns (Cyathaceae),FALSE
Alsophila_pycnoneura,NA,NA,NA,NA,NA,NA,MN155443,NA,unjoined,NA,NA,FALSE
Alsophila_quadrata,NA,NA,NA,AM495757,NA,NA,AM689653,NA,voucher,janssen2583,NA,FALSE
Alsophila_rigens,NA,NA,NA,KP337954,NA,NA,NA,NA,unjoined,conant4615,Biogeography of south-east Asian tree ferns (Cyathaceae),FALSE
Alsophila_roroka,NA,NA,NA,NA,NA,NA,MN155444,NA,unjoined,NA,NA,FALSE
Alsophila_rubiginosa,NA,NA,NA,NA,NA,NA,MN155445,NA,unjoined,NA,NA,FALSE
Alsophila_saccata,NA,NA,NA,NA,NA,NA,MN155446,NA,unjoined,NA,NA,FALSE
Alsophila_semiamplectens,NA,NA,NA,NA,NA,NA,MN155447,NA,unjoined,NA,NA,FALSE
Alsophila_serratifolia,NA,NA,NA,AM495793,NA,NA,AM689692,NA,voucher,janssen2537,NA,FALSE
Alsophila_setosa,NA,NA,NA,NA,NA,NA,MN155449,NA,unjoined,NA,NA,FALSE
Alsophila_setulosa,NA,NA,NA,PP560649,NA,NA,NA,NA,unjoined,taifliu9890,A DNA barcode reference of Asian ferns with expert-identified,FALSE
Alsophila_similis,NA,NA,NA,AM495794,NA,NA,AM689693,NA,voucher,janssen2576,NA,FALSE
Alsophila_simulans,NA,NA,NA,AM495784,NA,NA,AM689682,NA,voucher,janssen2802,NA,FALSE
Alsophila_sinuata,NA,NA,NA,AM495795,NA,NA,AM689694,NA,voucher,janssen3021,NA,FALSE
Alsophila_smithii,NA,NA,NA,AM410210,NA,NA,AM410338,NA,monophy,NA,NA,FALSE
Alsophila_solomonensis,NA,NA,NA,KP338002,NA,NA,NA,NA,unjoined,wade2959,Biogeography of south-east Asian tree ferns (Cyathaceae),FALSE
Alsophila_spinulosa,NA,NA,NA,NA,NA,NA,NA,FJ556581,NA,NA,NA,FALSE
Alsophila_stelligera,EF463635,EF463362,NA,AM410198,NA,NA,AM410325,NA,voucher,pintaud411,NA,FALSE
Alsophila_sternbergii,NA,NA,NA,MG718038,NA,NA,NA,NA,unjoined,NA,Can plant DNA barcoding be implemented in species-rich tropical,FALSE
Alsophila_sumatrana,NA,NA,NA,NA,NA,NA,MN155454,NA,unjoined,NA,NA,FALSE
Alsophila_sundueana,NA,NA,NA,NA,NA,NA,MN155455,NA,unjoined,NA,NA,FALSE
Alsophila_tahitensis,NA,NA,NA,KY099749,NA,NA,NA,NA,unjoined,nitta611,Life cycle matters: DNA barcoding reveals contrasting community,FALSE
Alsophila_tanzaniana,NA,NA,NA,AM495792,NA,NA,AM689690,NA,voucher,janssen2651,NA,FALSE
Alsophila_tricolor,NA,NA,NA,AM410199,NA,NA,AM410326,NA,voucher,shirley05,NA,FALSE
Alsophila_tryoniana,NA,KX395702,NA,KY684770,NA,NA,MN155456,NA,monophy,NA,NA,FALSE
Alsophila_tuyamae,NA,NA,NA,AB574757,NA,NA,NA,NA,unjoined,NA,Molecular species identification with rich floristic sampling: DNA,FALSE
Alsophila_urbanii,NA,NA,NA,NA,NA,NA,MN155457,NA,unjoined,NA,NA,FALSE
Alsophila_valdesquamata,NA,NA,NA,AM495800,NA,NA,NA,NA,unjoined,janssen2907,"Neoendemism in Madagascan scaly tree ferns results from recent,",FALSE
Alsophila_vieillardii,NA,NA,NA,KP337961,NA,NA,MN155458,NA,voucher,pintaud412,NA,FALSE
Alsophila_viguieri,NA,NA,NA,AM495803,NA,NA,AM689702,NA,voucher,janssen2575,NA,FALSE
Alsophila_walkerae,NA,NA,NA,AM495805,NA,NA,AM689704,NA,voucher,janssen3024,NA,FALSE
Alsophila_weidenbrueckii,NA,NA,NA,NA,NA,NA,MN155460,NA,unjoined,NA,NA,FALSE
Alsophila_wengiensis,NA,NA,NA,KP337956,NA,NA,NA,NA,unjoined,conant4647,Biogeography of south-east Asian tree ferns (Cyathaceae),FALSE
Alsophila_woodwardioides,NA,NA,NA,KY684771,NA,NA,NA,NA,unjoined,gastony21,Increased rates of molecular evolution are associated with smaller,FALSE
Alsophila_woollsiana,NA,NA,NA,KP337979,NA,NA,NA,NA,unjoined,phind6179jholland,Biogeography of south-east Asian tree ferns (Cyathaceae),FALSE
Amauropelta_amambayensis,NA,NA,NA,NA,KT805073,KT805073,KT804997,NA,manual,NA,NA,FALSE
Amauropelta_amphioxypteris,NA,NA,NA,NA,MG818257,MG818257,MG818278,NA,voucher,mscalvarezfuentesal608,NA,FALSE
Amauropelta_angustifrons,NA,NA,NA,PP560905,NA,NA,PP561852,NA,voucher,taiflu26519,NA,FALSE
Amauropelta_atrovirens,NA,NA,NA,MT657442,NA,NA,NA,NA,unjoined,jnitta2237,Biogeography of Pacific pteridophytes in a global context,FALSE
Amauropelta_balbisii,NA,NA,NA,NA,MG818259,MG818259,MG818280,NA,voucher,mscalvarezfuentesal527,NA,FALSE
Amauropelta_basisceletica,NA,NA,NA,NA,MG818249,MG818249,MG818272,NA,voucher,mscsanchezal82028,NA,FALSE
Amauropelta_beddomei,NA,NA,NA,NA,NA,NA,NA,MT130660,NA,NA,NA,FALSE
Amauropelta_bergiana,NA,NA,NA,KF992414,KT805074,KT805074,KT804998,NA,manual,NA,NA,FALSE
Amauropelta_burkartii,NA,NA,NA,NA,KT805075,KT805075,KT804999,NA,manual,NA,NA,FALSE
Amauropelta_cheilanthoides,NA,NA,NA,NA,KT805076,KT805076,KT805000,NA,manual,NA,NA,FALSE
Amauropelta_consanguinea,EF463879,EF463539,NA,EF463283,NA,NA,NA,NA,manual,NA,NA,FALSE
Amauropelta_corazonensis,NA,NA,NA,NA,MG818253,MG818253,NA,NA,voucher,mscalvarezfuentesal600,NA,FALSE
Amauropelta_cruciata,NA,NA,NA,MG800661,NA,NA,NA,NA,unjoined,elizabethjimenez118,Flora of Florida,FALSE
Amauropelta_cystopteroides,NA,NA,NA,AB575015,NA,NA,NA,NA,manual,NA,NA,FALSE
Amauropelta_decurtata,NA,NA,NA,NA,KT805077,KT805077,KT805001,NA,manual,NA,NA,FALSE
Amauropelta_diplazioides,EF463886,EF463546,NA,EF463290,NA,NA,NA,NA,manual,NA,NA,FALSE
Amauropelta_eriosorus,NA,NA,NA,NA,KT805078,KT805078,KT805002,NA,manual,NA,NA,FALSE
Amauropelta_firma,NA,NA,NA,NA,MG818251,MG818251,NA,NA,voucher,mscalvarezfuentesal556,NA,FALSE
Amauropelta_germaniana,NA,NA,NA,NA,MG818261,MG818262,MG818283,NA,monophy,NA,NA,FALSE
Amauropelta_glanduligera,NA,NA,NA,JN572356,JN572194,JN572194,NA,NA,manual,NA,NA,FALSE
Amauropelta_glandulosolanosa,NA,NA,NA,NA,MG818250,MG818250,MG818273,NA,voucher,mscalvarezfuentesal589,NA,FALSE
Amauropelta_globulifera,EF463883,EF463543,NA,EF463287,KT805079,KT805079,KT805003,NA,manual,NA,NA,FALSE
Amauropelta_gracilis,EF463884,EF463544,NA,EF463288,NA,NA,NA,NA,manual,NA,NA,FALSE
Amauropelta_heteroclita,NA,NA,NA,NA,MG818255,MG818255,MG818276,NA,voucher,mscalvarezfuentesal550,NA,FALSE
Amauropelta_heteroptera,NA,NA,NA,KF992415,KT805080,KT805080,KT805004,NA,manual,NA,NA,FALSE
Amauropelta_inabonensis,NA,NA,NA,NA,MG818263,MG818263,MG818284,NA,voucher,usaxelrodchavez4312,NA,FALSE
Amauropelta_juergensii,NA,NA,NA,NA,KT805081,KT805081,KT805005,NA,manual,NA,NA,FALSE
Amauropelta_miyagii,NA,NA,NA,AB575030,NA,NA,NA,NA,manual,NA,NA,FALSE
Amauropelta_nevadensis,NA,NA,NA,NA,AF425178,AF425178,AF425138,NA,manual,NA,NA,FALSE
Amauropelta_noveboracensis,KF186561,EF463549,NA,KF186531,JN572196,JN572196,NA,NA,manual,NA,NA,FALSE
Amauropelta_oaxacana,NA,NA,NA,MW138238,NA,NA,NA,NA,unjoined,jhnitta759,A taxonomic and molecular survey of the pteridophytes of the,FALSE
Amauropelta_oligocarpa,EF463890,EF463550,NA,EF463294,AF425162,AF425162,KT805006,NA,manual,NA,NA,FALSE
Amauropelta_opposita,NA,NA,NA,NA,MG818265,MG818265,MG818286,NA,voucher,mscknoblochsn17jul1985,NA,FALSE
Amauropelta_oppositiformis,NA,NA,NA,KF992416,KT805083,KT805083,KT805007,NA,manual,NA,NA,FALSE
Amauropelta_pachyrhachis,NA,NA,NA,NA,NA,NA,KT805008,NA,manual,NA,NA,FALSE
Amauropelta_patula,NA,NA,NA,NA,KT805084,KT805084,KT805009,NA,manual,NA,NA,FALSE
Amauropelta_pilosohispida,NA,NA,NA,OP711057,NA,NA,NA,NA,unjoined,canekledesma20432,NA,FALSE
Amauropelta_pilosula,NA,NA,NA,PV006859,NA,NA,NA,NA,unjoined,canekledesma20191,NA,FALSE
Amauropelta_ptarmica,NA,NA,NA,NA,KT805085,KT805085,KT805010,NA,manual,NA,NA,FALSE
Amauropelta_pusilla,NA,NA,NA,NA,NA,NA,MK112897,NA,manual,NA,NA,FALSE
Amauropelta_raddii,NA,NA,NA,NA,KT805086,KT805086,KT805011,NA,manual,NA,NA,FALSE
Amauropelta_regnelliana,NA,NA,NA,NA,KT805087,KT805087,KT805012,NA,manual,NA,NA,FALSE
Amauropelta_resinifera,NA,NA,NA,MW620265,NA,NA,NA,NA,unjoined,ericschuettpelz1621,NA,FALSE
Amauropelta_retusa,NA,NA,NA,NA,KT805088,KT805088,KT805013,NA,manual,NA,NA,FALSE
Amauropelta_rivularioides,NA,NA,NA,NA,KT805089,KT805089,KT805014,NA,manual,NA,NA,FALSE
Amauropelta_rosenstockii,NA,NA,NA,NA,MG818266,MG818266,MG818287,NA,voucher,mscalvarezfuentesal583,NA,FALSE
Amauropelta_rudis,NA,NA,NA,MW138269,NA,NA,NA,NA,unjoined,jhnitta712,A taxonomic and molecular survey of the pteridophytes of the,FALSE
Amauropelta_rufa,NA,NA,NA,NA,MG818267,MG818267,MG818288,NA,voucher,mscalvarezfuentesal584,NA,FALSE
Amauropelta_rustica,EF463895,EF463555,NA,EF463299,NA,NA,NA,NA,manual,NA,NA,FALSE
Amauropelta_salazica,NA,NA,NA,KF992417,KT805090,KT805090,KT805015,NA,manual,NA,NA,FALSE
Amauropelta_saxicola,NA,NA,NA,NA,KT805091,KT805091,KT805016,NA,manual,NA,NA,FALSE
Amauropelta_strigosa,NA,NA,NA,KF992418,NA,NA,NA,NA,manual,NA,NA,FALSE
Amauropelta_tomentosa,NA,NA,NA,KF992419,KT805092,KT805092,KT805017,NA,manual,NA,NA,FALSE
Amauropelta_villana,NA,NA,NA,MW138211,NA,NA,NA,NA,unjoined,jhnitta796,A taxonomic and molecular survey of the pteridophytes of the,FALSE
Amblovenatum_opulentum,EF463891,EF463551,NA,U05915,KT805093,KT805093,KT805018,NA,manual,NA,NA,FALSE
Amblovenatum_terminans,NA,NA,NA,JN572316,JN572157,JN572157,JN572233,NA,voucher,pe5509,NA,FALSE
Ampelopteris_prolifera,NA,NA,NA,NA,NA,NA,NA,MT130611,NA,NA,NA,FALSE
Ananthacorus_angustifolius,KU517449,NA,KX896837,U20932,NA,NA,PX667949,NA,monophy,NA,NA,FALSE
Anchistea_virginica,EF463623,EF463359,KX656061,AB040606,AF533857,AF533857,NA,NA,monophy,NA,NA,FALSE
Anemia_abbottii,NA,NA,NA,KT423808,NA,NA,NA,NA,unjoined,mejia23945,Molecular phylogeny and character evolution of Anemiaceae,FALSE
Anemia_adiantifolia,NA,NA,NA,NA,NA,NA,NA,PV764656,NA,NA,NA,FALSE
Anemia_affinis,NA,NA,NA,KT423812,NA,KT423684,KT423392,NA,voucher,breedlove17953,NA,FALSE
Anemia_afrorum,NA,NA,NA,AJ303399,NA,NA,NA,NA,unjoined,aborges130,Schizaeaceae: a phylogenetic approach,FALSE
Anemia_andersonii,NA,NA,NA,KT423813,NA,KT423747,KT423465,NA,voucher,labiakmickel5299,NA,FALSE
Anemia_angolensis,NA,NA,NA,AJ303427,NA,NA,NA,NA,unjoined,nkbrobson1651,Schizaeaceae: a phylogenetic approach,FALSE
Anemia_aspera,NA,NA,NA,KT423814,NA,NA,KT423389,NA,voucher,mynssen1344,NA,FALSE
Anemia_australis,NA,NA,NA,KT423815,NA,NA,KT423421,NA,voucher,nee49185,NA,FALSE
Anemia_blechnoides,NA,NA,NA,AJ303426,NA,NA,NA,NA,unjoined,dasilva1838,Schizaeaceae: a phylogenetic approach,FALSE
Anemia_buniifolia,NA,NA,NA,KT423816,NA,KT423738,KT423455,NA,voucher,labiakmickel5269,NA,FALSE
Anemia_cicutaria,NA,NA,NA,KT423819,NA,NA,NA,NA,unjoined,correl49361,Molecular phylogeny and character evolution of Anemiaceae,FALSE
Anemia_clinata,NA,NA,NA,KT423820,NA,NA,KT423386,NA,voucher,anderson9960,NA,FALSE
Anemia_colimensis,NA,NA,NA,NA,NA,NA,NA,PV764657,NA,NA,NA,FALSE
Anemia_collina,NA,NA,NA,NA,NA,NA,NA,PV764658,NA,NA,NA,FALSE
Anemia_delphinopolica,NA,NA,NA,NA,NA,NA,NA,PV764659,NA,NA,NA,FALSE
Anemia_dentata,NA,NA,NA,KT423826,NA,KT423785,KT423506,NA,voucher,salino5124,NA,FALSE
Anemia_dregeana,NA,NA,NA,NA,NA,NA,NA,PV764660,NA,NA,NA,FALSE
Anemia_elaphoglossoides,NA,NA,NA,KT423829,NA,KT423745,KT423463,NA,voucher,labiakmickel5293,NA,FALSE
Anemia_elegans,NA,NA,NA,NA,NA,NA,NA,PV764661,NA,NA,NA,FALSE
Anemia_eximia,NA,NA,NA,KT423835,NA,KT423766,KT423487,NA,monophy,NA,NA,FALSE
Anemia_ferruginea,NA,NA,NA,KT423836,NA,KT423751,KT423469,NA,voucher,labiakmickel5308,NA,FALSE
Anemia_flexuosa,NA,NA,NA,KT423841,NA,NA,KT423409,NA,voucher,mcclellnd406,NA,FALSE
Anemia_gardneri,NA,NA,NA,NA,NA,NA,NA,PV764662,NA,NA,NA,FALSE
Anemia_glareosa,NA,NA,NA,NA,NA,NA,NA,PV764663,NA,NA,NA,FALSE
Anemia_guatemalensis,NA,NA,NA,KT423846,NA,NA,KT423512,NA,voucher,seiler562,NA,FALSE
Anemia_herzogii,NA,NA,NA,KT423847,NA,KT423696,KT423406,NA,voucher,jimenez2464,NA,FALSE
Anemia_hirsuta,NA,NA,NA,NA,NA,NA,NA,PV764664,NA,NA,NA,FALSE
Anemia_hirta,NA,NA,NA,NA,NA,NA,NA,PV764694,NA,NA,NA,FALSE
Anemia_hispida,NA,NA,NA,NA,NA,NA,NA,PV764665,NA,NA,NA,FALSE
Anemia_humilis,NA,NA,NA,KT423855,NA,KT423733,KT423448,NA,voucher,labiakmickel5250,NA,FALSE
Anemia_imbricata,NA,NA,NA,KT423858,NA,KT423676,KT423379,NA,voucher,almeida1477,NA,FALSE
Anemia_irwinii,NA,NA,NA,NA,NA,NA,NA,PV764691,NA,NA,NA,FALSE
Anemia_jaliscana,NA,NA,NA,KT423862,NA,KT423687,KT423397,NA,voucher,tejerodiez3015,NA,FALSE
Anemia_karwinskyana,NA,NA,NA,KT423864,NA,KT423803,KT423525,NA,voucher,tejerodiezmickel6433,NA,FALSE
Anemia_labiakii,NA,NA,NA,NA,NA,NA,NA,PV764692,NA,NA,NA,FALSE
Anemia_lanata,NA,NA,NA,KT423866,NA,KT423700,KT423412,NA,voucher,michelon738,NA,FALSE
Anemia_lancea,NA,NA,NA,KT423869,NA,KT423772,KT423493,NA,voucher,labiakmickel5355,NA,FALSE
Anemia_lanipes,NA,NA,NA,NA,NA,NA,NA,PV764693,NA,NA,NA,FALSE
Anemia_lanuginosa,NA,NA,NA,KT423872,NA,KT423787,KT423508,NA,monophy,NA,NA,FALSE
Anemia_luetzelburgii,NA,NA,NA,KT423875,NA,KT423706,KT423418,NA,monophy,NA,NA,FALSE
Anemia_marginalis,NA,NA,NA,NA,NA,NA,NA,PV764695,NA,NA,NA,FALSE
Anemia_marginata,NA,NA,NA,NA,NA,NA,NA,PV764696,NA,NA,NA,FALSE
Anemia_mexicana,NA,NA,NA,NA,NA,NA,NA,PV764697,NA,NA,NA,FALSE
Anemia_millefolia,NA,NA,NA,NA,NA,NA,NA,PV764698,NA,NA,NA,FALSE
Anemia_mohriana,NA,NA,NA,NA,NA,NA,NA,PV764699,NA,NA,NA,FALSE
Anemia_multiplex,NA,NA,NA,NA,NA,NA,NA,PV764700,NA,NA,NA,FALSE
Anemia_munchii,NA,NA,NA,NA,NA,NA,AF448923,NA,unjoined,NA,NA,FALSE
Anemia_mynsseniana,NA,NA,NA,KT423887,NA,KT423735,KT423452,NA,voucher,labiakmickel5257,NA,FALSE
Anemia_myriophylla,NA,NA,NA,KT423890,NA,KT423708,KT423420,NA,voucher,nee43083,NA,FALSE
Anemia_nervosa,NA,NA,NA,KT423891,NA,KT423739,KT423456,NA,voucher,labiakmickel5272,NA,FALSE
Anemia_nicaraguensis,NA,NA,NA,KT423893,NA,KT423797,KT423519,NA,voucher,stevens26815,NA,FALSE
Anemia_nudiuscula,NA,NA,NA,KT423894,NA,KT423776,KT423497,NA,voucher,roux4425,NA,FALSE
Anemia_oblongifolia,NA,NA,NA,NA,NA,NA,NA,PV764701,NA,NA,NA,FALSE
Anemia_organensis,NA,NA,NA,KT423899,NA,KT423710,KT423423,NA,voucher,labiak4055,NA,FALSE
Anemia_patens,NA,NA,NA,KT423902,NA,KT423723,KT423437,NA,voucher,labiak5064,NA,FALSE
Anemia_phyllitidis,NA,NA,NA,NA,NA,NA,NA,PV938982,NA,NA,NA,FALSE
Anemia_portoricensis,NA,NA,NA,KT423912,NA,NA,NA,NA,unjoined,alain33232,Molecular phylogeny and character evolution of Anemiaceae,FALSE
Anemia_presliana,NA,NA,NA,KT423914,NA,KT423753,KT423471,NA,voucher,labiakmickel5312,NA,FALSE
Anemia_pubescens,NA,NA,NA,KT423916,NA,KT423758,KT423478,NA,voucher,labiakmickel5327,NA,FALSE
Anemia_pyrenaea,NA,NA,NA,KT423918,NA,KT423742,KT423460,NA,voucher,labiakmickel5284,NA,FALSE
Anemia_raddiana,NA,NA,NA,KT423921,NA,KT423789,KT423510,NA,voucher,schwartsburd1915,NA,FALSE
Anemia_repens,NA,NA,NA,KT423923,NA,KT423683,KT423391,NA,voucher,batalha397,NA,FALSE
Anemia_retroflexa,NA,NA,NA,NA,NA,NA,NA,PV764702,NA,NA,NA,FALSE
Anemia_rosulata,NA,NA,NA,KT423927,NA,KT423694,KT423403,NA,voucher,harley15342,NA,FALSE
Anemia_rotundifolia,NA,NA,NA,NA,NA,NA,NA,PV764703,NA,NA,NA,FALSE
Anemia_rutifolia,NA,NA,NA,NA,NA,NA,NA,PV764704,NA,NA,NA,FALSE
Anemia_salvadorensis,NA,NA,NA,NA,NA,NA,NA,PV764705,NA,NA,NA,FALSE
Anemia_schimperiana,NA,NA,NA,NA,NA,NA,NA,PV764709,NA,NA,NA,FALSE
Anemia_semihirsuta,NA,NA,NA,NA,NA,NA,AF448924,NA,unjoined,NA,NA,FALSE
Anemia_sertaneja,NA,NA,NA,KT423933,NA,KT423746,KT423464,NA,voucher,labiakmickel5297,NA,FALSE
Anemia_simii,NA,NA,NA,NA,NA,NA,NA,PV764706,NA,NA,NA,FALSE
Anemia_smithii,NA,NA,NA,KT423935,NA,NA,KT423446,NA,voucher,pietrobom831,NA,FALSE
Anemia_spicantoides,NA,NA,NA,KT423936,NA,KT423717,KT423431,NA,voucher,labiak4226,NA,FALSE
Anemia_tenera,NA,NA,NA,KT423938,NA,KT423690,KT423400,NA,voucher,fonseca729,NA,FALSE
Anemia_tomentosa,NA,NA,NA,NA,NA,NA,NA,PV764707,NA,NA,NA,FALSE
Anemia_trichorhiza,NA,NA,NA,KT423947,NA,KT423765,KT423485,NA,monophy,NA,NA,FALSE
Anemia_underwoodiana,NA,NA,NA,KT423948,NA,KT423698,KT423408,NA,voucher,maarten3047,NA,FALSE
Anemia_vestita,NA,NA,NA,KT423949,NA,KT423777,KT423498,NA,voucher,roux4466,NA,FALSE
Anemia_villosa,NA,NA,NA,KT423950,NA,KT423715,KT423429,NA,voucher,labiak4150,NA,FALSE
Anemia_warmingii,NA,NA,NA,NA,NA,NA,NA,PV764708,NA,NA,NA,FALSE
Anemia_wettsteinii,NA,NA,NA,KT423954,NA,KT423796,KT423518,NA,voucher,silva142,NA,FALSE
Anemia_wrightii,NA,NA,NA,AJ303397,NA,NA,NA,NA,unjoined,dscorell46257,Schizaeaceae: a phylogenetic approach,FALSE
Angiopteris_annamensis,NA,NA,NA,DQ838053,NA,NA,NA,NA,unjoined,dongsy1102,Recent Evidence for Origin and Evolution of Chinese,FALSE
Angiopteris_bipinnata,NA,NA,NA,NA,NA,NA,NA,PX138845,NA,NA,NA,FALSE
Angiopteris_boninensis,NA,NA,NA,AB574692,NA,NA,NA,NA,unjoined,tns766499,Molecular species identification with rich floristic sampling: DNA,FALSE
Angiopteris_cartilagidens,NA,NA,NA,DQ838052,NA,NA,DQ838082,NA,voucher,dongsy1133,NA,FALSE
Angiopteris_caudatiformis,NA,NA,NA,NA,NA,NA,NA,PX138846,NA,NA,NA,FALSE
Angiopteris_chingii,NA,NA,NA,NA,NA,NA,NA,PP056126,NA,NA,NA,FALSE
Angiopteris_cochinchinensis,NA,NA,NA,DQ838054,NA,NA,DQ838081,NA,voucher,dongsy1140,NA,FALSE
Angiopteris_dianyuecola,NA,MT855997,NA,MT856011,MT856025,MT856025,NA,NA,voucher,wt19002,NA,FALSE
Angiopteris_evecta,NA,NA,NA,NA,NA,NA,NA,DQ821119,NA,NA,NA,FALSE
Angiopteris_ferox,NA,NA,NA,PP560598,NA,NA,NA,NA,unjoined,taiflu32415,A DNA barcode reference of Asian ferns with expert-identified,FALSE
Angiopteris_fokiensis,NA,NA,NA,NA,NA,NA,NA,ON022042,NA,NA,NA,FALSE
Angiopteris_helferiana,NA,NA,NA,DQ838050,NA,NA,DQ838080,NA,voucher,sglub3,NA,FALSE
Angiopteris_hokouensis,NA,MT855998,NA,MT856012,MT856026,MT856026,NA,NA,voucher,wt19001,NA,FALSE
Angiopteris_involuta,NA,NA,NA,NA,NA,NA,NA,PX138848,NA,NA,NA,FALSE
Angiopteris_itoi,NA,NA,NA,NA,NA,NA,NA,PX138850,NA,NA,NA,FALSE
Angiopteris_latipinna,NA,NA,NA,NA,NA,NA,NA,PP056125,NA,NA,NA,FALSE
Angiopteris_lygodiifolia,NA,NA,NA,PP559712,NA,NA,PP562143,NA,voucher,taifkuo2413,NA,FALSE
Angiopteris_madagascariensis,NA,NA,NA,KF992420,NA,NA,NA,NA,unjoined,shennequin307,Evolutionary patterns in the assembly of fern diversity on the,FALSE
Angiopteris_marchionica,NA,NA,NA,MT215969,NA,NA,NA,NA,unjoined,usschuettpelz1886,The Evolution of Overrepresentation: exploring the biogeography of,FALSE
Angiopteris_nodosipetiolata,NA,NA,NA,NA,NA,NA,NA,PP056123,NA,NA,NA,FALSE
Angiopteris_oblanceolata,NA,NA,NA,NA,NA,NA,NA,PV391890,NA,NA,NA,FALSE
Angiopteris_palmiformis,NA,NA,NA,NA,NA,NA,NA,KP099647,NA,NA,NA,FALSE
Angiopteris_pruinosa,NA,NA,NA,NA,EU439155,EU439155,NA,NA,voucher,chase23773kincultk,NA,FALSE
Angiopteris_rapensis,NA,NA,NA,NA,EU439153,EU439153,NA,NA,voucher,wood9703ny,NA,FALSE
Angiopteris_smithii,NA,EU439072,NA,EU439093,EU439169,EU439169,NA,NA,voucher,murdock363ucinculthsu,NA,FALSE
Angiopteris_somae,NA,NA,NA,DQ838062,NA,NA,DQ838074,NA,voucher,sglun3,NA,FALSE
Angiopteris_sparsisora,NA,NA,NA,NA,NA,NA,NA,PX138851,NA,NA,NA,FALSE
Angiopteris_subcuspidata,NA,OR565974,NA,OR565975,NA,NA,OR565977,NA,voucher,dkarger210,NA,FALSE
Angiopteris_tamdaoensis,NA,MT855994,NA,MT856008,MT856022,MT856022,NA,NA,voucher,sg2765,NA,FALSE
Angiopteris_tonkinensis,NA,MT855989,NA,MT856003,MT856017,MT856017,NA,NA,voucher,at1,NA,FALSE
Angiopteris_wangii,NA,NA,NA,DQ838051,NA,NA,DQ838085,NA,voucher,sglud3,NA,FALSE
Angiopteris_yunnanensis,NA,NA,NA,NA,NA,NA,NA,MN508633,NA,NA,NA,FALSE
Anisocampium_cumingianum,NA,NA,NA,HM156338,NA,NA,FJ807659,NA,monophy,NA,NA,FALSE
Anisocampium_cuspidatum,MG183588,MG183356,MG183283,MG183204,NA,NA,AF515253,NA,monophy,NA,NA,FALSE
Anisocampium_niponicum,JF832097,JF832155,JF832257,AB232413,JN168077,JN168077,AF515256,NA,monophy,NA,NA,FALSE
Anisocampium_sheareri,NA,NA,NA,NA,NA,NA,NA,KY427330,NA,NA,NA,FALSE
Anogramma_leptophylla,KM007558,KM007675,KF289581,AY168719,AF321699,KJ416354,KM008016,NA,monophy,NA,NA,FALSE
Anogramma_lorentzii,NA,NA,NA,AF336102,NA,NA,NA,NA,unjoined,NA,Phylogenetic placements of Loxoscaphe thecifera (Aspleniaceae) and,FALSE
Anthonya_bergiana,PQ417566,NA,NA,PQ463125,GU935530,GU935530,NA,NA,monophy,NA,NA,FALSE
Anthonya_ceterachoides,PQ417571,NA,NA,PQ417451,NA,NA,NA,NA,voucher,klopper422,NA,FALSE
Anthonya_contracta,GU935477,NA,NA,PQ463127,GU935533,GU935533,GU935593,NA,monophy,NA,NA,FALSE
Anthonya_depauperata,GU935476,NA,NA,PQ463128,GU935532,GU935532,GU935590,NA,monophy,NA,NA,FALSE
Anthonya_dinteri,MH170439,NA,NA,MH170414,GU935527,GU935527,GU935582,NA,monophy,NA,NA,FALSE
Anthonya_eckloniana,JF937298,JF935425,NA,PQ463130,JF980609,JF980609,JF980688,NA,monophy,NA,NA,FALSE
Anthonya_hirta,GU935474,NA,NA,PQ463141,GU935531,GU935531,GU935588,NA,monophy,NA,NA,FALSE
Anthonya_marlothii,GU935472,NA,NA,PQ463147,GU935541,GU935541,GU935586,NA,monophy,NA,NA,FALSE
Anthonya_parviloba,MH170440,NA,NA,MH170419,DQ914158,GU935534,GU935591,NA,monophy,NA,NA,FALSE
Antrophyopsis_bivittata,KX165162,NA,NA,KX164952,NA,NA,NA,NA,voucher,jrabenantoandro521,NA,FALSE
Antrophyopsis_boryana,KX165246,NA,NA,KX164953,NA,NA,NA,NA,voucher,jkluge8047,NA,FALSE
Antrophyopsis_gigantea,NA,NA,NA,KF992421,NA,NA,NA,NA,unjoined,shennequinr125,Evolutionary patterns in the assembly of fern diversity on the,FALSE
Antrophyopsis_manniana,KU744785,KU744790,OQ440508,KX164956,NA,NA,NA,NA,monophy,NA,NA,FALSE
Antrophyum_annamense,KX165166,NA,KY101262,KX164963,NA,NA,KY101379,NA,monophy,NA,NA,FALSE
Antrophyum_austroqueenslandicum,NA,NA,OQ440522,NA,NA,NA,OQ440581,NA,voucher,clemens11244,NA,FALSE
Antrophyum_brassii,NA,NA,OQ440482,NA,NA,NA,OQ440544,NA,publication,NA,systematics and biogeography of the old world fern genus antrophyum,FALSE
Antrophyum_brookei,NA,NA,OQ440533,NA,NA,NA,OQ440592,NA,voucher,chenwade5686,NA,FALSE
Antrophyum_callifolium,NA,NA,OQ440485,EU024556,NA,NA,OQ440548,NA,voucher,lindsaymiddleton2,NA,FALSE
Antrophyum_castaneum,KX165171,NA,KY101246,KX164962,NA,NA,KY101390,NA,monophy,NA,NA,FALSE
Antrophyum_crassifolium,NA,NA,OQ440520,NA,NA,NA,OQ440579,NA,voucher,clemens10848,NA,FALSE
Antrophyum_formosanum,NA,NA,NA,NA,NA,NA,NA,PV121146,NA,NA,NA,FALSE
Antrophyum_henryi,NA,NA,NA,NA,NA,NA,NA,MT130614,NA,NA,NA,FALSE
Antrophyum_hovenkampii,NA,NA,OQ440534,NA,NA,NA,OQ440593,NA,voucher,chenwade5688,NA,FALSE
Antrophyum_immersum,NA,NA,NA,KF992422,NA,NA,NA,NA,unjoined,wjharleyf218bis,Evolutionary patterns in the assembly of fern diversity on the,FALSE
Antrophyum_kinabaluense,NA,NA,NA,NA,NA,NA,OR567130,NA,unjoined,NA,NA,FALSE
Antrophyum_latifolium,EF452076,EF452018,NA,EF452138,NA,NA,NA,NA,voucher,ranker1774,NA,FALSE
Antrophyum_ledermannii,NA,NA,OQ440483,NA,NA,NA,OQ440540,NA,monophy,NA,NA,FALSE
Antrophyum_malgassicum,KX165175,NA,KY101300,KX164965,NA,NA,OQ440574,NA,monophy,NA,NA,FALSE
Antrophyum_megistophyllum,NA,NA,KM884716,NA,NA,NA,KM884763,NA,monophy,NA,NA,FALSE
Antrophyum_nambanense,NA,NA,OQ440532,NA,NA,NA,OQ440591,NA,monophy,NA,NA,FALSE
Antrophyum_nanum,NA,NA,OQ440498,NA,NA,NA,OQ440562,NA,monophy,NA,NA,FALSE
Antrophyum_novae-caledoniae,NA,NA,OQ440501,NA,NA,NA,OQ440565,NA,voucher,leon7549,NA,FALSE
Antrophyum_obovatum,KX165176,NA,KY101274,KX164966,NA,NA,MN912802,NA,monophy,NA,NA,FALSE
Antrophyum_parvulum,KX165247,NA,NA,KX164967,NA,NA,NA,NA,voucher,dkarger1333,NA,FALSE
Antrophyum_plantagineum,NA,NA,KM884703,KY099752,NA,NA,KM884751,NA,voucher,nitta2901,NA,FALSE
Antrophyum_pseudolatifolium,NA,NA,OQ440505,NA,NA,NA,OQ440569,NA,voucher,chenwade4927,NA,FALSE
Antrophyum_reticulatum,KX165179,NA,NA,KX164970,NA,NA,NA,NA,voucher,tranker1948,NA,FALSE
Antrophyum_semicostatum,NA,NA,NA,NA,NA,NA,NA,MH173087,NA,NA,NA,FALSE
Antrophyum_sessilifolium,KX165249,NA,KY101256,KX164973,NA,NA,KY101395,NA,monophy,NA,NA,FALSE
Antrophyum_smithii,NA,NA,KM884712,NA,NA,NA,KM884760,NA,monophy,NA,NA,FALSE
Antrophyum_solomonense,NA,NA,KM884717,NA,NA,NA,KM884765,NA,voucher,wade3086,NA,FALSE
Antrophyum_strictum,NA,NA,OQ440479,NA,NA,NA,OQ440541,NA,voucher,jamessundue1615,NA,FALSE
Antrophyum_subfalcatum,KX165182,NA,NA,KX164975,NA,NA,NA,NA,voucher,cwchensitw1130,NA,FALSE
Antrophyum_tahitense,NA,NA,OQ440484,NA,NA,NA,OQ440566,NA,monophy,NA,NA,FALSE
Antrophyum_vittarioides,KX165183,NA,NA,KX164976,NA,NA,KY101415,NA,voucher,lao0308021,NA,FALSE
Arachniodes_amabilis,NA,NA,MK013332,MK013496,MK031906,MK031906,MK013693,NA,voucher,knapp3780,NA,FALSE
Arachniodes_amoena,NA,EF450481,NA,EF463109,NA,NA,NA,NA,voucher,hmliua237,NA,FALSE
Arachniodes_aristata,NA,NA,MK013190,MK013356,MK031741,MK031741,MK013520,NA,voucher,knapp3846,NA,FALSE
Arachniodes_assamica,NA,NA,NA,NA,NA,NA,NA,OR530043,NA,NA,NA,FALSE
Arachniodes_blinii,NA,EF450503,NA,EF463138,EF540705,EF540705,EF540702,NA,voucher,xczhang2624,NA,FALSE
Arachniodes_carvifolia,NA,NA,MK013227,MK013394,MK031782,MK031782,MK013570,NA,voucher,lbzhangandhhe5452,NA,FALSE
Arachniodes_cavaleriei,NA,NA,MK013206,MK013377,MK031766,MK031766,MK013542,NA,voucher,lbzhang7775,NA,FALSE
Arachniodes_chinensis,NA,NA,NA,NA,NA,NA,NA,OR530038,NA,NA,NA,FALSE
Arachniodes_coniifolia,NA,NA,NA,NA,NA,NA,NA,MT130551,NA,NA,NA,FALSE
Arachniodes_cornucervi,NA,NA,MK013319,MK013480,MK031891,MK031891,MK013676,NA,voucher,lbzhang7357,NA,FALSE
Arachniodes_davalliiformis,NA,NA,MK013218,MK013387,MK031775,MK031775,MK013559,NA,voucher,mickel5299,NA,FALSE
Arachniodes_denticulata,EF463664,EF463380,MK013224,PV006816,MK031779,MK031781,MK013568,NA,monophy,NA,NA,FALSE
Arachniodes_fengii,NA,NA,NA,MK013397,MK031785,MK031785,MK013574,NA,voucher,lbzhang7174,NA,FALSE
Arachniodes_festina,NA,NA,MK013231,MK013400,MK031788,MK031788,MK013577,NA,voucher,knapp3787,NA,FALSE
Arachniodes_foeniculacea,NA,NA,MK013212,MK013381,MK031770,MK031770,MK013553,NA,voucher,lzhang1471,NA,FALSE
Arachniodes_formosissima,NA,NA,NA,MK013429,MK031821,MK031821,MK013607,NA,voucher,lbzhang9438,NA,FALSE
Arachniodes_gigantea,NA,NA,NA,DQ508761,NA,NA,DQ514483,NA,voucher,ljm070,NA,FALSE
Arachniodes_globisora,NA,NA,MK013239,MK013408,MK031796,MK031796,MK013585,NA,voucher,lbzhang7606,NA,FALSE
Arachniodes_grossa,NA,NA,MK013243,MK013415,MK031801,MK031802,MK013592,NA,monophy,NA,NA,FALSE
Arachniodes_hainanensis,NA,NA,NA,NA,NA,NA,NA,MT130572,NA,NA,NA,FALSE
Arachniodes_hekiana,NA,NA,MK013204,MK013375,MK031764,MK031764,MK013540,NA,voucher,lbzhang0660,NA,FALSE
Arachniodes_henryi,NA,NA,MK013248,MK013421,MK031806,MK031806,MK013598,NA,voucher,lbzhangandhhe4881,NA,FALSE
Arachniodes_hiugana,NA,NA,MK013249,AB575077,NA,MK031815,MK013599,NA,voucher,tns1107831,NA,FALSE
Arachniodes_hunanensis,NA,NA,NA,MK013422,NA,NA,NA,NA,unjoined,lbzhang0721,A plastid phylogeny of the fern genus Arachniodes (Dryopteridaceae),FALSE
Arachniodes_insularis,NA,NA,NA,MT657468,NA,NA,NA,NA,unjoined,krwood17137,Biogeography of Pacific pteridophytes in a global context,FALSE
Arachniodes_jinpingensis,NA,NA,MK013186,MK013361,MK031750,MK031750,MK013528,NA,voucher,lbzhang6876,NA,FALSE
Arachniodes_longipinna,NA,NA,MK013255,NA,NA,NA,MK013610,NA,voucher,lbzhang0667,NA,FALSE
Arachniodes_miqueliana,NA,NA,NA,NA,NA,NA,NA,OR530039,NA,NA,NA,FALSE
Arachniodes_mutica,NA,NA,MK013173,AB575079,NA,NA,MK013699,NA,voucher,tns763931,NA,FALSE
Arachniodes_neopodophylla,NA,NA,NA,MK013342,MK031730,MK031730,DQ514514,NA,monophy,NA,NA,FALSE
Arachniodes_nigrospinosa,NA,NA,MK013277,MK013447,MK031844,MK031844,MK013631,NA,voucher,knapp3566,NA,FALSE
Arachniodes_nipponica,NA,NA,MK013280,AB575080,NA,MK031848,MK013635,NA,voucher,tns9508318,NA,FALSE
Arachniodes_pseudoaristata,NA,NA,MK013286,MK013452,MK031854,MK031854,MK013640,NA,voucher,knapp3946,NA,FALSE
Arachniodes_pseudoassamica,NA,NA,MK013288,MK013455,MK031857,MK031857,MK013643,NA,voucher,lbzhangandhhe4863,NA,FALSE
Arachniodes_puncticulata,NA,NA,NA,PP560046,NA,NA,PP561191,NA,voucher,taifwade4657,NA,FALSE
Arachniodes_quadripinnata,NA,NA,NA,NA,NA,NA,NA,OR530040,NA,NA,NA,FALSE
Arachniodes_rhomboidea,NA,EF450487,NA,EF463115,NA,NA,NA,NA,voucher,xczhang2611,NA,FALSE
Arachniodes_simplicior,NA,NA,NA,NA,NA,NA,NA,OR530041,NA,NA,NA,FALSE
Arachniodes_simulans,NA,NA,NA,NA,NA,NA,NA,OR530042,NA,NA,NA,FALSE
Arachniodes_sinomiqueliana,NA,NA,NA,AB575084,NA,NA,NA,NA,unjoined,tns762679,Molecular species identification with rich floristic sampling: DNA,FALSE
Arachniodes_sinorhomboidea,NA,NA,MK013250,MK013423,MK031816,MK031816,MK013600,NA,voucher,lbzhang9430,NA,FALSE
Arachniodes_spectabilis,NA,NA,MK013311,MK013473,MK031884,MK031884,MK013666,NA,voucher,lbzhangandhhe4850,NA,FALSE
Arachniodes_standishii,NA,EF450508,NA,EF540722,EF540709,EF540709,EF540700,NA,voucher,xczhang3468,NA,FALSE
Arachniodes_superba,NA,NA,NA,NA,NA,NA,NA,MT130657,NA,NA,NA,FALSE
Arachniodes_tohtomiensis,NA,NA,NA,LC870165,NA,NA,NA,NA,unjoined,NA,Arachniodes x tohtomiensis hyb. nov. (Dryopteridaceae) from Japan,FALSE
Arachniodes_tonkinensis,NA,NA,MK013318,MK013479,MK031890,MK031890,MK013675,NA,voucher,lbzhang8561,NA,FALSE
Arachniodes_tripinnata,NA,NA,NA,MK188728,NA,NA,NA,NA,unjoined,NA,NA,FALSE
Arachniodes_vietnamensis,NA,NA,NA,PP560565,NA,NA,PP561587,NA,voucher,taiflu31652,NA,FALSE
Arachniodes_ziyunshanensis,NA,NA,NA,MK013501,MK031913,MK031913,MK013703,NA,voucher,lbzhangandhhe6199,NA,FALSE
Archigrammitis_friderici-et-pauli,NA,KM218817,NA,KM218751,NA,NA,NA,NA,voucher,chengweichen1630,NA,FALSE
Archigrammitis_marquesensis,NA,NA,NA,MT215977,NA,NA,NA,NA,unjoined,usschuettpelz1929,The Evolution of Overrepresentation: exploring the biogeography of,FALSE
Archigrammitis_ponapensis,NA,NA,NA,MT657611,NA,NA,NA,NA,unjoined,krwood13560,Biogeography of Pacific pteridophytes in a global context,FALSE
Archigrammitis_tahitensis,NA,NA,NA,KY099756,NA,NA,NA,NA,unjoined,nitta656,Life cycle matters: DNA barcoding reveals contrasting community,FALSE
Argyrochosma_chilensis,HQ846411,NA,NA,NA,NA,NA,NA,NA,unjoined,NA,NA,FALSE
Argyrochosma_connectens,NA,NA,NA,NA,NA,NA,NA,PP567286,NA,NA,NA,FALSE
Argyrochosma_dealbata,HQ846372,NA,NA,HQ846421,NA,NA,NA,NA,voucher,brooks16997,NA,FALSE
Argyrochosma_delicatula,HQ846371,NA,NA,U19500,NA,NA,NA,NA,monophy,NA,NA,FALSE
Argyrochosma_fendleri,HQ846382,NA,NA,U27727,DQ914125,DQ914125,DQ914209,NA,monophy,NA,NA,FALSE
Argyrochosma_flavens,HQ846401,NA,NA,HQ846450,NA,NA,NA,NA,monophy,NA,NA,FALSE
Argyrochosma_formosa,HQ846370,NA,NA,HQ846419,NA,NA,NA,NA,voucher,windham539,NA,FALSE
Argyrochosma_incana,HQ846403,NA,NA,HQ846452,NA,NA,NA,NA,voucher,reinadevender,NA,FALSE
Argyrochosma_jonesii,HQ846364,NA,NA,HQ846414,NA,NA,NA,NA,voucher,windham3429,NA,FALSE
Argyrochosma_limitanea,EU268722,EF452019,NA,EF452139,NA,NA,NA,NA,voucher,schuettpelz472,NA,FALSE
Argyrochosma_lumholtzii,HQ846375,NA,NA,HQ846424,NA,NA,NA,NA,voucher,fishbein4458,NA,FALSE
Argyrochosma_microphylla,HQ846394,NA,NA,HQ846443,NA,NA,NA,NA,monophy,NA,NA,FALSE
Argyrochosma_nivea,HQ846376,NA,NA,HQ846425,NA,NA,NA,NA,voucher,galiano6865,NA,FALSE
Argyrochosma_pallens,HQ846377,NA,NA,HQ846426,NA,NA,NA,NA,monophy,NA,NA,FALSE
Argyrochosma_palmeri,HQ846410,NA,NA,HQ846458,NA,NA,NA,NA,monophy,NA,NA,FALSE
Argyrochosma_peninsularis,HQ846402,NA,NA,HQ846457,NA,NA,NA,NA,monophy,NA,NA,FALSE
Argyrochosma_pilifera,HQ846378,NA,NA,HQ846427,NA,NA,NA,NA,voucher,yatskievychgastony89287,NA,FALSE
Argyrochosma_stuebeliana,HQ846389,NA,NA,HQ846438,NA,NA,NA,NA,voucher,pchutchinsonjkwright5288,NA,FALSE
Argyrochosma_tenera,HQ846383,NA,NA,HQ846432,NA,NA,NA,NA,voucher,beckstg23950,NA,FALSE
Arthropteris_altescandens,NA,NA,NA,KF667641,NA,KF667554,KF667610,NA,voucher,skottsberg75,NA,FALSE
Arthropteris_articulata,KC977329,KC977348,NA,KC977367,NA,NA,KC977411,NA,voucher,leonperriefj1150,NA,FALSE
Arthropteris_beckleri,NA,AB212686,NA,AB212686,NA,NA,NA,NA,voucher,mkatoau308universityoftokyoherbarium,NA,FALSE
Arthropteris_cameroonensis,NA,NA,NA,KF667638,NA,KF667551,NA,NA,voucher,carvalho3771,NA,FALSE
Arthropteris_monocarpa,KF897993,NA,NA,KF887155,NA,NA,KF897941,NA,voucher,ikukkonen12551,NA,FALSE
Arthropteris_orientalis,NA,KC977357,NA,KC977378,NA,NA,KC977420,NA,voucher,hennequins156,NA,FALSE
Arthropteris_palisotii,NA,NA,NA,NA,NA,NA,NA,MT130588,NA,NA,NA,FALSE
Arthropteris_parallela,EF463862,EF463522,NA,EF463266,NA,NA,KC977425,NA,voucher,schuettpelz524,NA,FALSE
Arthropteris_paucivenia,EF463864,EF463524,KJ196619,EF463268,NA,NA,KC977426,NA,monophy,NA,NA,FALSE
Arthropteris_submarginalis,KC977339,KC977360,NA,KC977381,NA,NA,KC977423,NA,voucher,patrickjacockpa1028,NA,FALSE
Arthropteris_tenella,KF897998,NA,NA,KF887160,NA,NA,KF897946,NA,voucher,coveny9186,NA,FALSE
Ascogrammitis_anfractuosa,NA,MG948936,NA,MG948938,NA,MG966515,MG966517,NA,voucher,kessler14867vt,NA,FALSE
Ascogrammitis_angustipes,NA,KM218837,NA,GU476891,NA,KM106109,GU476703,NA,voucher,sundue1237,NA,FALSE
Ascogrammitis_athyrioides,NA,KM218840,NA,GU476856,NA,KM106110,GU476704,NA,voucher,lehnert261,NA,FALSE
Ascogrammitis_clathrata,NA,KM218838,NA,GU476843,NA,KM106111,GU476708,NA,voucher,kromer1237,NA,FALSE
Ascogrammitis_clavigera,NA,KM218839,NA,GU476925,NA,KM106112,GU476709,NA,voucher,schneider2400,NA,FALSE
Ascogrammitis_colombiensis,NA,GU476805,NA,GU476827,NA,KM106113,GU476711,NA,voucher,dassler947131,NA,FALSE
Ascogrammitis_cuencana,NA,NA,NA,GU476851,NA,KM106114,GU476714,NA,voucher,lehnert1164,NA,FALSE
Ascogrammitis_david-smithii,NA,GU476794,NA,GU476911,NA,GU387122,GU387284,NA,voucher,sundue785,NA,FALSE
Ascogrammitis_dilatata,NA,GU376640,NA,GU387033,NA,GU387124,GU387285,NA,voucher,labiak4728,NA,FALSE
Ascogrammitis_lehnertii,NA,MG948937,NA,MG948939,NA,MG966516,MG966518,NA,voucher,olivares142vt,NA,FALSE
Ascogrammitis_loxensis,NA,GU376641,NA,GU386995,NA,GU387125,GU387286,NA,voucher,sundue1073,NA,FALSE
Ascogrammitis_nana,NA,GU376642,NA,GU387031,NA,GU387126,GU387287,NA,voucher,labiak4725,NA,FALSE
Ascogrammitis_pichinchae,NA,NA,NA,GU476928,NA,NA,GU476730,NA,voucher,kawilson2816a,NA,FALSE
Ascogrammitis_pichinchensis,NA,GU476816,NA,GU476854,NA,KM106116,GU476732,NA,voucher,lehnert1577,NA,FALSE
Aspidotis_californica,PQ417563,NA,JX313624,JX313525,NA,NA,NA,NA,voucher,metzgar178,NA,FALSE
Aspidotis_carlotta-halliae,NA,NA,NA,NA,DQ914130,DQ914130,DQ914214,NA,voucher,rk1226154uc1794523,NA,FALSE
Aspidotis_densa,EU268723,NA,JX313625,JX313526,NA,NA,NA,NA,voucher,pryer0602,NA,FALSE
Aspidotis_meifolia,NA,NA,JX313626,JX313527,NA,NA,NA,NA,voucher,yatskievychandgastony89219,NA,FALSE
Asplenium_abscissum,EF463587,EF463323,NA,EF463142,NA,NA,NA,NA,voucher,jimenez2503,NA,FALSE
Asplenium_abyssinicum,NA,NA,NA,OR099978,NA,OR100330,OR100114,NA,monophy,NA,NA,FALSE
Asplenium_actiniopteroides,NA,NA,NA,OR099955,NA,OR100285,OR100066,NA,voucher,h1588673,NA,FALSE
Asplenium_acuminatum,NA,NA,NA,MT657719,NA,NA,NA,NA,unjoined,krwood15513,Biogeography of Pacific pteridophytes in a global context,FALSE
Asplenium_adiantum-nigrum,NA,MK826366,NA,MK826923,MK827433,MK827433,MK827931,NA,voucher,rothfels4628b,NA,FALSE
Asplenium_adulterinum,NA,NA,NA,NA,EF645628,EF645628,NA,NA,publication,NA,diversity arrays technology (dart) for pan-genomic evolutionary,FALSE
Asplenium_aegaeum,NA,NA,NA,AY300103,AY549774,AY549774,AY300050,NA,voucher,jermy9181,NA,FALSE
Asplenium_aethiopicum,NA,MK826368,NA,MK826925,MK827435,MK827435,MK827933,NA,voucher,rothfels4663,NA,FALSE
Asplenium_affine,EF463589,EF463325,NA,EF463144,NA,NA,NA,NA,voucher,janssen2719,NA,FALSE
Asplenium_africanum,NA,NA,NA,OR099974,NA,OR100303,OR100085,NA,voucher,br0000019870060,NA,FALSE
Asplenium_alatulum,NA,MK826223,NA,MK826703,MK827232,MK827232,MK827761,NA,voucher,xu334,NA,FALSE
Asplenium_alatum,EF463590,MK826497,NA,EF463145,MK827572,MK827438,MK828039,NA,monophy,NA,NA,FALSE
Asplenium_altajense,NA,MK826088,NA,NA,MK827115,MK827115,NA,NA,voucher,xur4,NA,FALSE
Asplenium_amboinense,NA,MK826447,NA,MK827005,MK827519,MK827519,MK827999,NA,voucher,lorence10594,NA,FALSE
Asplenium_anceps,NA,NA,NA,AY300105,AY549795,AY549795,AY300052,NA,voucher,vogel1111,NA,FALSE
Asplenium_anguineum,NA,NA,NA,PP560453,NA,NA,PP561531,NA,voucher,taifkuo3564,NA,FALSE
Asplenium_angustum,NA,NA,NA,AY300106,AY549822,AY549822,AY300053,NA,voucher,boudrie3254,NA,FALSE
Asplenium_anisophyllum,NA,NA,NA,AY300107,AY549816,AY549816,AY300054,NA,voucher,kessler12765,NA,FALSE
Asplenium_annobonense,NA,NA,NA,NA,MK827566,MK827566,NA,NA,voucher,velayos11601,NA,FALSE
Asplenium_anogrammoides,NA,NA,NA,AB853879,NA,NA,NA,NA,unjoined,tnsvs1176817,New Records of Asplenium varians (Aspleniaceae) and Two New Hybrids,FALSE
Asplenium_antiquum,NA,NA,NA,NA,NA,NA,NA,OR764773,NA,NA,NA,FALSE
Asplenium_antrophyoides,NA,MK826186,NA,MK826665,NA,NA,MK827730,NA,voucher,xu290,NA,FALSE
Asplenium_apoense,NA,NA,NA,PP560447,NA,NA,PP561526,NA,voucher,taifkuo3449,NA,FALSE
Asplenium_appendiculatum,NA,NA,NA,KP774870,KP835458,KP835458,KP851900,NA,voucher,djo196,NA,FALSE
Asplenium_aran-tohanum,NA,NA,NA,LR588504,NA,NA,NA,NA,unjoined,NA,NA,FALSE
Asplenium_athertonense,NA,NA,NA,KP774875,KP835426,KP835426,KP835399,NA,voucher,djo289,NA,FALSE
Asplenium_attenuatum,NA,NA,NA,KP774918,KP218768,KP218768,KP218782,NA,voucher,djo317,NA,FALSE
Asplenium_aureum,NA,NA,NA,AF538311,NA,NA,AY160993,NA,voucher,cv164,NA,FALSE
Asplenium_auriculatum,NA,NA,NA,MW138131,NA,NA,NA,NA,unjoined,jhnitta2372,A taxonomic and molecular survey of the pteridophytes of the,FALSE
Asplenium_australasicum,NA,MK826373,NA,MK826930,MK827440,MK827440,NA,NA,voucher,wood11012,NA,FALSE
Asplenium_austrochinense,NA,MK826173,NA,MK826651,MK827184,MK827184,MK827723,NA,voucher,xugx015,NA,FALSE
Asplenium_azomanes,NA,NA,NA,AF318597,NA,NA,NA,NA,unjoined,NA,Phylogenetic relationships between Asplenium bourgaei (Boiss.),FALSE
Asplenium_azoricum,NA,NA,NA,NA,NA,NA,AY549863,NA,unjoined,NA,NA,FALSE
Asplenium_baileyanum,NA,NA,NA,KP774943,NA,NA,KP639687,NA,publication,NA,phylogeny of the fern family aspleniaceae in australasia and the,FALSE
Asplenium_balearicum,NA,NA,NA,NA,MK827554,MK827554,NA,NA,voucher,pokornyor6,NA,FALSE
Asplenium_bangii,NA,MK826374,NA,MK826931,MK827441,MK827441,MK827937,NA,voucher,rothfels4831,NA,FALSE
Asplenium_barkamense,NA,NA,NA,OQ999935,NA,NA,NA,NA,unjoined,xczhangsqlianglsq23,Evolutionary relationship and taxonomic revision of the Asplenium,FALSE
Asplenium_barteri,NA,NA,NA,OR099960,NA,OR100289,OR100071,NA,voucher,h1758200,NA,FALSE
Asplenium_bicentenniale,NA,NA,NA,KP774944,KP218752,KP218752,KP218787,NA,voucher,djo273,NA,FALSE
Asplenium_bimixtum,NA,NA,NA,NA,NA,NA,NA,MN912732,NA,NA,NA,FALSE
Asplenium_bipartitum,EF463591,EF463327,NA,EF463146,NA,NA,NA,NA,voucher,schneidersn,NA,FALSE
Asplenium_bipinnatifidum,NA,NA,NA,KP774915,KP872963,KP872963,KP835379,NA,voucher,fiji111,NA,FALSE
Asplenium_blastophorum,NA,NA,NA,MK826914,MK827423,MK827423,MK827925,NA,voucher,anderberg116,NA,FALSE
Asplenium_boltonii,NA,NA,NA,OR099952,NA,OR100283,OR100063,NA,voucher,h1774440,NA,FALSE
Asplenium_boreale,NA,MK826064,NA,MK826562,MK827089,MK827089,MK827648,NA,voucher,jl00262,NA,FALSE
Asplenium_borneense,NA,NA,NA,PP560575,NA,NA,PP561152,NA,monophy,NA,NA,FALSE
Asplenium_bourgaei,NA,NA,NA,AY300108,NA,NA,AY300055,NA,monophy,NA,NA,FALSE
Asplenium_bugoiense,NA,NA,NA,OR099999,NA,OR100325,OR100110,NA,voucher,h1771781,NA,FALSE
Asplenium_bulbiferum,NA,NA,NA,AY283226,EF418432,EF418432,AY538182,NA,voucher,weltp20494,NA,FALSE
Asplenium_bullatum,NA,MK826208,NA,MK826687,MK827217,MK827217,MK827749,NA,voucher,xu314,NA,FALSE
Asplenium_capillipes,NA,MK826236,NA,MK826945,MK827455,MK827309,PP561833,NA,monophy,NA,NA,FALSE
Asplenium_capitisyork,NA,MK826466,NA,KP774854,KP835424,KP835424,KP639686,NA,monophy,NA,NA,FALSE
Asplenium_carnarvonense,NA,NA,NA,KP774855,KP218774,KP218774,KP218784,NA,voucher,djo318,NA,FALSE
Asplenium_carruthersii,NA,NA,NA,KP774917,KP835417,KP835417,KP835374,NA,voucher,fiji73,NA,FALSE
Asplenium_castaneoviride,NA,NA,NA,NA,NA,NA,NA,OP345471,NA,NA,NA,FALSE
Asplenium_castaneum,NA,NA,NA,PV006891,NA,NA,NA,NA,unjoined,canekledesma21167,NA,FALSE
Asplenium_caudatum,NA,MK826438,NA,MK826997,MK827510,MK827510,MK827991,NA,voucher,lorench10577,NA,FALSE
Asplenium_ceii,NA,NA,NA,OR100000,NA,OR100326,OR100111,NA,voucher,h1771779,NA,FALSE
Asplenium_celtibericum,NA,NA,NA,KU753803,NA,NA,NA,NA,unjoined,macb104526ind1,Iberian Aspleniaceae,FALSE
Asplenium_ceterach,NA,NA,NA,AF538312,NA,NA,AY162329,NA,voucher,cv5,NA,FALSE
Asplenium_chasmophilum,NA,NA,NA,NA,NA,NA,AY162339,NA,unjoined,NA,NA,FALSE
Asplenium_chathamense,NA,NA,NA,DQ186552,NA,NA,NA,NA,unjoined,weltp20498lrp2622,A new location for the Poor Knights Spleenwort (Asplenium,FALSE
Asplenium_christii,NA,NA,NA,OR099933,NA,OR100264,OR100044,NA,voucher,h1774394,NA,FALSE
Asplenium_cimmeriorum,NA,NA,NA,NA,NA,NA,GQ377153,NA,unjoined,NA,NA,FALSE
Asplenium_cirrhatum,NA,NA,NA,MW138232,NA,NA,NA,NA,unjoined,jhnitta767,A taxonomic and molecular survey of the pteridophytes of the,FALSE
Asplenium_claussenii,NA,NA,NA,KJ628628,NA,NA,NA,NA,unjoined,NA,Phylogenetic relatedness within neotropical fern communities,FALSE
Asplenium_coenobiale,NA,MK826342,NA,MK826896,MK827406,MK827406,MK827913,NA,voucher,zhang9157,NA,FALSE
Asplenium_colubrinum,NA,NA,NA,PP560655,NA,NA,PP561652,NA,voucher,taifliu9965,NA,FALSE
Asplenium_compressum,NA,NA,NA,GU929836,NA,NA,NA,NA,unjoined,rv8852,"Pectin-rich, helical cell wall thickenings of root cortical cells",FALSE
Asplenium_confusum,NA,NA,NA,MK826848,MK827366,MK827366,MK827872,NA,voucher,zhang6303,NA,FALSE
Asplenium_contiguum,NA,MK826442,NA,MK827001,MK827514,MK827514,MK827995,NA,voucher,wood11823,NA,FALSE
Asplenium_cordatum,NA,MK826381,NA,MK826938,MK827448,MK827448,MK827942,NA,voucher,rothfels4638,NA,FALSE
Asplenium_cornutissimum,NA,MK826364,NA,MK826922,MK827431,MK827431,MK827930,NA,monophy,NA,NA,FALSE
Asplenium_correardii,NA,NA,NA,NA,NA,NA,MK827943,NA,unjoined,NA,NA,FALSE
Asplenium_crinicaule,NA,MK826356,NA,MK826910,MK827420,MK827420,MK827921,NA,voucher,zhang8298,NA,FALSE
Asplenium_cristatum,NA,NA,NA,AY549731,NA,NA,AY549834,NA,voucher,cranfillsn,NA,FALSE
Asplenium_csikii,NA,NA,NA,KP899652,NA,NA,NA,NA,unjoined,macb58795,Iberian Aspleniaceae,FALSE
Asplenium_cuneatiforme,NA,NA,NA,MK826729,MK827256,MK827256,MK827784,NA,voucher,knapp3630,NA,FALSE
Asplenium_cuneatum,NA,NA,NA,KP774903,KP851896,KP851896,KP835389,NA,voucher,fiji15,NA,FALSE
Asplenium_cuneifolium,NA,NA,NA,KR233933,NA,KR233957,KR233944,NA,voucher,ebs173,NA,FALSE
Asplenium_currorii,NA,NA,NA,GU929845,NA,NA,NA,NA,unjoined,792824,"Pectin-rich, helical cell wall thickenings of root cortical cells",FALSE
Asplenium_cuspidatum,EF463602,EF463338,NA,EF463153,NA,NA,NA,NA,voucher,ranker2085,NA,FALSE
Asplenium_cymbifolium,NA,NA,NA,PP559932,NA,NA,PP561096,NA,voucher,taifwade3834,NA,FALSE
Asplenium_cyrtosorum,NA,MK826205,NA,MK826684,MK827214,MK827214,MK827746,NA,voucher,xu3182,NA,FALSE
Asplenium_dalhousieae,NA,NA,NA,AF538317,NA,NA,AY161000,NA,voucher,cv318,NA,FALSE
Asplenium_danxiaense,NA,NA,NA,OL981312,OL981314,OL981314,NA,NA,monophy,NA,NA,FALSE
Asplenium_dareoides,NA,NA,NA,AY300112,NA,NA,AY300059,NA,publication,NA,chloroplast phylogeny of asplenioid ferns based on rbcl and trnl-f,FALSE
Asplenium_daucifolium,NA,NA,NA,GU586808,NA,NA,NA,NA,unjoined,rv8220,The base number of 'loxoscaphoid' Asplenium species and its,FALSE
Asplenium_delavayi,NA,NA,NA,NA,NA,NA,NA,MT130545,NA,NA,NA,FALSE
Asplenium_delinghaense,NA,NA,NA,OP795813,NA,NA,NA,NA,unjoined,7617,"Asplenium delinghaense, a new species of Asplenium from west part",FALSE
Asplenium_densum,NA,NA,NA,MT657737,NA,NA,NA,NA,unjoined,dhlorence9448,Biogeography of Pacific pteridophytes in a global context,FALSE
Asplenium_dichotomum,NA,NA,NA,PP560005,NA,NA,PP561157,NA,voucher,taifwade4332,NA,FALSE
Asplenium_dielerectum,NA,NA,NA,AY549737,AY549786,AY549786,AY549840,NA,voucher,wood7775,NA,FALSE
Asplenium_dielfalcatum,NA,NA,NA,AY549738,AY549787,AY549787,AY549841,NA,voucher,wood7826,NA,FALSE
Asplenium_diellaciniatum,NA,MK826444,NA,MK827003,MK827516,MK827516,MK827996,NA,voucher,wood16032,NA,FALSE
Asplenium_dielmannii,NA,NA,NA,AY549739,NA,NA,NA,NA,unjoined,NA,Origin of the endemic fern genus Diellia coincides with the renewal,FALSE
Asplenium_dielpallidum,NA,NA,NA,AY549740,AY549789,AY549789,AY549843,NA,voucher,wood7809,NA,FALSE
Asplenium_difforme,NA,NA,NA,KP774873,KP835454,KP835454,KP835364,NA,voucher,djo336,NA,FALSE
Asplenium_dimorphum,NA,NA,NA,AY641802,NA,NA,AY641795,NA,voucher,weltp020580lrp3101,NA,FALSE
Asplenium_dissectum,NA,NA,NA,MW138223,NA,NA,NA,NA,unjoined,jhnitta780,A taxonomic and molecular survey of the pteridophytes of the,FALSE
Asplenium_dognyense,NA,NA,NA,KP774895,KP835464,KP835464,KP851901,NA,voucher,nc78,NA,FALSE
Asplenium_dregeanum,NA,NA,NA,OR099966,NA,OR100295,OR100077,NA,voucher,h1756953,NA,FALSE
Asplenium_elliottii,NA,NA,NA,AY549753,AY549817,AY549817,AY549857,NA,voucher,hemp4,NA,FALSE
Asplenium_elmeri,NA,MK826386,NA,MK826943,MK827453,MK827453,MK827947,NA,voucher,chen4638,NA,FALSE
Asplenium_emarginatum,NA,NA,NA,OR099969,NA,OR100298,OR100080,NA,voucher,h1756944,NA,FALSE
Asplenium_ensiforme,NA,MK826143,NA,MK826629,MK827156,MK827156,MK827707,NA,voucher,xugx020,NA,FALSE
Asplenium_erectum,NA,NA,NA,AY300113,AY549770,AY549770,AY300060,NA,voucher,hemp14,NA,FALSE
Asplenium_erosum,NA,NA,NA,KX397706,NA,NA,NA,NA,unjoined,meisenburgsn,Phylogenetic diversity of Florida plants,FALSE
Asplenium_excelsum,NA,MK826501,NA,MK827050,MK827576,MK827576,MK828042,NA,voucher,grusz155,NA,FALSE
Asplenium_exiguum,NA,NA,NA,PP560888,NA,NA,PP561836,NA,voucher,taiflu26009,NA,FALSE
Asplenium_falcatum,NA,MK826358,NA,MK826915,MK827424,MK827424,MK827926,NA,voucher,wu4258,NA,FALSE
Asplenium_feei,NA,NA,NA,AF525267,NA,NA,AF525244,NA,publication,NA,phylogenetic and biosystematic relationships in four highly,FALSE
Asplenium_fibrillosum,NA,NA,NA,NA,NA,NA,JQ767830,NA,unjoined,NA,NA,FALSE
Asplenium_filidens,NA,NA,NA,KP774876,KP835431,KP835431,KP835396,NA,voucher,nc85,NA,FALSE
Asplenium_fissum,NA,NA,NA,AY300114,AY549775,NA,AY300061,NA,voucher,jermy22816,NA,FALSE
Asplenium_flabellifolium,NA,NA,NA,AY283227,KP835460,MN654005,MN653989,NA,monophy,NA,NA,FALSE
Asplenium_flabellulatum,NA,NA,NA,MW620253,NA,NA,NA,NA,unjoined,ericschuettpelz1609,NA,FALSE
Asplenium_flaccidum,NA,NA,NA,AY283228,EU250847,EU250847,AY538183,NA,voucher,weltp20501,NA,FALSE
Asplenium_flexuosum,NA,NA,NA,OR099946,NA,OR100277,OR100057,NA,voucher,h1769662,NA,FALSE
Asplenium_fontanum,NA,NA,NA,KP899632,NA,KF923975,KP861413,NA,voucher,macb104527,NA,FALSE
Asplenium_forisiense,EF463594,EF463330,NA,EF463148,NA,NA,NA,NA,voucher,schuettpelz536,NA,FALSE
Asplenium_formosae,EF463595,EF463331,NA,EF463149,NA,NA,NA,NA,voucher,ranker2071,NA,FALSE
Asplenium_formosum,NA,NA,NA,MW620396,AY549796,JQ767717,AY549848,NA,monophy,NA,NA,FALSE
Asplenium_fragrans,NA,MK826384,NA,MK826941,MK827451,MK827451,MK827945,NA,voucher,rothfels5048,NA,FALSE
Asplenium_gemmiferum,NA,NA,NA,AY300117,AY549819,AY549819,AY300064,NA,voucher,hemp9,NA,FALSE
Asplenium_gibberosum,NA,NA,NA,KP774924,KP851895,KP851895,KP835378,NA,voucher,djo395,NA,FALSE
Asplenium_glenniei,NA,MK826056,NA,MK826555,MK827081,MK827081,MK827642,NA,voucher,jl00472,NA,FALSE
Asplenium_goudeyi,NA,NA,NA,KP774856,KP835449,KP835449,KP835371,NA,voucher,djo280,NA,FALSE
Asplenium_gracilifolium,NA,NA,NA,PP559924,NA,NA,PP561089,NA,voucher,taifwade3806,NA,FALSE
Asplenium_gracillimum,NA,NA,NA,KP774908,KP835435,KP835435,KP835373,NA,voucher,djo358,NA,FALSE
Asplenium_grevillei,NA,NA,NA,PP559903,NA,NA,PP561072,NA,voucher,taifwade1580,NA,FALSE
Asplenium_griffithianum,NA,MK826191,NA,MK826867,MK827384,MK827200,PP562296,NA,monophy,NA,NA,FALSE
Asplenium_guangdongense,NA,NA,NA,MK826727,MK827255,MK827255,MK827782,NA,voucher,knapp3840,NA,FALSE
Asplenium_gueinzianum,NA,MK826079,NA,MK826576,MK827104,MK827104,MK827660,NA,voucher,xu165,NA,FALSE
Asplenium_guodanum,NA,PP618683,NA,PP618681,PP618685,PP618685,NA,NA,monophy,NA,NA,FALSE
Asplenium_hainanense,NA,MK826097,NA,MK826588,MK827125,MK827125,MK827677,NA,voucher,xu109,NA,FALSE
Asplenium_haleakalense,NA,MK826463,NA,MT657722,MK827534,MK827534,MK828011,NA,monophy,NA,NA,FALSE
Asplenium_hallbergii,NA,NA,NA,AY300118,NA,NA,NA,NA,unjoined,cultmrickardvogel350,Chloroplast phylogeny of asplenioid ferns based on rbcL and trnL-F,FALSE
Asplenium_hallii,NA,NA,NA,MN781344,NA,NA,NA,NA,unjoined,turtuomisto16793,Edaphic heterogeneity and the evolutionary trajectory of Amazonian,FALSE
Asplenium_harmanii,NA,NA,NA,KP774866,KP835457,KP835457,KP835375,NA,voucher,djo343,NA,FALSE
Asplenium_harpeodes,EF463596,EF463332,NA,EF463150,NA,NA,NA,NA,voucher,schneidersn,NA,FALSE
Asplenium_hastatum,NA,MK826523,NA,GU929869,MK827600,MK827600,MK828051,NA,monophy,NA,NA,FALSE
Asplenium_haughtonii,NA,NA,NA,AF538321,NA,NA,AF525236,NA,monophy,NA,NA,FALSE
Asplenium_haurakiense,NA,NA,NA,NA,NA,NA,AY283211,NA,unjoined,NA,NA,FALSE
Asplenium_hemionitis,NA,NA,NA,OR099970,NA,OR100299,OR100081,NA,voucher,h1721535,NA,FALSE
Asplenium_hemitomum,NA,NA,NA,GU929851,NA,NA,NA,NA,unjoined,rv8423,"Pectin-rich, helical cell wall thickenings of root cortical cells",FALSE
Asplenium_heterochroum,NA,NA,NA,AY549745,AY549799,AY549799,AY549849,NA,voucher,hughes42,NA,FALSE
Asplenium_heteroresiliens,NA,NA,NA,NA,NA,NA,AY549874,NA,unjoined,NA,NA,FALSE
Asplenium_hispanicum,NA,NA,NA,AY300119,JX068781,JX068786,KP861398,NA,monophy,NA,NA,FALSE
Asplenium_hobdyi,NA,NA,NA,AY549736,AY549785,AY549785,AY549839,NA,voucher,ranker1806,NA,FALSE
Asplenium_holophlebium,NA,NA,NA,MW138124,NA,NA,NA,NA,unjoined,jhnitta763,A taxonomic and molecular survey of the pteridophytes of the,FALSE
Asplenium_holosorum,NA,MK826265,NA,MK826767,MK827292,MK827292,MK827819,NA,voucher,zhang6802,NA,FALSE
Asplenium_holstii,NA,NA,NA,OR099971,NA,OR100300,OR100082,NA,voucher,h1758152,NA,FALSE
Asplenium_hookerianum,NA,NA,NA,EF418425,EF418428,EF418428,EF418335,NA,voucher,weltp21834,NA,FALSE
Asplenium_horridum,NA,NA,NA,MT657744,NA,NA,NA,NA,unjoined,sperlman21458,Biogeography of Pacific pteridophytes in a global context,FALSE
Asplenium_hostmannii,NA,NA,NA,AY300120,NA,NA,AY300067,NA,voucher,boudrie3157,NA,FALSE
Asplenium_humbertii,NA,NA,NA,MK826849,MK827367,MK827367,MK827873,NA,voucher,zhang6304,NA,FALSE
Asplenium_humistratum,NA,MK826234,NA,MK826972,MK827305,MK827305,MK827919,NA,monophy,NA,NA,FALSE
Asplenium_hybridum,NA,NA,NA,AF240644,NA,NA,NA,NA,unjoined,NA,Phylogeny and biosystematic relationships of four subgenera in,FALSE
Asplenium_hypomelas,NA,NA,NA,OR099973,NA,OR100302,OR100084,NA,voucher,h1757865,NA,FALSE
Asplenium_inaequilaterale,NA,NA,NA,OR100006,NA,OR100332,OR100116,NA,voucher,h1771762,NA,FALSE
Asplenium_incisum,NA,NA,NA,NA,NA,NA,NA,OP345470,NA,NA,NA,FALSE
Asplenium_insiticium,NA,NA,NA,KP774864,KP835463,KP835463,KP851903,NA,voucher,fiji21,NA,FALSE
Asplenium_interjectum,NA,MK826194,NA,MK826673,MK827203,MK827203,MK827736,NA,voucher,xu2942,NA,FALSE
Asplenium_jahandiezii,NA,NA,NA,AY300121,AY549780,AY549780,AY300068,NA,monophy,NA,NA,FALSE
Asplenium_jessenii,NA,NA,NA,AF318596,NA,NA,NA,NA,unjoined,NA,Phylogenetic relationships between Asplenium bourgaei (Boiss.),FALSE
Asplenium_joellaui,NA,NA,NA,AY549742,AY549791,AY549791,AY549845,NA,voucher,wood7797,NA,FALSE
Asplenium_juglandifolium,JF832092,EF463333,JF832252,EF463151,NA,NA,NA,NA,voucher,schneidersn,NA,FALSE
Asplenium_kaulfussii,NA,MK826455,NA,MT657747,MK827526,MK827526,MK828004,NA,monophy,NA,NA,FALSE
Asplenium_keysserianum,NA,NA,NA,KP774936,KP835467,KP835467,KP835403,NA,voucher,mk13823,NA,FALSE
Asplenium_kiangsuense,NA,NA,NA,JX152738,JQ724309,JQ724309,JQ724224,NA,voucher,hitbc102303,NA,FALSE
Asplenium_kinabaluense,NA,MK826389,NA,MK826946,MK827456,MK827456,MK827949,NA,voucher,chen4594,NA,FALSE
Asplenium_kitazawae,NA,NA,NA,MK774635,NA,NA,NA,NA,unjoined,NA,Exploring natural hybridizations among Asplenium ruprechtii and,FALSE
Asplenium_laciniatum,NA,MK826349,NA,MK826903,MK827413,MK827413,MK827917,NA,voucher,zhang9248,NA,FALSE
Asplenium_lamprocaulon,NA,MK826498,NA,MK827048,MK827573,MK827573,MK828040,NA,voucher,rothfels2607,NA,FALSE
Asplenium_lamprophyllum,NA,NA,NA,AY283230,EU240021,EU240021,AY538185,NA,monophy,NA,NA,FALSE
Asplenium_laserpitiifolium,NA,MK826457,NA,MK827013,MK827528,MK827528,MK827613,NA,voucher,lorence10574,NA,FALSE
Asplenium_lepidotum,NA,NA,NA,NA,NA,NA,KX130780,NA,unjoined,NA,NA,FALSE
Asplenium_lepturus,NA,MK826272,NA,MK826774,MK827298,MK827298,NA,NA,voucher,zhang8695,NA,FALSE
Asplenium_lessinense,NA,NA,NA,GU586827,NA,NA,NA,NA,unjoined,rv9547,The base number of 'loxoscaphoid' Asplenium species and its,FALSE
Asplenium_linckii,NA,NA,NA,OR099901,NA,OR100232,OR100012,NA,voucher,h1766339,NA,FALSE
Asplenium_listeri,NA,NA,NA,KP774934,KP851891,KP851891,KP639696,NA,voucher,agsn,NA,FALSE
Asplenium_lividum,NA,NA,NA,OR099977,NA,OR100306,OR100088,NA,monophy,NA,NA,FALSE
Asplenium_lobulatum,NA,MK826390,NA,MK826947,MK827457,MK827457,MK827950,NA,voucher,chen4718,NA,FALSE
Asplenium_lolegnamense,NA,NA,NA,AF538315,NA,NA,AY160998,NA,voucher,cv985,NA,FALSE
Asplenium_longissimum,NA,MK826299,NA,MK826802,MK827324,MK827324,MK827831,NA,voucher,zhang6353,NA,FALSE
Asplenium_lorentzii,NA,NA,NA,OQ392328,NA,NA,NA,NA,unjoined,peru18554,Flora diversity survey and establishment of a plant DNA barcode,FALSE
Asplenium_loxoscaphoides,NA,NA,NA,OR100001,NA,OR100327,OR100112,NA,voucher,h1771806,NA,FALSE
Asplenium_lunulatum,NA,NA,NA,AY549732,AY549771,AY549771,AY549835,NA,voucher,cultbotgardgoett,NA,FALSE
Asplenium_lushanense,NA,NA,NA,AY545481,NA,NA,NA,NA,unjoined,NA,Relationship of Asplenium lushanense and Asplenium yunnanense based,FALSE
Asplenium_lyallii,NA,NA,NA,NA,NA,NA,AY538180,NA,unjoined,NA,NA,FALSE
Asplenium_macraei,NA,MK826458,NA,MK827014,MK827529,MK827529,MK828006,NA,voucher,wood16127,NA,FALSE
Asplenium_macrophlebium,NA,NA,NA,OR099982,NA,OR100321,OR100093,NA,publication,NA,historical biogeography of sub-saharan african spleenworts,FALSE
Asplenium_maguanense,NA,NA,NA,MN688472,NA,NA,MN688533,NA,voucher,xczhang8214,NA,FALSE
Asplenium_majus,NA,NA,NA,GU929853,NA,NA,NA,NA,unjoined,rv7427,"Pectin-rich, helical cell wall thickenings of root cortical cells",FALSE
Asplenium_mannii,NA,NA,NA,OR100005,NA,OR100331,OR100115,NA,voucher,h1771829,NA,FALSE
Asplenium_marattioides,NA,NA,NA,KP774861,KP851889,KP851889,KP835365,NA,voucher,fiji187,NA,FALSE
Asplenium_marinum,NA,NA,NA,OR099994,NA,NA,OR100105,NA,voucher,h1075254,NA,FALSE
Asplenium_mauritiensis,NA,NA,NA,KF992433,NA,NA,NA,NA,unjoined,slindsay13,Evolutionary patterns in the assembly of fern diversity on the,FALSE
Asplenium_megalura,NA,NA,NA,OR099930,NA,OR100261,OR100041,NA,voucher,h1774396,NA,FALSE
Asplenium_micantifrons,NA,NA,NA,AB574861,NA,NA,NA,NA,unjoined,NA,Molecular species identification with rich floristic sampling: DNA,FALSE
Asplenium_mickelii,NA,NA,NA,OQ999975,NA,NA,NA,NA,unjoined,jpmickel6488,Evolutionary relationship and taxonomic revision of the Asplenium,FALSE
Asplenium_micropaleatum,NA,MK826393,NA,MK826950,MK827460,MK827460,MK827953,NA,voucher,rothfels4835,NA,FALSE
Asplenium_militare,NA,NA,NA,PP560444,NA,NA,PP561524,NA,voucher,taifkuo3438,NA,FALSE
Asplenium_milnei,NA,NA,NA,JF950801,EU240022,EU240022,EU240030,NA,monophy,NA,NA,FALSE
Asplenium_minutifolium,NA,NA,NA,LC147386,NA,NA,NA,NA,unjoined,fujpnt4736,"Asplenium minutifolium (Aspleniaceae), a new species from Thailand",FALSE
Asplenium_monanthes,NA,MK826493,NA,MK827043,MK827568,MK827568,MK828036,NA,voucher,grusz08145,NA,FALSE
Asplenium_monodon,NA,NA,NA,PV007137,NA,NA,NA,NA,unjoined,danieltejerodiez5941,NA,FALSE
Asplenium_montanum,NA,MK826489,NA,MK827039,MK827563,MK827563,MK828032,NA,voucher,rothfels4210,NA,FALSE
Asplenium_musifolium,NA,MK826396,NA,MK826953,MK827463,MK827463,MK827956,NA,voucher,chen4735,NA,FALSE
Asplenium_myriophyllum,NA,NA,NA,AY300127,AY549769,AY549769,NA,NA,voucher,morton25,NA,FALSE
Asplenium_nesii,NA,NA,NA,OQ999953,NA,NA,NA,NA,unjoined,xczhang90412,Evolutionary relationship and taxonomic revision of the Asplenium,FALSE
Asplenium_nidiforme,NA,NA,KT363971,KT363965,NA,NA,KT363983,NA,voucher,dong3933,NA,FALSE
Asplenium_nidus,NA,NA,NA,NA,NA,NA,NA,MK002975,NA,NA,NA,FALSE
Asplenium_nigrescens,NA,MK826392,NA,MK826949,MK827459,MK827459,MK827952,NA,voucher,chen4685,NA,FALSE
Asplenium_nigripes,NA,NA,NA,KX856359,KX856365,KX856365,KX856354,NA,voucher,jl709,NA,FALSE
Asplenium_nitens,NA,NA,NA,GU929849,NA,NA,NA,NA,unjoined,rv8203,"Pectin-rich, helical cell wall thickenings of root cortical cells",FALSE
Asplenium_nitidum,NA,MK826395,NA,MK826952,MK827462,MK827462,MK827955,NA,voucher,knapp3311,NA,FALSE
Asplenium_normale,NA,MK826399,NA,MK826956,MK827466,MK827466,MK827958,NA,voucher,zhang672,NA,FALSE
Asplenium_normaloides,NA,MK826308,NA,MK826811,MK827332,MK827332,MK827838,NA,voucher,zhang7736,NA,FALSE
Asplenium_novo-guineense,NA,NA,NA,KP774942,KP835442,KP835442,KP639689,NA,voucher,mk13945,NA,FALSE
Asplenium_oblongifolium,NA,NA,NA,AY283231,NA,NA,AY538174,NA,voucher,weltp20508,NA,FALSE
Asplenium_obovatum,NA,NA,NA,KP899636,NA,KF923972,KP861400,NA,voucher,macb104528,NA,FALSE
Asplenium_obtusatum,NA,NA,NA,AY283232,EU240025,EU240025,AY538176,NA,voucher,weltp20510,NA,FALSE
Asplenium_octoploideum,NA,NA,NA,AF538316,NA,NA,AY161003,NA,voucher,cv709,NA,FALSE
Asplenium_oldhamii,NA,MK826073,NA,MK826570,MK827098,MK827098,MK827654,NA,voucher,xusz001,NA,FALSE
Asplenium_oligolepidum,NA,NA,NA,KP774893,KP835445,KP835445,KP835361,NA,voucher,nc95,NA,FALSE
Asplenium_oligophlebium,NA,NA,NA,JX152751,JQ724310,JQ724310,JQ724225,NA,voucher,hitbc102404,NA,FALSE
Asplenium_onopteris,NA,MK826482,NA,MK827032,MK827556,MK827556,MK828025,NA,voucher,pokornyor1,NA,FALSE
Asplenium_pachychlamys,NA,MK826401,NA,MK826958,MK827469,MK827469,MK827961,NA,monophy,NA,NA,FALSE
Asplenium_paleaceum,NA,NA,NA,KP774941,KP218779,KP218779,KP218793,NA,voucher,djo316,NA,FALSE
Asplenium_palmeri,NA,MK826042,NA,MK826539,MK827064,MK827064,MK827617,NA,voucher,rothfels08025,NA,FALSE
Asplenium_papaverifolium,NA,NA,NA,JX068707,JX068790,JX068790,JX068750,NA,publication,NA,integrative dna taxonomy discovers cryptic diploid diversity in the,FALSE
Asplenium_paucivenosum,NA,NA,NA,NA,NA,NA,NA,OM419382,NA,NA,NA,FALSE
Asplenium_pauperequitum,NA,MK826419,NA,AY283233,MK827488,MK827488,KP888649,NA,monophy,NA,NA,FALSE
Asplenium_pearcei,NA,NA,NA,KJ628630,NA,NA,NA,NA,unjoined,NA,Phylogenetic relatedness within neotropical fern communities,FALSE
Asplenium_pellucidum,NA,NA,NA,KP774853,KP835421,KP835421,KP835386,NA,voucher,djo299,NA,FALSE
Asplenium_persicifolium,NA,NA,NA,PP560313,NA,NA,PP561412,NA,voucher,taifwade5899,NA,FALSE
Asplenium_peruvianum,NA,MK826535,NA,MK827061,MK827608,MK827608,MK827632,NA,voucher,rothfels3690,NA,FALSE
Asplenium_petiolulatum,NA,NA,NA,KF992437,NA,NA,NA,NA,unjoined,quansahq4829,Evolutionary patterns in the assembly of fern diversity on the,FALSE
Asplenium_petrarchae,NA,NA,NA,AF525271,NA,NA,NA,NA,unjoined,NA,Phylogenetic and biosystematic relationships in four highly,FALSE
Asplenium_phillipsianum,NA,NA,NA,OR099910,NA,OR100241,OR100021,NA,voucher,nbg02118870,NA,FALSE
Asplenium_phyllitidis,NA,MK826199,NA,MK826678,MK827208,MK827208,MK827741,NA,voucher,xu320,NA,FALSE
Asplenium_pifongiae,NA,NA,NA,KT868824,KT868830,KT868830,KT868826,NA,voucher,taifliyaungkuo4196,NA,FALSE
Asplenium_platyneuron,NA,MK826402,NA,MK826959,NA,NA,MK827963,NA,voucher,rothfels5236,NA,FALSE
Asplenium_pleurosorum,NA,NA,NA,KT626833,NA,NA,NA,NA,unjoined,chr474971,Phylogenetic Tree of New Zealand Vascular Genera,FALSE
Asplenium_polyodon,NA,NA,NA,KP774938,KP851892,KP851892,KP639698,NA,voucher,agsn,NA,FALSE
Asplenium_polyphyllum,NA,MK826045,NA,MK826540,MK827067,MK827067,MK827620,NA,voucher,grusz08146,NA,FALSE
Asplenium_praegracile,NA,NA,NA,OR099937,NA,OR100268,OR100048,NA,voucher,h1774392,NA,FALSE
Asplenium_praemorsum,EF463604,EF463340,NA,EF463154,NA,NA,NA,NA,voucher,schuettpelz523,NA,FALSE
Asplenium_preussii,NA,NA,NA,OR099911,NA,OR100242,OR100022,NA,voucher,nbg2747530,NA,FALSE
Asplenium_prionitis,NA,NA,NA,OR099939,NA,OR100270,OR100050,NA,voucher,h1769518,NA,FALSE
Asplenium_prolongatum,NA,NA,NA,NA,NA,NA,NA,KY427332,NA,NA,NA,FALSE
Asplenium_protensum,NA,NA,NA,AY300135,AY549825,AY549825,AY300082,NA,monophy,NA,NA,FALSE
Asplenium_protomajoricum,NA,NA,NA,NA,NA,NA,GU017744,NA,unjoined,NA,NA,FALSE
Asplenium_protractum,NA,NA,NA,PP560563,NA,NA,PP561585,NA,voucher,taiflu31646,NA,FALSE
Asplenium_pseuderectum,NA,NA,NA,MW138234,NA,NA,NA,NA,unjoined,jhnitta765,A taxonomic and molecular survey of the pteridophytes of the,FALSE
Asplenium_pseudocapillipes,NA,NA,NA,NA,NA,NA,NA,OQ885476,NA,NA,NA,FALSE
Asplenium_pseudolaserpitiifolium,NA,MK826102,NA,MK826593,MK827129,MK827129,MK827681,NA,voucher,xu120,NA,FALSE
Asplenium_pseudopraemorsum,NA,MK826130,NA,MK826618,MK827149,MK827149,MK827696,NA,voucher,xu264,NA,FALSE
Asplenium_pteridoides,NA,NA,NA,KP774852,KP835446,KP835446,KP835362,NA,voucher,nc179,NA,FALSE
Asplenium_pteropus,EF463605,EF463341,NA,EF463155,NA,NA,NA,NA,voucher,ranker1843,NA,FALSE
Asplenium_pulchellum,NA,NA,NA,PV007134,NA,NA,NA,NA,unjoined,danieltejerodiez6110,NA,FALSE
Asplenium_pulcherrimum,NA,MH109136,NA,MH109142,MH109148,MH109148,NA,NA,voucher,ttjgz015,NA,FALSE
Asplenium_pumilum,NA,NA,NA,KX856361,KX856367,KX856367,KX856356,NA,voucher,jl719,NA,FALSE
Asplenium_punjabense,NA,NA,NA,AF538318,NA,NA,AY162340,NA,voucher,tr7675,NA,FALSE
Asplenium_quadrivalens,NA,NA,NA,KP774868,KP835410,KP835410,KP851907,NA,voucher,djo232,NA,FALSE
Asplenium_quaylei,NA,MK826467,NA,MT215991,MK827538,MK827538,MK828014,NA,monophy,NA,NA,FALSE
Asplenium_radicans,NA,NA,NA,GU929858,NA,NA,NA,NA,unjoined,rv10161,"Pectin-rich, helical cell wall thickenings of root cortical cells",FALSE
Asplenium_resiliens,NA,NA,NA,AY549746,AY549800,AY549800,AY549850,NA,voucher,shaw19,NA,FALSE
Asplenium_rhizophyllum,NA,MK826486,NA,MK827036,MK827560,MK827560,MK828029,NA,voucher,rothfels4057,NA,FALSE
Asplenium_richardii,NA,NA,NA,EF418427,EF418431,EF418431,EF418413,NA,voucher,weltp20515,NA,FALSE
Asplenium_ritoense,EF463607,EF463343,NA,AB574870,MK827171,MK827171,PP561798,NA,monophy,NA,NA,FALSE
Asplenium_ruprechtii,NA,NA,NA,NA,NA,NA,NA,OP345473,NA,NA,NA,FALSE
Asplenium_ruta-muraria,NA,MK826483,NA,MK827033,MK827557,MK827557,MK828026,NA,voucher,rothfels3913,NA,FALSE
Asplenium_rutaceum,NA,NA,NA,MW138237,NA,NA,NA,NA,unjoined,jhnitta761,A taxonomic and molecular survey of the pteridophytes of the,FALSE
Asplenium_rutifolium,NA,MK826404,NA,MK826961,MK827472,MK827472,NA,NA,voucher,rothfels4673,NA,FALSE
Asplenium_sagittatum,NA,NA,NA,AF240646,NA,NA,NA,NA,unjoined,NA,Phylogeny and biosystematic relationships of four subgenera in,FALSE
Asplenium_salicifolium,NA,NA,NA,AY300139,NA,NA,AY300086,NA,publication,NA,chloroplast phylogeny of asplenioid ferns based on rbcl and trnl-f,FALSE
Asplenium_sampsoni,NA,MK826227,NA,MK826707,MK827236,MK827235,MK827764,NA,voucher,sysusn,NA,FALSE
Asplenium_sancti-christofori,NA,NA,NA,MH826896,NA,NA,NA,NA,unjoined,yawplantcr403,High specialization and limited structural change in,FALSE
Asplenium_sandersonii,NA,NA,NA,OR099943,NA,OR100274,OR100054,NA,voucher,h1769517,NA,FALSE
Asplenium_sarelii,NA,NA,NA,NA,NA,NA,NA,KY427331,NA,NA,NA,FALSE
Asplenium_saxicola,NA,MK826126,NA,MK826793,MK827315,MK827315,MK827694,NA,monophy,NA,NA,FALSE
Asplenium_scalare,NA,NA,NA,GU929830,NA,NA,NA,NA,unjoined,kh155,"Pectin-rich, helical cell wall thickenings of root cortical cells",FALSE
Asplenium_scandens,NA,NA,NA,KP774880,KP835413,KP835413,KP835350,NA,monophy,NA,NA,FALSE
Asplenium_schelpei,NA,NA,NA,OR099914,NA,OR100245,OR100025,NA,voucher,nbg02651760,NA,FALSE
Asplenium_schizophyllum,NA,MK826468,NA,MK827021,MK827539,MK827539,MK828015,NA,voucher,wood16319,NA,FALSE
Asplenium_scleroprium,NA,NA,NA,NA,EU560980,EU560980,NA,NA,voucher,weltp020516,NA,FALSE
Asplenium_scolopendrioides,NA,NA,NA,PP560237,NA,NA,PP561351,NA,voucher,taifwade5650,NA,FALSE
Asplenium_scolopendrium,NA,NA,NA,NA,NA,NA,NA,MZ329814,NA,NA,NA,FALSE
Asplenium_scortechinii,NA,MK826210,NA,MK826691,MK827220,MK827220,MK827752,NA,voucher,xu315,NA,FALSE
Asplenium_seelosii,NA,NA,NA,AY300140,NA,NA,AY300087,NA,publication,NA,chloroplast phylogeny of asplenioid ferns based on rbcl and trnl-f,FALSE
Asplenium_septentrionale,JF832093,JF832152,JF832254,JF832054,NA,NA,NA,NA,voucher,larsson11,NA,FALSE
Asplenium_serra,NA,MK826408,NA,MK826965,MK827476,MK827476,MK827965,NA,voucher,rothfels4886,NA,FALSE
Asplenium_serratifolium,NA,MH509431,NA,MH509433,MH509436,MH509436,MH509438,NA,voucher,zhang7614,NA,FALSE
Asplenium_serratum,NA,NA,NA,KJ628633,NA,NA,NA,NA,unjoined,NA,Phylogenetic relatedness within neotropical fern communities,FALSE
Asplenium_serricula,NA,NA,NA,PP559579,MK827272,MK827272,MK827798,NA,monophy,NA,NA,FALSE
Asplenium_sessilifolium,NA,MK826494,NA,MK827044,MK827569,MK827569,MK828037,NA,voucher,rothfels2638,NA,FALSE
Asplenium_setisectum,NA,NA,NA,KP774932,KP835466,KP835466,KP639688,NA,voucher,mk14048,NA,FALSE
Asplenium_setoi,NA,NA,NA,PP559618,NA,NA,PP562052,NA,voucher,taifkuo942,NA,FALSE
Asplenium_shikokianum,NA,MK826177,NA,MK826655,MK827187,MK827187,NA,NA,voucher,weicsh15966,NA,FALSE
Asplenium_shimurae,NA,MK826451,NA,MK827009,NA,NA,MK828003,NA,voucher,wood16785,NA,FALSE
Asplenium_shuttleworthianum,NA,MK826462,NA,MK827017,MK827533,MK827533,MK828010,NA,voucher,lorence10578,NA,FALSE
Asplenium_simaoense,NA,MH109131,NA,MH109137,MH109143,MH109143,MH109149,NA,voucher,xkw3171,NA,FALSE
Asplenium_simii,NA,MK826492,NA,NA,MK827565,MK827565,MK828034,NA,voucher,peterbart1898,NA,FALSE
Asplenium_simile,NA,PV089712,NA,PV089708,PV089716,PV089716,NA,NA,voucher,xny1299,NA,FALSE
Asplenium_simplicifrons,NA,NA,NA,KP774909,KP835420,KP835420,KP835349,NA,voucher,djo251,NA,FALSE
Asplenium_smedsii,NA,NA,NA,OR099898,NA,OR100228,OR100009,NA,voucher,h1766287,NA,FALSE
Asplenium_soleirolioides,NA,NA,NA,NA,JQ767813,JQ767812,JQ767934,NA,monophy,NA,NA,FALSE
Asplenium_speluncae,NA,NA,NA,NA,NA,NA,NA,PX977812,NA,NA,NA,FALSE
Asplenium_sphaerosporum,NA,NA,NA,PV006907,NA,NA,NA,NA,unjoined,miriamjimenez30432,NA,FALSE
Asplenium_sphenotomum,NA,MK826470,NA,MK827022,MK827541,MK827541,MK828017,NA,voucher,wood14147,NA,FALSE
Asplenium_splendens,NA,MK826421,NA,OR099915,MK827490,OR100271,OR100026,NA,monophy,NA,NA,FALSE
Asplenium_steerei,NA,NA,NA,PP560709,NA,NA,PP562349,NA,voucher,taifzxc001395,NA,FALSE
Asplenium_stenolobum,NA,NA,NA,KP774859,KP851885,KP851885,KP835347,NA,voucher,fiji268,NA,FALSE
Asplenium_stoloniferum,NA,MK826422,NA,MK826980,MK827491,MK827491,MK827979,NA,voucher,rothfels4661,NA,FALSE
Asplenium_stuebelianum,NA,NA,NA,KJ628638,NA,NA,NA,NA,unjoined,NA,Phylogenetic relatedness within neotropical fern communities,FALSE
Asplenium_subcrenatum,NA,MK826348,NA,MK826902,MK827412,MK827412,MK827916,NA,voucher,zhang9250,NA,FALSE
Asplenium_subemarginatum,NA,NA,NA,KP774923,KP835447,KP835447,KP835360,NA,voucher,jk9026,NA,FALSE
Asplenium_subflexuosum,NA,NA,NA,KP774905,KP835414,KP835414,KP835377,NA,voucher,nc83,NA,FALSE
Asplenium_subglandulosum,NA,NA,NA,KP774929,KP835456,KP835456,KP851909,NA,voucher,djo442,NA,FALSE
Asplenium_sublaserpitiifolium,NA,MK826063,NA,MK826561,MK827088,MK827088,NA,NA,voucher,jl00263,NA,FALSE
Asplenium_subtrialatum,NA,NA,NA,PP560568,NA,NA,PP561589,NA,voucher,taiflu31877,NA,FALSE
Asplenium_surrogatum,NA,NA,NA,EU240034,EU240024,EU240024,EU240029,NA,voucher,weltp22090,NA,FALSE
Asplenium_tenerrimum,NA,MK826044,NA,NA,MK827066,MK827066,MK827619,NA,voucher,rothfels08058,NA,FALSE
Asplenium_tenerum,NA,NA,NA,NA,NA,NA,NA,MT700551,NA,NA,NA,FALSE
Asplenium_tenuifolium,NA,MK826060,NA,MH109141,MH109147,MH109147,MH109153,NA,voucher,jl00361,NA,FALSE
Asplenium_theciferum,JF832094,JF832153,JF832255,JF832055,NA,NA,NA,NA,voucher,schuettpelz258,NA,FALSE
Asplenium_thunbergii,NA,NA,NA,KP774892,KP835429,KP835429,KP835352,NA,voucher,jk9108,NA,FALSE
Asplenium_trapezoideum,NA,MK826314,NA,MK826859,MK827376,MK827376,MK827882,NA,monophy,NA,NA,FALSE
Asplenium_tricholepis,NA,NA,NA,AY549729,AY549761,AY549761,AY549832,NA,voucher,kessler12603,NA,FALSE
Asplenium_trichomanes,JF832095,EF463349,JF832256,EF463157,NA,NA,NA,NA,voucher,schuettpelz422,NA,FALSE
Asplenium_trigonopterum,NA,NA,NA,AB574880,NA,NA,NA,NA,unjoined,tns763893,Molecular species identification with rich floristic sampling: DNA,FALSE
Asplenium_triphyllum,NA,MK826525,NA,NA,MK827068,MK827068,MK827628,NA,monophy,NA,NA,FALSE
Asplenium_tripteropus,NA,MK826430,NA,MK826987,MK827500,MK827500,MK827984,NA,voucher,zhang652,NA,FALSE
Asplenium_truncatilobum,NA,NA,NA,PP560371,NA,NA,PP561460,NA,voucher,taifkuo550,NA,FALSE
Asplenium_uiryeongse,NA,NA,NA,MK774633,NA,NA,NA,NA,unjoined,NA,Exploring natural hybridizations among Asplenium ruprechtii and,FALSE
Asplenium_uniseriale,NA,MK826507,NA,NA,MK827582,MK827582,MK827616,NA,voucher,rothfels08118,NA,FALSE
Asplenium_unisorum,NA,NA,NA,AY549741,AY549790,AY549790,AY549844,NA,voucher,wood7706,NA,FALSE
Asplenium_variabile,NA,NA,NA,OR099993,NA,OR100320,OR100104,NA,voucher,h1758203,NA,FALSE
Asplenium_vespertinum,NA,MK826504,NA,MK827052,MK827579,MK827579,MK828045,NA,voucher,rothfels2554,NA,FALSE
Asplenium_vieillardii,NA,NA,NA,KP774911,KP835409,KP835409,KP835348,NA,voucher,nc9,NA,FALSE
Asplenium_viride,NA,MK826413,NA,MK826971,MK827482,MK827482,NA,NA,voucher,db12419,NA,FALSE
Asplenium_vittaeforme,NA,MK826433,NA,MK826990,MK827503,MK827503,MK827987,NA,voucher,chen4762,NA,FALSE
Asplenium_volkensii,NA,NA,NA,AY300148,NA,NA,AY300095,NA,monophy,NA,NA,FALSE
Asplenium_vulcanicum,NA,NA,NA,GU929829,NA,NA,NA,NA,unjoined,kh136,"Pectin-rich, helical cell wall thickenings of root cortical cells",FALSE
Asplenium_wangii,NA,NA,NA,PP560965,NA,NA,PP561915,NA,voucher,taifhsu6248,NA,FALSE
Asplenium_wilfordii,NA,PV089714,NA,PV089710,NA,NA,NA,NA,voucher,xkw25191,NA,FALSE
Asplenium_wrightii,NA,NA,NA,NA,NA,NA,NA,OM419360,NA,NA,NA,FALSE
Asplenium_yoshinagae,NA,NA,NA,NA,NA,NA,NA,OM419356,NA,NA,NA,FALSE
Astrolepis_cochisensis,MW057292,NA,NA,MW057268,NA,NA,NA,NA,voucher,windham3490,NA,FALSE
Astrolepis_crassifolia,MW057293,NA,NA,MW057269,NA,NA,NA,NA,voucher,windham494,NA,FALSE
Astrolepis_deltoidea,MW057294,NA,NA,MW057270,NA,NA,NA,NA,voucher,hatch279,NA,FALSE
Astrolepis_integerrima,NA,NA,NA,MW620363,NA,NA,NA,NA,unjoined,ericschuettpelz1738,NA,FALSE
Astrolepis_laevis,MW057295,NA,NA,MW057271,NA,NA,NA,NA,voucher,yatskievychgastony89265,NA,FALSE
Astrolepis_obscura,MW057296,NA,NA,MW057272,NA,NA,NA,NA,voucher,perez3559,NA,FALSE
Astrolepis_sinuata,EU268724,EF452021,NA,EF452141,NA,NA,NA,NA,voucher,schuettpelz310,NA,FALSE
Astrolepis_windhamii,KF961705,NA,NA,KF961768,DQ914136,DQ914136,EU831185,NA,monophy,NA,NA,FALSE
Athyrium_aberrans,NA,NA,NA,OL519813,OL519812,OL519812,OL519811,NA,voucher,zhangl2929,NA,FALSE
Athyrium_acutipinnulum,NA,NA,NA,NA,NA,NA,NA,PV040735,NA,NA,NA,FALSE
Athyrium_akiense,NA,NA,NA,EU329057,NA,NA,EU329100,NA,publication,NA,molecular phylogeny of the lady fern genus athyrium in japan based,FALSE
Athyrium_amoenum,MG183590,MG183358,MG183285,MG183206,MG183437,MG183437,MG183508,NA,voucher,hovenkamppph066,NA,FALSE
Athyrium_angustum,MG183614,MG183383,MG183307,MG183230,MG183460,MG183460,MG183532,NA,voucher,zhangxc3794,NA,FALSE
Athyrium_anisopterum,NA,NA,NA,NA,NA,NA,NA,KY419703,NA,NA,NA,FALSE
Athyrium_araiostegioides,MG183592,MG183360,MG183287,MG183208,MG183438,MG183438,MG183510,NA,voucher,weir20150619,NA,FALSE
Athyrium_arcuatum,NA,MK055808,MK055814,MK055823,NA,MK055793,MK055803,NA,publication,NA,"phylogenetic relationships of neotropical lady ferns (athyriaceae),",FALSE
Athyrium_arisanense,NA,NA,NA,PP560470,NA,NA,PP561546,NA,voucher,taifkuo3821,NA,FALSE
Athyrium_asplenioides,NA,NA,NA,KP643925,NA,NA,NA,NA,unjoined,scbisigeo130323,Forensic analysis of white tailed deer diet,FALSE
Athyrium_atkinsonii,MG183593,MG183361,MG183288,MG183209,MG183439,MG183439,MG183511,NA,voucher,tangydyd060,NA,FALSE
Athyrium_attenuatum,MG183594,MG183362,MG183289,MG183210,MG183440,MG183440,MG183512,NA,monophy,NA,NA,FALSE
Athyrium_auriculatum,NA,NA,NA,PP561033,NA,NA,PP561994,NA,voucher,taifzxc002292,NA,FALSE
Athyrium_biserrulatum,MG183595,MG183363,MG183290,MG183211,MG183441,MG183441,MG183513,NA,voucher,zhangxc2684,NA,FALSE
Athyrium_bourgaeui,NA,NA,MK055815,MK055825,NA,MK055794,NA,NA,voucher,sundue123vt,NA,FALSE
Athyrium_brevipinnulum,NA,NA,NA,PP560664,NA,NA,PP561659,NA,voucher,taifliu9581,NA,FALSE
Athyrium_chingianum,FJ821357,NA,NA,FJ821342,NA,NA,FJ821327,NA,voucher,taifycliu9437,NA,FALSE
Athyrium_christensenii,MG183596,MG183364,MG183291,MG183212,MG183442,MG183442,MG183514,NA,voucher,weirwr0392,NA,FALSE
Athyrium_clarkei,MG183597,MG183365,MG183292,MG183213,MG183443,MG183443,MG183515,NA,voucher,zhangxc4826,NA,FALSE
Athyrium_clemensiae,MG183598,MG183366,MG183293,MG183214,MG183444,MG183444,MG183516,NA,voucher,hovenkamppph088,NA,FALSE
Athyrium_clivicola,NA,NA,NA,NA,NA,NA,NA,OQ992617,NA,NA,NA,FALSE
Athyrium_cryptogrammoides,FJ821350,NA,NA,FJ821335,NA,NA,FJ821320,NA,voucher,taifycliu9121,NA,FALSE
Athyrium_decorum,MG183600,MG183368,MG183294,MG183216,MG183446,MG183446,MG183518,NA,voucher,zhangxc8115,NA,FALSE
Athyrium_delavayi,MG183601,MG183369,MG183295,MG183217,MG183447,MG183447,MG183519,NA,voucher,zhangxc5732,NA,FALSE
Athyrium_deltoidofrons,NA,NA,NA,NA,NA,NA,NA,OQ992618,NA,NA,NA,FALSE
Athyrium_devolii,MG183603,MG183372,MG183296,MG183219,MG183449,MG183449,MG183521,NA,voucher,zhangxc2623,NA,FALSE
Athyrium_dissitifolium,MG183604,MG183373,MG183297,MG183220,MG183450,MG183450,MG183522,NA,voucher,zhangxc2473,NA,FALSE
Athyrium_distans,NA,NA,NA,PP560316,NA,NA,PP561415,NA,voucher,taifwade5912,NA,FALSE
Athyrium_dombeyi,NA,NA,MK055817,MK055826,NA,MK055798,MK055806,NA,voucher,sundue4962vt,NA,FALSE
Athyrium_drepanopteron,MG183605,MG183374,MG183298,MG183221,MG183451,MG183451,MG183523,NA,voucher,zhangxc5295,NA,FALSE
Athyrium_dubium,NA,NA,NA,NA,NA,NA,NA,MT130610,NA,NA,NA,FALSE
Athyrium_eburneum,NA,NA,NA,PP560474,NA,NA,PP561789,NA,voucher,taifkuo3838,NA,FALSE
Athyrium_elongatum,MG183608,MG183377,MG183301,MG183224,MG183454,MG183454,MG183526,NA,voucher,weirlizyjgs008,NA,FALSE
Athyrium_epirachis,MG183610,MG183379,MG183303,MG183226,MG183456,MG183456,MG183528,NA,voucher,ebiharaa103029,NA,FALSE
Athyrium_erythropodum,NA,NA,NA,PP559847,NA,NA,PP561977,NA,voucher,taifzxc001560,NA,FALSE
Athyrium_fallaciosum,MG183643,MG183412,MG183334,MG183258,MG183485,MG183485,MG183559,NA,voucher,ebiharaa102199,NA,FALSE
Athyrium_fangii,FJ821359,NA,NA,FJ821344,NA,NA,FJ821329,NA,voucher,taifycliu9443,NA,FALSE
Athyrium_filix-femina,MG183612,MG183381,MG183305,MG183228,MG183458,MG183458,MG183530,NA,voucher,zhangxc5610,NA,FALSE
Athyrium_fimbriatum,MG183615,MG183384,MG183308,MG183231,MG183461,MG183461,MG183533,NA,voucher,zhangxc6311,NA,FALSE
Athyrium_foliolosum,NA,NA,NA,NA,NA,NA,NA,MT130638,NA,NA,NA,FALSE
Athyrium_hainanense,MG183617,MG183386,MG183310,MG183233,MG183463,MG183463,MG183535,NA,voucher,dongsyhn141,NA,FALSE
Athyrium_haleakalae,NA,NA,NA,MT657449,NA,NA,NA,NA,unjoined,krwood15624,Biogeography of Pacific pteridophytes in a global context,FALSE
Athyrium_himalaicum,MG183618,MG183387,MG183311,MG183234,MG183464,MG183464,MG183536,NA,voucher,zhangxc5260,NA,FALSE
Athyrium_hisatsuanum,NA,NA,NA,EU329058,NA,NA,EU329101,NA,publication,NA,molecular phylogeny of the lady fern genus athyrium in japan based,FALSE
Athyrium_infrapuberulum,MG183619,MG183388,MG183312,MG183235,MG183465,MG183465,MG183537,NA,voucher,sn,NA,FALSE
Athyrium_iseanum,NA,NA,NA,NA,NA,NA,NA,OQ992619,NA,NA,NA,FALSE
Athyrium_kenzo-satakei,MG183620,MG183389,MG183313,MG183236,MG183466,MG183466,MG183538,NA,voucher,jiangrh6006,NA,FALSE
Athyrium_kuratae,NA,NA,NA,AB574906,NA,NA,NA,NA,unjoined,tns762678,Molecular species identification with rich floristic sampling: DNA,FALSE
Athyrium_leiopodum,NA,NA,NA,PP560839,NA,NA,PP561788,NA,voucher,taifkuo3837,NA,FALSE
Athyrium_mackinnoniorum,MG183621,MG183390,MG183314,MG183237,MG183467,MG183467,MG183539,NA,voucher,zhangxc4733,NA,FALSE
Athyrium_masamunei,NA,NA,NA,AB574929,NA,NA,NA,NA,unjoined,tns763224,Molecular species identification with rich floristic sampling: DNA,FALSE
Athyrium_mearnsianum,NA,NA,NA,PP560662,NA,NA,PP561657,NA,voucher,taifliu9568,NA,FALSE
Athyrium_mehrae,MG183622,MG183391,MG183315,MG183238,MG183468,MG183468,MG183540,NA,voucher,flphxizangexpedition120831,NA,FALSE
Athyrium_melanolepis,MG183623,MG183392,MG183316,MG183239,MG183469,MG183469,MG183541,NA,voucher,ebiharaa102277,NA,FALSE
Athyrium_microphyllum,NA,NA,NA,MT657451,NA,NA,NA,NA,unjoined,krwood16175,Biogeography of Pacific pteridophytes in a global context,FALSE
Athyrium_minimum,NA,NA,NA,PP560753,NA,NA,PP562361,NA,voucher,taifzxc002363,NA,FALSE
Athyrium_monomachii,NA,NA,NA,NA,NA,NA,NA,MZ736597,NA,NA,NA,FALSE
Athyrium_nakanoi,MG183624,MG183393,MG183317,MG183240,MG183470,MG183470,MG183542,NA,voucher,weirst1629,NA,FALSE
Athyrium_neglectum,NA,NA,NA,AB574910,NA,NA,NA,NA,unjoined,tns765794,Molecular species identification with rich floristic sampling: DNA,FALSE
Athyrium_newtonii,MG183628,MG183397,MG183321,MG183244,MG183474,MG183474,MG183546,NA,monophy,NA,NA,FALSE
Athyrium_nigripes,MG183629,MG183398,MG183322,MG183245,MG183475,MG183475,MG183547,NA,voucher,zhangxc4825,NA,FALSE
Athyrium_nikkoense,MG183631,MG183400,MG183324,MG183247,MG183477,MG183477,EU329084,NA,monophy,NA,NA,FALSE
Athyrium_nitidulum,NA,NA,NA,NA,NA,NA,OR537929,NA,unjoined,NA,NA,FALSE
Athyrium_nyalamense,MG183632,MG183401,NA,MG183248,NA,NA,NA,NA,voucher,zhangxc5059,NA,FALSE
Athyrium_oblitescens,NA,NA,NA,AB574914,NA,NA,NA,NA,unjoined,tns766435,Molecular species identification with rich floristic sampling: DNA,FALSE
Athyrium_omeiense,MG183633,MG183402,MG183325,MG183249,MG183478,MG183478,MG183550,NA,voucher,zhangxc5146,NA,FALSE
Athyrium_oppositipennum,NA,NA,NA,NA,NA,NA,NA,OQ992621,NA,NA,NA,FALSE
Athyrium_otophorum,NA,NA,NA,NA,NA,NA,NA,OQ992620,NA,NA,NA,FALSE
Athyrium_pachyphyllum,MG183636,MG183405,MG183328,MG183252,MG183480,MG183480,MG183553,NA,voucher,weirwr0343,NA,FALSE
Athyrium_palustre,NA,NA,NA,PP559767,NA,NA,PP562196,NA,voucher,taifkuo2527,NA,FALSE
Athyrium_pectinatum,MG183637,MG183406,MG183329,MG183253,MG183481,MG183481,MG183554,NA,voucher,zhangxc5280,NA,FALSE
Athyrium_pinetorum,NA,NA,NA,AB574918,NA,NA,NA,NA,unjoined,tns766465,Molecular species identification with rich floristic sampling: DNA,FALSE
Athyrium_pubicostatum,MG183638,MG183407,NA,MG183254,MG183482,MG183482,MG183555,NA,voucher,zhangxc2660,NA,FALSE
Athyrium_pulcherrimum,NA,NA,OR546083,NA,NA,NA,OR537930,NA,voucher,wt11,NA,FALSE
Athyrium_puncticaule,NA,NA,NA,PP561018,NA,NA,PP561975,NA,voucher,taifzxc001484,NA,FALSE
Athyrium_purpurascens,NA,NA,NA,PP560587,NA,NA,PP561604,NA,voucher,taiflu32307,NA,FALSE
Athyrium_rhachidisorum,MG183641,MG183410,MG183332,MG183256,NA,NA,NA,NA,voucher,weirst2059,NA,FALSE
Athyrium_roseum,MG183642,MG183411,MG183333,MG183257,MG183484,MG183484,MG183558,NA,voucher,zhangxc2975,NA,FALSE
Athyrium_rupicola,MG183644,MG183413,MG183335,MG183259,MG183486,MG183486,MG183560,NA,voucher,zhangxc5788,NA,FALSE
Athyrium_scandicinum,MG183645,MG183414,NA,KF992442,MG183487,MG183487,MG183561,NA,monophy,NA,NA,FALSE
Athyrium_schizochlamys,MG183646,MG183415,MG183336,MG183261,MG183488,MG183488,MG183562,NA,voucher,zhangxc2457,NA,FALSE
Athyrium_sericellum,MG183647,MG183416,MG183337,MG183262,MG183489,MG183489,MG183563,NA,voucher,zhangxc8645,NA,FALSE
Athyrium_sessilipinnum,MG183648,MG183417,MG183338,MG183263,MG183490,MG183490,MG183564,NA,monophy,NA,NA,FALSE
Athyrium_setiferum,FJ821358,NA,NA,FJ821343,NA,NA,FJ821328,NA,voucher,taifycliu9439,NA,FALSE
Athyrium_setuligerum,NA,NA,NA,AB574921,NA,NA,NA,NA,unjoined,tns776386,Molecular species identification with rich floristic sampling: DNA,FALSE
Athyrium_silvicola,FJ821349,NA,NA,FJ821334,NA,NA,FJ821319,NA,voucher,taifycliusn,NA,FALSE
Athyrium_sinense,NA,NA,NA,NA,NA,NA,NA,KY427333,NA,NA,NA,FALSE
Athyrium_sohayakiense,NA,NA,NA,LC484390,NA,NA,NA,NA,unjoined,tns776947,An update and reassessment of fern and lycophyte diversity data in,FALSE
Athyrium_solenopteris,MG183649,MG183418,MG183339,MG183264,MG183491,MG183491,NA,NA,voucher,weirpebo2001,NA,FALSE
Athyrium_spinescens,NA,NA,NA,LC484391,NA,NA,NA,NA,unjoined,tns1278504,An update and reassessment of fern and lycophyte diversity data in,FALSE
Athyrium_spinulosum,NA,NA,NA,NA,NA,NA,NA,OQ992622,NA,NA,NA,FALSE
Athyrium_strigillosum,MG183652,MG183421,NA,MG183267,MG183493,MG183493,MG183567,NA,voucher,zhangxc2406,NA,FALSE
Athyrium_subrigescens,NA,NA,NA,PP560682,NA,NA,PP561673,NA,voucher,taifcyh20180921007,NA,FALSE
Athyrium_tashiroi,NA,NA,NA,AB574927,NA,NA,NA,NA,unjoined,tns743726,Molecular species identification with rich floristic sampling: DNA,FALSE
Athyrium_tokashikii,NA,NA,NA,EU329059,NA,NA,EU329102,NA,publication,NA,molecular phylogeny of the lady fern genus athyrium in japan based,FALSE
Athyrium_tozanense,MG183661,MG183430,MG183349,MG183276,MG183502,MG183502,MG183576,NA,voucher,weirst320,NA,FALSE
Athyrium_tripinnatum,NA,NA,NA,PP560465,NA,NA,PP562248,NA,voucher,taifkuo3792,NA,FALSE
Athyrium_vidalii,NA,NA,NA,NA,NA,NA,NA,OQ992623,NA,NA,NA,FALSE
Athyrium_viridescentipes,NA,NA,NA,AB574930,NA,NA,NA,NA,unjoined,tns777858,Molecular species identification with rich floristic sampling: DNA,FALSE
Athyrium_viviparum,MG183657,MG183426,NA,MG183272,MG183498,MG183498,MG183572,NA,voucher,zhangxc5744,NA,FALSE
Athyrium_wallichianum,MG183658,MG183427,MG183346,MG183273,MG183499,MG183499,MG183573,NA,voucher,tangydpx026,NA,FALSE
Athyrium_wardii,NA,NA,NA,NA,NA,NA,NA,OQ992624,NA,NA,NA,FALSE
Athyrium_yakusimense,NA,NA,NA,LC484393,NA,NA,NA,NA,unjoined,fustaganesn,An update and reassessment of fern and lycophyte diversity data in,FALSE
Athyrium_yokoscense,NA,NA,NA,NA,NA,NA,NA,OQ992625,NA,NA,NA,FALSE
Austroblechnum_andinum,NA,NA,NA,KU898604,KU898550,KU898550,NA,NA,voucher,bhcbsalinosn,NA,FALSE
Austroblechnum_colensoi,NA,NA,NA,KF975783,KF975739,KF975739,DQ683380,NA,monophy,NA,NA,FALSE
Austroblechnum_divergens,NA,NA,NA,KU898605,KU898548,KU898548,KU898664,NA,monophy,NA,NA,FALSE
Austroblechnum_doodioides,NA,NA,NA,AB040552,NA,NA,NA,NA,unjoined,NA,"Phylogenetic analysis of Blechnaceae (Filicales, Filicophyta) based",FALSE
Austroblechnum_durum,NA,NA,NA,KF975788,KF975744,KF975744,NA,NA,voucher,weltp021176,NA,FALSE
Austroblechnum_fernandezianum,NA,NA,NA,KF975780,KF975736,KF975736,NA,NA,voucher,weltp021168,NA,FALSE
Austroblechnum_lanceolatum,NA,NA,NA,KJ170817,KJ170790,KJ170790,KJ170844,NA,voucher,melusn,NA,FALSE
Austroblechnum_lechleri,NA,NA,NA,KU898608,KU898553,KU898553,KU898667,NA,voucher,silarsen252,NA,FALSE
Austroblechnum_lehmannii,NA,NA,NA,KU898606,KU898551,KU898551,KU898665,NA,voucher,bhcbalmeida3374,NA,FALSE
Austroblechnum_lherminieri,NA,NA,NA,MW138118,NA,NA,NA,NA,unjoined,jhnitta2276,A taxonomic and molecular survey of the pteridophytes of the,FALSE
Austroblechnum_melanocaulon,NA,NA,NA,NA,NA,NA,NA,KY427334,NA,NA,NA,FALSE
Austroblechnum_membranaceum,NA,NA,NA,KF975795,KF975751,KF975751,NA,NA,voucher,weltp021184,NA,FALSE
Austroblechnum_microphyllum,NA,NA,NA,KU898607,KU898552,KU898552,KU898666,NA,voucher,sibiganzoli2141,NA,FALSE
Austroblechnum_norfolkianum,NA,NA,NA,KF975801,KF975757,KF975757,NA,NA,voucher,weltp021211,NA,FALSE
Austroblechnum_patersonii,NA,NA,NA,KJ170823,KJ170796,KJ170796,KJ170850,NA,voucher,melusn,NA,FALSE
Austroblechnum_penna-marina,NA,NA,NA,KJ170824,KJ170797,KJ170797,KJ170851,NA,voucher,melusn,NA,FALSE
Austroblechnum_raiateense,NA,NA,NA,KY099776,NA,NA,NA,NA,unjoined,nitta698,Life cycle matters: DNA barcoding reveals contrasting community,FALSE
Austroblechnum_squamipes,NA,NA,NA,KU898610,KU898555,KU898555,KU898669,NA,voucher,bhcbsalino14737,NA,FALSE
Austroblechnum_stoloniferum,NA,NA,NA,KU898611,KU898556,KU898556,KU898670,NA,publication,NA,a classification for blechnaceae (polypodiales: polypodiopsida):,FALSE
Austroblechnum_vieillardii,NA,NA,NA,AB040572,NA,NA,KF975730,NA,monophy,NA,NA,FALSE
Austroblechnum_wardiae,NA,NA,NA,KU898612,KU898557,KU898557,KU898671,NA,voucher,bhcbsalino15367,NA,FALSE
Austrogramme_boerlageana,NA,NA,NA,OK650029,OL311319,OL311319,NA,NA,voucher,karger1057,NA,FALSE
Austrogramme_decipiens,NA,NA,NA,OK650030,AF321702,OL311320,NA,NA,monophy,NA,NA,FALSE
Austrogramme_marginata,NA,NA,NA,NA,AY357704,AY357704,NA,NA,publication,NA,"phylogenetic relationships of the subfamily taenitidoideae,",FALSE
Azolla_caroliniana,NA,NA,NA,NA,NA,NA,NA,MF177092,NA,NA,NA,FALSE
Azolla_cristata,NA,NA,NA,NA,NA,NA,NA,MF177089,NA,NA,NA,FALSE
Azolla_filiculoides,NA,NA,NA,NA,NA,NA,NA,MF177094,NA,NA,NA,FALSE
Azolla_nilotica,NA,NA,NA,NA,NA,NA,NA,MF177090,NA,NA,NA,FALSE
Azolla_pinnata,NA,NA,NA,NA,NA,NA,NA,ON684377,NA,NA,NA,FALSE
Azolla_rubra,NA,NA,NA,NA,NA,NA,NA,MF177091,NA,NA,NA,FALSE
Baja_brandegeei,MK020101,NA,NA,MK020113,NA,NA,NA,NA,monophy,NA,NA,FALSE
Blechnidium_melanopus,NA,NA,NA,NA,NA,NA,NA,MT130662,NA,NA,NA,FALSE
Blechnopsis_finlaysoniana,NA,KC542942,NA,KC525959,NA,NA,NA,NA,voucher,sy002,NA,FALSE
Blechnopsis_orientalis,NA,NA,NA,NA,NA,NA,NA,PP533479,NA,NA,NA,FALSE
Blechnum_appendiculatum,NA,NA,NA,KU898613,KU898558,KU898558,KU898672,NA,voucher,bhcbsalino15454,NA,FALSE
Blechnum_areolatum,NA,NA,NA,KU898614,KU898559,KU898559,KU898673,NA,voucher,bhcbsalino15184,NA,FALSE
Blechnum_asplenioides,NA,NA,NA,KU898615,KU898560,KU898560,KU898674,NA,voucher,bhcbsalino14449,NA,FALSE
Blechnum_auriculatum,NA,NA,NA,KU898616,KU898561,KU898561,KU898675,NA,voucher,furbfunez2162,NA,FALSE
Blechnum_australe,NA,NA,NA,KF992445,NA,NA,NA,NA,unjoined,shennequinr17,Evolutionary patterns in the assembly of fern diversity on the,FALSE
Blechnum_austrobrasilianum,NA,NA,NA,KU898617,KU898562,KU898562,KU898676,NA,voucher,bhcbalmeida3372,NA,FALSE
Blechnum_caudatum,NA,NA,NA,KU898618,KU898563,KU898563,KU898677,NA,voucher,bhcbalmeida3371,NA,FALSE
Blechnum_confluens,NA,NA,NA,KU898625,KU898569,KU898569,KU898682,NA,voucher,lpbkessler13457,NA,FALSE
Blechnum_gracile,EF463615,EF463351,NA,EF463158,NA,NA,NA,NA,voucher,schuettpelz293,NA,FALSE
Blechnum_gracilipes,NA,NA,NA,NA,NA,NA,KU898679,NA,unjoined,NA,NA,FALSE
Blechnum_hastatum,NA,NA,NA,KU898619,KU898564,KU898564,NA,NA,voucher,sizuloaga11322,NA,FALSE
Blechnum_laevigatum,NA,NA,NA,KU898621,KU898566,KU898566,NA,NA,voucher,mbmcanestraro527,NA,FALSE
Blechnum_lanceola,NA,NA,NA,KU898622,KU898567,KU898567,KU898680,NA,voucher,bhcblaurent275,NA,FALSE
Blechnum_longipilosum,NA,NA,NA,KU898626,KU898570,KU898570,KU898683,NA,voucher,bhcbsalino15570,NA,FALSE
Blechnum_occidentale,EF452080,EU352268,NA,EU352296,NA,NA,NA,NA,voucher,wolf289,NA,FALSE
Blechnum_polypodioides,JF832100,EF463352,JF832260,EF463159,NA,NA,NA,NA,voucher,schuettpelz294,NA,FALSE
Blechnum_punctulatum,NA,NA,NA,KF975811,KF975767,KF975767,NA,NA,voucher,weltp021215,NA,FALSE
Blechnum_rivulorum,NA,NA,NA,ON645313,ON645314,ON645314,ON645315,NA,voucher,bhcbalmeida2635,NA,FALSE
Blechnum_rosulatum,NA,NA,NA,PQ784960,PQ900459,PQ900459,PQ900460,NA,voucher,bschindler361,NA,FALSE
Blotiella_aurita,NA,NA,NA,NA,NA,NA,NA,OP081137,NA,NA,NA,FALSE
Blotiella_coursii,NA,NA,NA,NA,NA,NA,NA,MT130655,NA,NA,NA,FALSE
Blotiella_glabra,NA,NA,NA,NA,NA,NA,NA,OP168835,NA,NA,NA,FALSE
Blotiella_madagascariensis,NA,NA,NA,NA,NA,NA,NA,OP081099,NA,NA,NA,FALSE
Blotiella_pubescens,EF463651,EF463372,NA,U05911,KT345854,KT345854,NA,NA,monophy,NA,NA,FALSE
Blotiella_stipitata,MH289651,NA,NA,MG944780,MH289683,MH289683,MG944795,NA,voucher,sg1185,NA,FALSE
Bolbitis_acrostichoides,NA,NA,NA,KJ464420,NA,GU376645,GU376501,NA,monophy,NA,NA,FALSE
Bolbitis_aliena,NA,NA,NA,NA,NA,NA,NA,OP432086,NA,NA,NA,FALSE
Bolbitis_angustipinna,NA,NA,NA,NA,NA,NA,NA,PP471972,NA,NA,NA,FALSE
Bolbitis_appendiculata,NA,NA,NA,NA,NA,NA,NA,MT130676,NA,NA,NA,FALSE
Bolbitis_arguta,NA,NA,NA,PP559943,NA,NA,PP561104,NA,voucher,taifwade3872,NA,FALSE
Bolbitis_auriculata,EF463665,EF463381,NA,EF463170,NA,NA,NA,NA,voucher,rakotondrainibe6611,NA,FALSE
Bolbitis_beddomei,NA,NA,NA,MK779194,NA,NA,NA,NA,unjoined,NA,NA,FALSE
Bolbitis_bipinnatifida,NA,NA,NA,NA,NA,GU376676,GU376530,NA,voucher,rouhan155,NA,FALSE
Bolbitis_cadieri,NA,NA,NA,PP559892,NA,NA,PP561062,NA,voucher,taifwade1419,NA,FALSE
Bolbitis_christensenii,NA,NA,NA,PP560145,NA,NA,PP561276,NA,voucher,taifwade5220,NA,FALSE
Bolbitis_costata,NA,NA,NA,KT225395,NA,NA,NA,NA,unjoined,NA,RbcL sequence of ferns,FALSE
Bolbitis_crispatula,NA,NA,NA,ON820495,ON820387,ON820387,ON820275,NA,voucher,zhouzlz204,NA,FALSE
Bolbitis_deltigera,NA,NA,NA,NA,NA,NA,NA,OP432085,NA,NA,NA,FALSE
Bolbitis_feeiana,NA,NA,NA,PP908684,NA,NA,NA,NA,unjoined,NA,NA,FALSE
Bolbitis_fengiana,NA,NA,NA,ON820498,ON820390,ON820389,ON820277,NA,monophy,NA,NA,FALSE
Bolbitis_fluviatilis,NA,NA,NA,NA,NA,GU376656,GU376510,NA,voucher,carvalho6457,NA,FALSE
Bolbitis_gemmifer,NA,NA,NA,NA,NA,GU376657,GU376511,NA,voucher,fay1001,NA,FALSE
Bolbitis_hainanensis,NA,NA,NA,ON820500,ON820393,ON820393,ON820281,NA,voucher,wangfg56131,NA,FALSE
Bolbitis_hastata,NA,NA,NA,MW620412,NA,NA,NA,NA,unjoined,ericschuettpelz1800,NA,FALSE
Bolbitis_hekouensis,NA,NA,NA,NA,NA,NA,NA,OP379655,NA,NA,NA,FALSE
Bolbitis_heteroclita,NA,NA,NA,NA,NA,NA,NA,MT130550,NA,NA,NA,FALSE
Bolbitis_heudelotii,NA,NA,NA,NA,NA,GU376662,GU376515,NA,voucher,fay1167,NA,FALSE
Bolbitis_humblotii,NA,NA,NA,KJ464422,NA,NA,NA,NA,unjoined,razafitsala115,Phylogeny and historical biogeography of the lastreopsid ferns,FALSE
Bolbitis_laxireticulata,NA,NA,NA,NA,NA,NA,NA,OM350395,NA,NA,NA,FALSE
Bolbitis_lianhuachihensis,NA,NA,NA,PP561016,NA,NA,PP561973,NA,voucher,taifchao3006,NA,FALSE
Bolbitis_lonchophora,NA,NA,NA,KY099778,NA,NA,NA,NA,unjoined,nitta203,Life cycle matters: DNA barcoding reveals contrasting community,FALSE
Bolbitis_major,NA,NA,NA,ON820478,ON820367,ON820367,ON820256,NA,voucher,gaoxf10929,NA,FALSE
Bolbitis_medogensis,NA,NA,NA,ON820508,ON820403,ON820403,NA,NA,publication,NA,"phylogeny, character evolution, and biogeography of the fern genus",FALSE
Bolbitis_multipinna,NA,NA,NA,NA,NA,NA,NA,OM891302,NA,NA,NA,FALSE
Bolbitis_nanjenensis,NA,NA,NA,PP561020,NA,NA,PP561980,NA,voucher,taifzxc001789,NA,FALSE
Bolbitis_nodiflora,NA,NA,NA,ON820526,ON820422,ON820422,ON820311,NA,voucher,zhang9848,NA,FALSE
Bolbitis_portoricensis,NA,NA,NA,KJ628645,NA,GU376670,GU376524,NA,monophy,NA,NA,FALSE
Bolbitis_quoyana,NA,NA,NA,MT657679,NA,NA,NA,NA,unjoined,gmplunkett2924,Biogeography of Pacific pteridophytes in a global context,FALSE
Bolbitis_repanda,NA,NA,NA,AB232399,NA,NA,NA,NA,unjoined,tsutsumiin125,Evolution of Epiphytes in Davalliaceae and Related Ferns,FALSE
Bolbitis_rhizophylla,NA,NA,NA,PP560725,NA,MK639323,PP562357,NA,monophy,NA,NA,FALSE
Bolbitis_salicina,NA,NA,NA,NA,NA,GU376671,GU376525,NA,voucher,fay1185,NA,FALSE
Bolbitis_scalpturata,NA,NA,NA,PP560897,NA,NA,PP561843,NA,voucher,taiflu26315,NA,FALSE
Bolbitis_semicordata,NA,NA,NA,MK562517,NA,NA,NA,NA,unjoined,NA,NA,FALSE
Bolbitis_semipinnatifida,NA,NA,NA,KJ628646,NA,NA,NA,NA,unjoined,NA,Phylogenetic relatedness within neotropical fern communities,FALSE
Bolbitis_serratifolia,NA,MG600314,NA,NA,NA,GU376674,GU376528,NA,monophy,NA,NA,FALSE
Bolbitis_sinensis,NA,NA,NA,NA,NA,NA,NA,OP359065,NA,NA,NA,FALSE
Bolbitis_sinuata,NA,NA,NA,PP559971,NA,GU376675,GU376529,NA,monophy,NA,NA,FALSE
Bolbitis_subcordata,NA,NA,NA,NA,NA,NA,NA,MT130686,NA,NA,NA,FALSE
Bolbitis_tibetica,NA,NA,NA,ON820481,ON820372,ON820372,ON820259,NA,voucher,t05405,NA,FALSE
Bolbitis_tonkinensis,NA,NA,NA,NA,NA,NA,NA,OP432084,NA,NA,NA,FALSE
Bolbitis_virens,NA,NA,NA,ON820477,ON820365,ON820365,ON820254,NA,voucher,knapp3830,NA,FALSE
Bommeria_ehrenbergiana,NA,NA,NA,U19497,NA,NA,NA,NA,unjoined,NA,Phylogeny and generic circumscriptions of cheilanthoid ferns,FALSE
Bommeria_elegans,NA,NA,NA,U27729,NA,NA,NA,NA,unjoined,NA,Phylogeny and generic circumscriptions of cheilanthoid ferns,FALSE
Bommeria_hispida,NA,NA,NA,NA,NA,NA,NA,MH173074,NA,NA,NA,FALSE
Bommeria_pedata,MK020105,NA,NA,MK020114,NA,NA,NA,NA,monophy,NA,NA,FALSE
Bommeria_subpaleacea,MK020106,NA,NA,MK020115,NA,NA,NA,NA,voucher,mexurojasmartinez520,NA,FALSE
Boonkerdia_cornigera,NA,OQ702709,NA,OQ708580,OQ717278,OQ717282,OQ717097,NA,monophy,NA,NA,FALSE
Bosmania_lastii,NA,NA,NA,EU482961,NA,NA,EU483058,NA,voucher,perier7937,NA,FALSE
Bosmania_membranacea,NA,NA,NA,NA,NA,NA,NA,MT130574,NA,NA,NA,FALSE
Botrychium_alaskense,NA,NA,NA,MG215098,NA,NA,NA,NA,unjoined,ccdb18347g1,Using herbarium-derived DNAs to assemble a large-scale DNA barcode,FALSE
Botrychium_angustisegmentum,NA,NA,KY191059,NA,NA,NA,NA,NA,unjoined,NA,NA,FALSE
Botrychium_ascendens,NA,NA,NA,MG215271,NA,NA,NA,NA,unjoined,ccdb23327e04,Using herbarium-derived DNAs to assemble a large-scale DNA barcode,FALSE
Botrychium_boreale,NA,NA,NA,DQ849126,NA,NA,NA,NA,unjoined,NA,A Phylogenetic Investigation of Botrychium s. s. (Ophioglossaceae):,FALSE
Botrychium_campestre,NA,NA,NA,MG215443,NA,NA,NA,NA,unjoined,ccdb24820c07,Using herbarium-derived DNAs to assemble a large-scale DNA barcode,FALSE
Botrychium_crenulatum,NA,NA,NA,MG215201,NA,NA,NA,NA,unjoined,ccdb24910d04,Using herbarium-derived DNAs to assemble a large-scale DNA barcode,FALSE
Botrychium_dusenii,NA,NA,KY191096,NA,NA,NA,NA,NA,unjoined,NA,NA,FALSE
Botrychium_echo,NA,NA,KY191101,NA,NA,NA,NA,NA,unjoined,NA,NA,FALSE
Botrychium_farrarii,NA,NA,KY191324,NA,NA,NA,NA,NA,unjoined,NA,NA,FALSE
Botrychium_furculatum,NA,NA,KY191106,NA,NA,NA,NA,NA,unjoined,NA,NA,FALSE
Botrychium_gallicomontanum,NA,NA,NA,DQ849133,NA,NA,NA,NA,unjoined,NA,A Phylogenetic Investigation of Botrychium s. s. (Ophioglossaceae):,FALSE
Botrychium_hesperium,NA,NA,NA,MG215478,NA,NA,NA,NA,unjoined,ccdb24820g08,Using herbarium-derived DNAs to assemble a large-scale DNA barcode,FALSE
Botrychium_lanceolatum,NA,NA,NA,LC484368,NA,NA,NA,NA,unjoined,tns1170750,An update and reassessment of fern and lycophyte diversity data in,FALSE
Botrychium_lunaria,NA,NA,NA,NA,NA,NA,NA,OR777253,NA,NA,NA,FALSE
Botrychium_matricariifolium,NA,NA,NA,L40967,NA,NA,NA,NA,unjoined,NA,A molecular assessment of species relationships among cryptic,FALSE
Botrychium_michiganense,NA,NA,KY191224,NA,NA,NA,NA,NA,unjoined,NA,NA,FALSE
Botrychium_minganense,NA,NA,NA,L40968,NA,NA,NA,NA,unjoined,NA,A molecular assessment of species relationships among cryptic,FALSE
Botrychium_montanum,NA,NA,NA,MG215095,NA,NA,NA,NA,unjoined,ccdb24915e12,Using herbarium-derived DNAs to assemble a large-scale DNA barcode,FALSE
Botrychium_mormo,NA,NA,NA,DQ849169,NA,NA,NA,NA,unjoined,NA,A Phylogenetic Investigation of Botrychium s. s. (Ophioglossaceae):,FALSE
Botrychium_neolunaria,NA,NA,NA,KT906422,NA,NA,NA,NA,unjoined,cmncansaarela3755b,Vascular plant biodiversity of the lower Coppermine River valley,FALSE
Botrychium_nordicum,NA,NA,OP030183,NA,NA,NA,OP029816,NA,voucher,no050715,NA,FALSE
Botrychium_onondagense,NA,NA,OP030137,NA,NA,NA,OP029779,NA,voucher,atvsilvrettablund31,NA,FALSE
Botrychium_pallidum,NA,NA,NA,DQ849172,NA,NA,NA,NA,unjoined,NA,A Phylogenetic Investigation of Botrychium s. s. (Ophioglossaceae):,FALSE
Botrychium_paradoxum,NA,NA,NA,MG215101,NA,NA,NA,NA,unjoined,73463him,Using herbarium-derived DNAs to assemble a large-scale DNA barcode,FALSE
Botrychium_pedunculosum,NA,NA,NA,MG215382,NA,NA,NA,NA,unjoined,ccdb28092d11,Using herbarium-derived DNAs to assemble a large-scale DNA barcode,FALSE
Botrychium_pinnatum,NA,NA,NA,MG215558,NA,NA,NA,NA,unjoined,ccdb18347f2,Using herbarium-derived DNAs to assemble a large-scale DNA barcode,FALSE
Botrychium_pseudopinnatum,NA,NA,NA,MG215041,NA,NA,NA,NA,unjoined,ccdb24820h08,Using herbarium-derived DNAs to assemble a large-scale DNA barcode,FALSE
Botrychium_pumicola,NA,NA,KY191333,NA,NA,NA,NA,NA,unjoined,NA,NA,FALSE
Botrychium_simplex,NA,NA,NA,MG215402,NA,NA,NA,NA,unjoined,ccdb18287h01,Using herbarium-derived DNAs to assemble a large-scale DNA barcode,FALSE
Botrychium_spathulatum,NA,NA,NA,MG215351,NA,NA,NA,NA,unjoined,80010him,Using herbarium-derived DNAs to assemble a large-scale DNA barcode,FALSE
Botrychium_tenebrosum,NA,NA,KY191369,NA,NA,NA,NA,NA,unjoined,NA,NA,FALSE
Botrychium_tunux,NA,NA,NA,KT906421,NA,NA,NA,NA,unjoined,cmncansaarela4179b,Vascular plant biodiversity of the lower Coppermine River valley,FALSE
Botrychium_watertonense,NA,NA,KY191403,NA,NA,NA,NA,NA,unjoined,NA,NA,FALSE
Botrychium_yaaxudakeit,NA,NA,NA,MG215324,NA,NA,NA,NA,unjoined,ccdb18347c2,Using herbarium-derived DNAs to assemble a large-scale DNA barcode,FALSE
Botrypus_virginianus,NA,NA,NA,NA,NA,NA,NA,OR785750,NA,NA,NA,FALSE
Brainea_insignis,NA,NA,NA,NA,NA,NA,NA,MN623366,NA,NA,NA,FALSE
Brasiliopteris_pohliana,MH170432,NA,NA,PQ463155,NA,NA,NA,NA,monophy,NA,NA,FALSE
Brasiliopteris_regnelliana,PQ417590,NA,NA,PQ417469,NA,NA,NA,NA,voucher,schuettpelz1466,NA,FALSE
Calciphilopteris_ludens,NA,NA,NA,NA,NA,NA,NA,MT130590,NA,NA,NA,FALSE
Calligrammitis_beddomeana,NA,OQ702725,NA,OQ708542,OQ717273,OQ717273,PP561917,NA,monophy,NA,NA,FALSE
Calligrammitis_havilandii,NA,EF178636,NA,EF178619,NA,NA,EF178652,NA,publication,NA,molecular biogeography and origins of the hawaiian fern flora,FALSE
Callistopteris_apiifolia,NA,NA,NA,NA,NA,NA,NA,OM419359,NA,NA,NA,FALSE
Callistopteris_baldwinii,NA,NA,NA,MT657790,NA,NA,NA,NA,unjoined,krwood17938,Biogeography of Pacific pteridophytes in a global context,FALSE
Calochlaena_dubia,NA,NA,NA,U05615,NA,NA,NA,NA,unjoined,NA,rbcL gene sequences provide evidence for the evolutionary lineages,FALSE
Calochlaena_javanica,NA,NA,NA,HQ334992,NA,NA,NA,NA,unjoined,ba655,"A new species of tree fern Dicksonia (Dicksoniaceae) from Timor,",FALSE
Calochlaena_novae-guineae,NA,NA,MF178053,NA,NA,NA,MF066477,NA,monophy,NA,NA,FALSE
Calochlaena_straminea,NA,NA,MF178054,MT657770,KJ628963,KJ628963,MF066478,NA,monophy,NA,NA,FALSE
Calochlaena_villosa,AM176428,AM176588,NA,AM177327,AM176484,JX485672,AM410354,NA,voucher,woodhaus,NA,FALSE
Calymmodon_asiaticus,NA,OQ702728,NA,OQ708562,OQ717187,OQ717187,OQ717106,NA,voucher,lbzhang11119,NA,FALSE
Calymmodon_clavifer,NA,KM218818,NA,KM218804,NA,KM106117,KM106049,NA,voucher,sundue2235,NA,FALSE
Calymmodon_cucullatus,NA,NA,NA,NA,NA,NA,NA,OQ968267,NA,NA,NA,FALSE
Calymmodon_curtus,NA,NA,NA,PP560090,NA,NA,PP561229,NA,voucher,taifwade4831,NA,FALSE
Calymmodon_gracilis,EF463801,AY459451,NA,AY362341,OQ717230,OQ717233,PP562308,NA,monophy,NA,NA,FALSE
Calymmodon_latealatus,NA,NA,NA,MT657579,NA,NA,NA,NA,unjoined,taranker2249,Biogeography of Pacific pteridophytes in a global context,FALSE
Calymmodon_luerssenianus,NA,AY459452,NA,AY460618,NA,NA,NA,NA,voucher,ranker1771trappcolouc,NA,FALSE
Calymmodon_mnioides,NA,KM218820,NA,KM218807,NA,KM106120,KM106052,NA,voucher,karger1675,NA,FALSE
Calymmodon_oligotrichus,NA,NA,NA,PP560613,NA,NA,PP561934,NA,voucher,taifhsu7465,NA,FALSE
Calymmodon_ordinatus,NA,NA,NA,PP559845,NA,NA,PP561953,NA,voucher,taifhsu10189,NA,FALSE
Calymmodon_orientalis,NA,NA,NA,KY099779,NA,NA,NA,NA,unjoined,nitta682,Life cycle matters: DNA barcoding reveals contrasting community,FALSE
Calymmodon_pectinatus,NA,NA,NA,PP560304,NA,NA,PP561404,NA,voucher,taifwade5881,NA,FALSE
Calymmodon_ponapensis,NA,NA,NA,MT657577,NA,NA,NA,NA,unjoined,krwood13558,Biogeography of Pacific pteridophytes in a global context,FALSE
Campyloneurum_abruptum,NA,NA,NA,MF318030,NA,MF318065,MF318319,NA,voucher,prance19105,NA,FALSE
Campyloneurum_aglaolepis,NA,NA,NA,NA,NA,NA,NA,MW876310,NA,NA,NA,FALSE
Campyloneurum_amphostenon,NA,NA,NA,MF318050,NA,MF318070,MF318324,NA,voucher,testo697,NA,FALSE
Campyloneurum_anetioides,NA,NA,NA,MF317991,NA,MF318071,MF318325,NA,monophy,NA,NA,FALSE
Campyloneurum_angustifolium,NA,NA,NA,MF317986,NA,MF318076,MF318327,NA,voucher,martinez28464,NA,FALSE
Campyloneurum_angustipaleatum,NA,NA,NA,MF318017,NA,MF318078,MF318329,NA,voucher,nee49544,NA,FALSE
Campyloneurum_aphanophlebium,NA,NA,NA,EU250346,EU250352,EU250352,EF104511,NA,voucher,acebey772,NA,FALSE
Campyloneurum_asplundii,NA,NA,NA,EU250347,EU250353,EU250353,EF104512,NA,voucher,kesslersn,NA,FALSE
Campyloneurum_atlanticum,NA,NA,NA,MF317962,NA,MF318085,MF318336,NA,voucher,dittrich561,NA,FALSE
Campyloneurum_austrobrasilianum,NA,NA,NA,MF318036,MT806107,MT806107,MT568799,NA,monophy,NA,NA,FALSE
Campyloneurum_brevifolium,EF463802,EF463491,NA,EF463245,NA,NA,NA,NA,voucher,christenhusz3950,NA,FALSE
Campyloneurum_centrobrasilianum,NA,NA,NA,MF317968,NA,MF318094,MF318346,NA,voucher,irwin13057,NA,FALSE
Campyloneurum_chlorolepis,NA,NA,NA,MF318062,NA,MF318098,MF318349,NA,voucher,zabalaga33,NA,FALSE
Campyloneurum_chrysopodum,NA,NA,NA,MF318016,NA,MF318099,MF318350,NA,voucher,navarrete1829,NA,FALSE
Campyloneurum_coarctatum,NA,NA,NA,MF318008,NA,MF318102,MF318351,NA,monophy,NA,NA,FALSE
Campyloneurum_cochense,NA,NA,NA,MF318041,NA,MF318106,MF318356,NA,voucher,sparre18935,NA,FALSE
Campyloneurum_costatum,NA,NA,NA,KJ628651,MT806108,MT806108,MT568800,NA,monophy,NA,NA,FALSE
Campyloneurum_crispum,NA,NA,NA,MF318028,NA,MF318180,MF318425,NA,monophy,NA,NA,FALSE
Campyloneurum_cubense,NA,NA,NA,MF317996,NA,MF318177,MF318421,NA,monophy,NA,NA,FALSE
Campyloneurum_decurrens,NA,NA,NA,MF318033,MT806109,MT806109,MT568801,NA,monophy,NA,NA,FALSE
Campyloneurum_densifolium,NA,NA,NA,MF318064,NA,MF318116,MF318363,NA,voucher,zoggandgassner13769,NA,FALSE
Campyloneurum_ensifolium,NA,NA,NA,MF318010,NA,MF318194,MF318440,NA,voucher,munnestrada854,NA,FALSE
Campyloneurum_falcoideum,NA,NA,NA,MF318049,NA,MF318118,MF318365,NA,monophy,NA,NA,FALSE
Campyloneurum_fallax,NA,NA,NA,MF318024,NA,MF318119,MT568802,NA,monophy,NA,NA,FALSE
Campyloneurum_filiforme,NA,NA,NA,MF318000,NA,MF318121,MF318368,NA,voucher,moran6919,NA,FALSE
Campyloneurum_fuscosquamatum,NA,NA,NA,MF317951,NA,MF318123,MF318370,NA,voucher,arroyo26,NA,FALSE
Campyloneurum_gracile,NA,NA,NA,KY847860,KY847864,KY847864,NA,NA,voucher,asalino15357,NA,FALSE
Campyloneurum_herbaceum,NA,NA,NA,MF318011,NA,MF318126,MF318373,NA,voucher,mynssen1237,NA,FALSE
Campyloneurum_jamaicense,NA,NA,NA,MF317984,NA,MF318157,MF318401,NA,monophy,NA,NA,FALSE
Campyloneurum_lorentzii,NA,NA,NA,MF317971,NA,MF318127,MF318374,NA,voucher,jimenez2415,NA,FALSE
Campyloneurum_macrosorum,NA,NA,NA,MF317976,NA,MF318132,MF318377,NA,voucher,kennedy1878,NA,FALSE
Campyloneurum_magnificum,NA,NA,NA,MF318039,NA,MF318134,MF318379,NA,monophy,NA,NA,FALSE
Campyloneurum_nitidissimum,NA,NA,NA,MF318007,NA,MF318176,MF318419,NA,monophy,NA,NA,FALSE
Campyloneurum_nitidum,NA,NA,NA,MF318025,NA,MF318137,MF318382,NA,voucher,labiak4163,NA,FALSE
Campyloneurum_ophiocaulon,NA,NA,NA,MF317964,NA,MF318143,MF318389,NA,voucher,grijalva520,NA,FALSE
Campyloneurum_parvisquama,NA,NA,NA,NA,NA,MF318144,NA,NA,unjoined,NA,NA,FALSE
Campyloneurum_pascoense,NA,NA,NA,MF318037,NA,MF318146,MF318391,NA,voucher,serrano6057,NA,FALSE
Campyloneurum_pentaphyllum,NA,NA,NA,NA,NA,MF318149,NA,NA,unjoined,NA,NA,FALSE
Campyloneurum_phyllitidis,NA,NA,NA,MF317975,NA,MF318151,MF318395,NA,voucher,jimenez2661,NA,FALSE
Campyloneurum_repens,NA,NA,NA,MF317965,NA,MF318154,MF318398,NA,voucher,hollowell522,NA,FALSE
Campyloneurum_rigidum,NA,NA,NA,MF318032,NA,MF318160,MF318404,NA,monophy,NA,NA,FALSE
Campyloneurum_serpentinum,NA,NA,NA,MF318046,NA,MF318158,MF318402,NA,monophy,NA,NA,FALSE
Campyloneurum_solutum,NA,NA,NA,MF318038,NA,MF318164,MF318408,NA,voucher,sigel36,NA,FALSE
Campyloneurum_sphenodes,NA,NA,NA,NA,NA,NA,NA,MW876311,NA,NA,NA,FALSE
Campyloneurum_talamancanum,NA,NA,NA,MF318006,NA,MF318172,MF318416,NA,voucher,sundue1678,NA,FALSE
Campyloneurum_tenuipes,NA,NA,NA,MF317987,NA,MF318173,MF318417,NA,voucher,maya3827,NA,FALSE
Campyloneurum_tucumanense,NA,NA,NA,MF317983,NA,MF318145,MF318390,NA,voucher,martinez1979,NA,FALSE
Campyloneurum_vulpinum,NA,NA,NA,MF318043,NA,MF318178,MF318424,NA,monophy,NA,NA,FALSE
Campyloneurum_wurdackii,NA,NA,NA,MF318058,NA,MF318181,MF318426,NA,voucher,wurdack41303,NA,FALSE
Campyloneurum_xalapense,NA,NA,NA,MF318009,NA,MF318193,MF318439,NA,voucher,munnestrada1128,NA,FALSE
Carlottahallia_poeppigiana,PQ417586,NA,KT932743,PQ463154,NA,NA,MG593122,NA,monophy,NA,NA,FALSE
Cephalomanes_atrovirens,NA,NA,NA,AB257485,NA,NA,NA,NA,unjoined,smatsumoto517,A global molecular phylogeny of the fern genus Trichomanes,FALSE
Cephalomanes_javanicum,NA,NA,NA,NA,NA,NA,NA,OM419357,NA,NA,NA,FALSE
Ceradenia_argyrata,NA,KY711752,NA,KY711926,NA,KY712253,KY711579,NA,monophy,NA,NA,FALSE
Ceradenia_aulaeifolia,NA,AY459453,NA,AY460619,NA,NA,NA,NA,voucher,arojas3232uccrinbmo,NA,FALSE
Ceradenia_ayopayana,NA,NA,NA,KM218811,NA,KM106123,KM106053,NA,voucher,ijimenez1114,NA,FALSE
Ceradenia_comorensis,NA,KY711760,NA,KY711935,NA,KY712262,KY711588,NA,voucher,janssen2452,NA,FALSE
Ceradenia_curvata,NA,KM218821,NA,KM218788,NA,NA,KM106054,NA,voucher,ijimenez1559,NA,FALSE
Ceradenia_deltodon,NA,KY711757,NA,KY711931,NA,KY712257,KY711580,NA,monophy,NA,NA,FALSE
Ceradenia_farinosa,NA,KM218823,NA,KM218790,NA,KM106124,KM106055,NA,voucher,davidneill11985,NA,FALSE
Ceradenia_fucoides,NA,GU476749,NA,GU476907,NA,KM106125,GU476625,NA,voucher,sundue1766,NA,FALSE
Ceradenia_intonsa,NA,GU476750,NA,GU476901,NA,NA,GU476626,NA,voucher,sunduevasco1321,NA,FALSE
Ceradenia_intricata,NA,KM218833,NA,KM218791,NA,KM106127,KM106056,NA,voucher,lehnert1108,NA,FALSE
Ceradenia_jungermannioides,NA,AY459454,NA,AY460620,NA,NA,NA,NA,voucher,arsmith2576uc,NA,FALSE
Ceradenia_kalbreyeri,NA,GU476745,NA,GU476887,NA,NA,GU476619,NA,voucher,sunduevasco1213,NA,FALSE
Ceradenia_knightii,NA,NA,NA,MK319106,NA,NA,NA,NA,unjoined,lellingerwhite1583,Taxonomic novelties in grammitid ferns (Polypodiaceae) from the,FALSE
Ceradenia_kookenamae,NA,NA,NA,MK319100,NA,NA,MK318998,NA,voucher,lellingerwhite1048,NA,FALSE
Ceradenia_leucosora,NA,KY711758,NA,KF992464,NA,KY712261,KY711587,NA,monophy,NA,NA,FALSE
Ceradenia_madidiensis,NA,KM218834,NA,NA,NA,KM106129,KM106057,NA,voucher,ijimenez1089,NA,FALSE
Ceradenia_meridensis,NA,NA,NA,MK319130,NA,NA,MK318999,NA,voucher,evanslellinger271,NA,FALSE
Ceradenia_pearcei,NA,KM218822,NA,KM218789,NA,KM106130,KM106058,NA,voucher,affuentesvillalobos13997,NA,FALSE
Ceradenia_pilipes,EF463804,AY459456,NA,AY460622,NA,NA,GU476621,NA,monophy,NA,NA,FALSE
Ceradenia_sechellarum,NA,KY711886,NA,KY712060,NA,KY712378,KY711706,NA,voucher,senterre6122,NA,FALSE
Ceradenia_spixiana,NA,AY459457,NA,AY460623,NA,NA,NA,NA,voucher,salino3008uc,NA,FALSE
Ceratopteris_baguangensis,NA,NA,NA,NA,NA,NA,NA,PP661348,NA,NA,NA,FALSE
Ceratopteris_chingii,NA,NA,NA,NA,NA,NA,NA,PZ734555,NA,NA,NA,FALSE
Ceratopteris_chunii,NA,NA,NA,MW011743,NA,NA,NA,NA,unjoined,NA,"Ceratopteris chingii and Ceratopteris chunii (Pteridaceae), two",FALSE
Ceratopteris_cornuta,NA,NA,NA,NA,NA,NA,NA,MH173068,NA,NA,NA,FALSE
Ceratopteris_pteridoides,NA,NA,NA,NA,NA,NA,NA,MZ636516,NA,NA,NA,FALSE
Ceratopteris_richardii,NA,NA,NA,NA,NA,NA,NA,KM052729,NA,NA,NA,FALSE
Ceratopteris_shingii,NA,NA,NA,MN316635,NA,NA,NA,NA,unjoined,NA,"Ceratopteris shingii, a new species of Ceratopteris from Hainan,",FALSE
Ceratopteris_thalictroides,NA,NA,NA,NA,NA,NA,NA,OK524221,NA,NA,NA,FALSE
Cerosora_argentea,NA,NA,NA,JX144889,NA,NA,NA,NA,unjoined,hennequinr116,Towards a natural classification of Pteridaceae: inferring the,FALSE
Cerosora_microphylla,KM007559,KM007676,NA,KY053910,KY053901,KM007789,NA,NA,monophy,NA,NA,FALSE
Cheilanthes_arequipensis,PQ417565,NA,NA,MH170411,NA,NA,MW245809,NA,monophy,NA,NA,FALSE
Cheilanthes_bolborrhiza,JQ855916,NA,NA,JQ855928,NA,NA,NA,NA,voucher,breedlove64102,NA,FALSE
Cheilanthes_brownii,PQ417567,NA,NA,PQ417447,NA,NA,NA,NA,voucher,vanderwerff22406,NA,FALSE
Cheilanthes_caudata,PQ417570,NA,NA,PQ417450,NA,NA,NA,NA,voucher,kempth444,NA,FALSE
Cheilanthes_distans,HM003025,GU136772,NA,HM003029,DQ914147,DQ914147,NA,NA,monophy,NA,NA,FALSE
Cheilanthes_ecuadorensis,MH170433,NA,NA,MH170415,NA,NA,NA,NA,voucher,madsen7940,NA,FALSE
Cheilanthes_fractifera,MK020109,NA,NA,MK020118,NA,NA,NA,NA,voucher,ucusacasaunders353,NA,FALSE
Cheilanthes_fragillima,NA,NA,NA,PQ463131,NA,NA,NA,NA,unjoined,dunlop10039,A phylogenetically-informed generic reclassification of the,FALSE
Cheilanthes_hieronymi,NA,NA,KT932744,MG593090,MW245821,MW245821,MG593116,NA,monophy,NA,NA,FALSE
Cheilanthes_incarum,PQ417577,NA,NA,PQ417458,NA,NA,NA,NA,monophy,NA,NA,FALSE
Cheilanthes_lasiophylla,HM003028,NA,NA,HM003032,NA,NA,NA,NA,monophy,NA,NA,FALSE
Cheilanthes_leucopoda,MK632494,NA,NA,EU268785,NA,NA,MN876718,NA,monophy,NA,NA,FALSE
Cheilanthes_lonchophylla,PQ417579,NA,NA,PQ417460,NA,NA,NA,NA,voucher,sagastegui15319,NA,FALSE
Cheilanthes_micropteris,NA,NA,NA,NA,NA,NA,NA,MH173078,NA,NA,NA,FALSE
Cheilanthes_nitida,PQ417581,NA,NA,PQ417462,NA,NA,NA,NA,voucher,dunlop8612,NA,FALSE
Cheilanthes_nudiuscula,NA,NA,KP050477,KP126968,KP126989,KP126989,KP085529,NA,voucher,m2013010503,NA,FALSE
Cheilanthes_obducta,PQ417583,NA,NA,MH170418,NA,NA,NA,NA,voucher,nee51199,NA,FALSE
Cheilanthes_pantanalensis,NA,NA,NA,MW245818,NA,MW245824,MG593120,NA,monophy,NA,NA,FALSE
Cheilanthes_peruviana,NA,NA,NA,MW245819,NA,NA,MW245812,NA,voucher,ijimenez6719,NA,FALSE
Cheilanthes_praetermissa,PQ417587,NA,NA,PQ417467,NA,NA,NA,NA,voucher,dixon1373,NA,FALSE
Cheilanthes_pumilio,PQ417589,NA,NA,PQ417468,NA,NA,NA,NA,monophy,NA,NA,FALSE
Cheilanthes_sarmientoi,NA,NA,NA,MG593098,MW245825,MW245825,MG593125,NA,voucher,mmponce112,NA,FALSE
Cheilanthes_scariosa,NA,NA,NA,MG593099,NA,NA,MG593126,NA,voucher,ilinneodenriques824,NA,FALSE
Cheilanthes_sieberi,PQ417593,GU136773,NA,PQ417471,EU831154,EU831154,EU831190,NA,monophy,NA,NA,FALSE
Cheilanthes_squamosa,PQ417594,NA,NA,MH170424,MW245826,MW245826,MG593127,NA,monophy,NA,NA,FALSE
Cheilanthes_tenuifolia,NA,NA,NA,NA,NA,NA,NA,ON693579,NA,NA,NA,FALSE
Cheilanthes_volcanensis,NA,NA,OQ579017,OQ579016,NA,NA,NA,NA,voucher,fanilunasnmcns13564,NA,FALSE
Cheiloplecton_rigidum,MK632498,NA,NA,U29133,NA,NA,MN876720,NA,monophy,NA,NA,FALSE
Cheiroglossa_palmata,NA,NA,NA,NA,NA,NA,NA,OR777254,NA,NA,NA,FALSE
Cheiropleuria_bicuspis,NA,NA,NA,NA,NA,NA,NA,OM419348,NA,NA,NA,FALSE
Cheiropleuria_integrifolia,EF463661,AY612692,JF303904,EU352298,AY612654,AY612654,NA,NA,monophy,NA,NA,FALSE
Cheiropleuria_parva,NA,NA,NA,AB042572,NA,NA,NA,NA,unjoined,murakami,Taxonomic Studies of Cheiropleuria (Dipteridaceae) with Description,FALSE
Chingia_acutidens,NA,NA,NA,PP559959,NA,NA,PP561118,NA,voucher,taifwade3989,NA,FALSE
Chingia_clavipilosa,NA,NA,NA,PP560047,NA,NA,PP561192,NA,voucher,taifwade4658,NA,FALSE
Chingia_ferox,NA,NA,NA,PP560647,NA,NA,PP561645,NA,voucher,taifliu9865,NA,FALSE
Chingia_longissima,EF463887,EF463547,NA,EF463291,AF425163,AF425163,AF425126,NA,manual,NA,NA,FALSE
Choristosoria_calomelanos,GU935483,JF935428,KP031664,KP085558,DQ914119,GU935549,JF980691,NA,monophy,NA,NA,FALSE
Choristosoria_glauca,GU935487,NA,NA,GU935495,GU935548,GU935548,GU935602,NA,voucher,schelpe2959,NA,FALSE
Choristosoria_induta,GU935465,NA,NA,GU935501,GU935542,GU935542,GU935597,NA,monophy,NA,NA,FALSE
Choristosoria_involuta,NA,NA,NA,NA,GU935546,GU935546,NA,NA,voucher,muggsn,NA,FALSE
Choristosoria_lacerata,JN709780,NA,NA,GU935498,GU935543,GU935543,GU935594,NA,monophy,NA,NA,FALSE
Choristosoria_multifida,GU935464,NA,NA,GU935500,GU935544,GU935544,GU935596,NA,voucher,we064,NA,FALSE
Choristosoria_namaquensis,GU935481,NA,NA,GU935493,GU935529,GU935528,GU935583,NA,monophy,NA,NA,FALSE
Choristosoria_pteroides,GU935479,NA,NA,PQ463193,GU935545,GU935545,GU935599,NA,monophy,NA,NA,FALSE
Choristosoria_quadripinnata,GU935484,NA,NA,GU935496,GU935550,GU935550,NA,NA,monophy,NA,NA,FALSE
Choristosoria_viridis,EU268767,EF452026,NA,EF452147,NA,NA,NA,NA,voucher,janssen2701,NA,FALSE
Christella_acuminata,NA,NA,NA,NA,NA,NA,NA,OP751371,NA,NA,NA,FALSE
Christella_arida,NA,NA,NA,NA,NA,NA,NA,OP751374,NA,NA,NA,FALSE
Christella_boninensis,NA,NA,NA,AB575012,NA,NA,NA,NA,manual,NA,NA,FALSE
Christella_calvescens,NA,NA,NA,JN572318,JN572159,JN572159,JN572235,NA,manual,NA,NA,FALSE
Christella_conspersa,NA,NA,NA,NA,KT805095,KT805095,KT805020,NA,manual,NA,NA,FALSE
Christella_crinipes,NA,NA,NA,JN572320,JN572161,JN572161,JN572236,NA,manual,NA,NA,FALSE
Christella_dentata,NA,NA,NA,NA,NA,NA,NA,PP236761,NA,NA,NA,FALSE
Christella_ensifera,NA,NA,NA,PP559632,NA,NA,PP562065,NA,voucher,taifkuo961,NA,FALSE
Christella_euphlebia,NA,NA,NA,JN572364,JN572202,JN572202,JN572279,NA,manual,NA,NA,FALSE
Christella_hispidula,NA,NA,NA,KF992453,AF425165,AF425165,KT805022,NA,manual,NA,NA,FALSE
Christella_jaculosa,NA,NA,NA,AB575026,NA,NA,NA,NA,manual,NA,NA,FALSE
Christella_jinghongensis,NA,NA,NA,LC496643,NA,NA,NA,NA,unjoined,hitbctfujiwara2018092035,Resolving the Enigma of Fern Genome Evolution: from Genomic,FALSE
Christella_latipinna,NA,NA,NA,NA,NA,NA,NA,OP751372,NA,NA,NA,FALSE
Christella_nanxiensis,NA,NA,NA,JN572324,JN572164,JN572164,JN572241,NA,manual,NA,NA,FALSE
Christella_papilio,NA,NA,NA,JN572327,JN572166,JN572166,JN572244,NA,manual,NA,NA,FALSE
Christella_parasitica,NA,NA,NA,NA,NA,NA,NA,PV391894,NA,NA,NA,FALSE
Christella_procera,NA,NA,NA,NA,NA,NA,NA,KY427336,NA,NA,NA,FALSE
Christella_procurrens,NA,NA,NA,NA,NA,NA,NA,MT130695,NA,NA,NA,FALSE
Christella_scaberula,NA,NA,NA,JN572330,JN572169,JN572169,JN572247,NA,manual,NA,NA,FALSE
Christella_subelata,NA,NA,NA,JN572331,NA,NA,JN572248,NA,manual,NA,NA,FALSE
Christella_subpubescens,NA,NA,NA,NA,KT805099,KT805099,KT805024,NA,manual,NA,NA,FALSE
Christenhuszia_cantangensis,PQ417569,NA,NA,PQ417449,NA,NA,NA,NA,voucher,vanderwerff17020,NA,FALSE
Christenhuszia_hassleri,NA,NA,NA,MG593089,NA,NA,MG593115,NA,voucher,damascenojr4196,NA,FALSE
Christensenia_aesculifolia,NA,NA,NA,NA,NA,NA,NA,MN412587,NA,NA,NA,FALSE
Chrysogrammitis_glandulosa,NA,JF514082,NA,JF514014,NA,NA,JF514048,NA,voucher,ranker2195,NA,FALSE
Chrysogrammitis_musgraviana,NA,KM218825,NA,KM218797,NA,KM106132,KM106059,NA,voucher,sundue2234,NA,FALSE
Cibotium_arachnoideum,JX485654,JX485655,NA,JX485690,NA,NA,NA,NA,voucher,ranker2010,NA,FALSE
Cibotium_barometz,NA,NA,NA,NA,NA,NA,NA,OQ721098,NA,NA,NA,FALSE
Cibotium_chamissoi,AM176430,AM176590,NA,AM177329,AM176486,JX485664,JX485683,NA,voucher,morter2,NA,FALSE
Cibotium_cumingii,NA,NA,NA,NA,NA,NA,NA,OQ721088,NA,NA,NA,FALSE
Cibotium_glaucum,NA,NA,NA,U05913,NA,NA,NA,NA,unjoined,NA,Phylogenetic relationships of dennstaedtioid ferns: evidence from,FALSE
Cibotium_menziesii,NA,JX485657,NA,JX485692,NA,JX485667,JX485686,NA,voucher,ranker1996,NA,FALSE
Cibotium_nealiae,AM176432,AM176592,NA,AM177330,AM176488,AM176488,NA,NA,voucher,fagerlindandskottsberg6494,NA,FALSE
Cibotium_regale,NA,NA,NA,KY684762,NA,NA,KY684806,NA,voucher,sramirezbsn,NA,FALSE
Cibotium_schiedei,AM176433,AM176593,NA,AM177331,AM176489,JX485670,JX485689,NA,voucher,morter4,NA,FALSE
Cibotium_sinoburmaense,NA,NA,NA,NA,NA,NA,NA,OQ721083,NA,NA,NA,FALSE
Cibotium_taiwanense,NA,NA,NA,PP559814,NA,NA,NA,NA,unjoined,taifkuo3375,A DNA barcode reference of Asian ferns with expert-identified,FALSE
Claytosmunda_claytoniana,EF588678,EF588722,NA,EF588700,EF588764,EF588764,EF588810,NA,monophy,NA,NA,FALSE
Cleistoblechnum_eburneum,NA,NA,NA,NA,NA,NA,NA,MT130542,NA,NA,NA,FALSE
Cochlidium_jungens,NA,NA,NA,MK319131,NA,NA,MK319000,NA,voucher,proctor40989,NA,FALSE
Cochlidium_linearifolium,NA,NA,NA,MK319103,NA,NA,MK319001,NA,voucher,sundue3016,NA,FALSE
Cochlidium_punctatum,NA,JF514057,NA,AY460625,NA,NA,GU476631,NA,monophy,NA,NA,FALSE
Cochlidium_rostratum,NA,AY459459,NA,AY460626,NA,NA,NA,NA,monophy,NA,NA,FALSE
Cochlidium_seminudum,NA,AY459460,NA,AY460627,NA,NA,NA,NA,voucher,srhill29102anovoucherbutseehill27921illsatrcvt,NA,FALSE
Cochlidium_serrulatum,NA,KY711765,NA,KY711940,NA,KY712267,KY711592,NA,voucher,rouhan172,NA,FALSE
Coniogramme_affinis,NA,NA,NA,OQ984939,NA,NA,NA,NA,unjoined,pe00587617,Comprehensive analysis of the genera of subfamily Cryptogrammoideae,FALSE
Coniogramme_africana,NA,NA,NA,OQ984934,NA,NA,NA,NA,unjoined,p00968223,Comprehensive analysis of the genera of subfamily Cryptogrammoideae,FALSE
Coniogramme_emeiensis,NA,NA,MN882120,MN867753,MN882139,MN882139,MN867777,NA,voucher,bjfu012,NA,FALSE
Coniogramme_falcipinna,NA,NA,NA,OQ984944,NA,NA,NA,NA,unjoined,pe00587754,Comprehensive analysis of the genera of subfamily Cryptogrammoideae,FALSE
Coniogramme_fraxinea,NA,NA,NA,NA,NA,NA,NA,MT130619,NA,NA,NA,FALSE
Coniogramme_gracilis,NA,NA,NA,AB574810,NA,NA,NA,NA,unjoined,tns766455,Molecular species identification with rich floristic sampling: DNA,FALSE
Coniogramme_intermedia,NA,NA,NA,NA,NA,NA,NA,MW221463,NA,NA,NA,FALSE
Coniogramme_japonica,NA,NA,NA,NA,NA,NA,NA,MT130560,NA,NA,NA,FALSE
Coniogramme_jinggangshanensis,NA,NA,NA,OQ984932,NA,NA,NA,NA,unjoined,pe00598511,Comprehensive analysis of the genera of subfamily Cryptogrammoideae,FALSE
Coniogramme_procera,NA,NA,MN882121,MN867754,MN882140,MN882140,MN867778,NA,voucher,bjfu6344,NA,FALSE
Coniogramme_pubescens,NA,NA,NA,OQ984941,NA,NA,NA,NA,unjoined,pe01715075,Comprehensive analysis of the genera of subfamily Cryptogrammoideae,FALSE
Coniogramme_robusta,NA,NA,NA,OQ984929,NA,NA,NA,NA,unjoined,pe00598372,Comprehensive analysis of the genera of subfamily Cryptogrammoideae,FALSE
Coniogramme_rosthorni,NA,NA,MN882113,MN867745,MN882132,MN882132,MN867769,NA,voucher,bjfuzy17082110,NA,FALSE
Coniogramme_rubicaulis,NA,NA,MN882122,MN867751,MN882137,MN882147,MN867786,NA,monophy,NA,NA,FALSE
Coniogramme_serrulata,NA,NA,NA,OQ984947,NA,NA,NA,NA,unjoined,pe828500,Comprehensive analysis of the genera of subfamily Cryptogrammoideae,FALSE
Coniogramme_suprapilosa,NA,NA,NA,LC496733,NA,NA,NA,NA,unjoined,hitbcmeg18y175,Resolving the Enigma of Fern Genome Evolution: from Genomic,FALSE
Coniogramme_wilsonii,NA,NA,NA,KC700115,KC700232,KC700232,NA,NA,voucher,hieucpc1240,NA,FALSE
Cornopteris_banajaoensis,NA,NA,NA,AB574934,NA,NA,PP562251,NA,monophy,NA,NA,FALSE
Cornopteris_christenseniana,NA,NA,NA,PP560963,NA,NA,PP561913,NA,voucher,taifhsu5959,NA,FALSE
Cornopteris_crenulatoserrulata,MG183663,MG183432,MG183351,MG183278,MG183503,MG183503,MG183578,NA,voucher,zhangxc6875,NA,FALSE
Cornopteris_decurrentialata,JF832104,JF832159,JF832263,JF832061,NA,NA,NA,NA,voucher,schuettpelz1215a,NA,FALSE
Cornopteris_opaca,NA,NA,NA,NA,NA,NA,NA,KY427335,NA,NA,NA,FALSE
Coryphopteris_angulariloba,NA,NA,NA,AB575008,NA,NA,NA,NA,manual,NA,NA,FALSE
Coryphopteris_castanea,NA,NA,NA,AB575014,NA,NA,NA,NA,manual,NA,NA,FALSE
Coryphopteris_chinensis,NA,NA,NA,JN572334,JN572172,JN572172,JN572251,NA,voucher,pe6028,NA,FALSE
Coryphopteris_chingii,NA,NA,PV779199,PV778728,NA,NA,NA,NA,voucher,lbgchnxgl03,NA,FALSE
Coryphopteris_gymnopoda,NA,NA,NA,PP560078,NA,NA,PP561219,NA,voucher,taifwade4803,NA,FALSE
Coryphopteris_hirsutipes,NA,NA,NA,NA,JN572173,JN572173,JN572252,NA,manual,NA,NA,FALSE
Coryphopteris_japonica,NA,NA,NA,NA,NA,NA,NA,MT130553,NA,NA,NA,FALSE
Coryphopteris_ledermannii,NA,NA,NA,PP559989,NA,NA,PP561142,NA,voucher,taifwade4274,NA,FALSE
Coryphopteris_marquesensis,NA,NA,NA,MT215999,NA,NA,NA,NA,unjoined,usschuettpelz1938,The Evolution of Overrepresentation: exploring the biogeography of,FALSE
Coryphopteris_musashiensis,NA,NA,NA,AB575031,NA,NA,NA,NA,manual,NA,NA,FALSE
Coryphopteris_nigrescens,NA,NA,NA,JN572336,JN572175,JN572175,JN572254,NA,manual,NA,NA,FALSE
Coryphopteris_nipponica,NA,NA,NA,LC484386,NA,NA,NA,NA,manual,NA,NA,FALSE
Coryphopteris_pectiniformis,NA,NA,NA,NA,KT805111,KT805111,KT805025,NA,manual,NA,NA,FALSE
Coryphopteris_petelotii,NA,NA,NA,JN572337,JN572176,JN572176,JN572255,NA,voucher,pe6009,NA,FALSE
Coryphopteris_pubirachis,NA,NA,NA,PP559933,NA,NA,PP561097,NA,voucher,taifwade3838,NA,FALSE
Coryphopteris_quaylei,NA,NA,NA,MT216003,NA,NA,NA,NA,unjoined,us01015218,The Evolution of Overrepresentation: exploring the biogeography of,FALSE
Coryphopteris_seemannii,JF832105,NA,JF832264,NA,AH011224,AH011224,AF425129,NA,manual,NA,NA,FALSE
Coryphopteris_simulata,NA,NA,MK075000,MH625920,NA,NA,NA,NA,manual,NA,NA,FALSE
Coryphopteris_tahanensis,NA,NA,NA,PP560079,NA,NA,PP561220,NA,voucher,taifwade4806,NA,FALSE
Cosentinia_vellea,KM007560,KM007677,NA,KJ416328,KM007790,KJ416355,KM008017,NA,voucher,larsson55,NA,FALSE
Cranfillia_bakeri,NA,NA,NA,MT521072,MT521076,MT521076,MT521080,NA,monophy,NA,NA,FALSE
Cranfillia_caudata,NA,NA,NA,KU898630,KU898573,KU898573,KU898686,NA,monophy,NA,NA,FALSE
Cranfillia_fluviatilis,NA,NA,NA,KJ170818,KJ170791,KJ398408,KF591340,NA,monophy,NA,NA,FALSE
Cranfillia_fullagarii,NA,NA,NA,NA,NA,NA,JF950939,NA,unjoined,NA,NA,FALSE
Cranfillia_hirsuta,NA,NA,NA,KF975792,KF975748,KF975748,KF975718,NA,voucher,weltp026074,NA,FALSE
Cranfillia_mucronata,NA,NA,NA,KU898629,KU898572,KU898572,KU898685,NA,monophy,NA,NA,FALSE
Cranfillia_nigra,NA,NA,NA,KF975800,KF975756,KF975756,DQ683400,NA,monophy,NA,NA,FALSE
Cranfillia_opaca,NA,NA,NA,KF975805,MT966921,MT966921,MT966922,NA,monophy,NA,NA,FALSE
Cranfillia_pilosa,NA,NA,NA,KF975809,KF975765,KF975765,KF975728,NA,voucher,weltp023771,NA,FALSE
Cranfillia_vulcanica,NA,NA,NA,KJ170825,KJ170798,KJ170798,KJ170852,NA,voucher,melusn,NA,FALSE
Crepidomanes_africanum,NA,NA,NA,AB479147,NA,NA,NA,NA,unjoined,personalrhebantmaurirm1415,New insights into the systematics and evolution of the filmy fern,FALSE
Crepidomanes_aphlebioides,NA,NA,NA,AB257454,NA,NA,NA,NA,unjoined,smatsumoto351,A global molecular phylogeny of the fern genus Trichomanes,FALSE
Crepidomanes_bilabiatum,NA,NA,NA,PP561017,NA,NA,PP561974,NA,voucher,taifzxc001146,NA,FALSE
Crepidomanes_bipunctatum,EF463742,EF463451,NA,EF463227,NA,NA,NA,NA,voucher,hennequin20029,NA,FALSE
Crepidomanes_bonapartei,NA,NA,NA,AB608733,NA,NA,NA,NA,unjoined,personaljydubuissonhr20037,Anatomical diversity and regressive evolution in trichomanoid filmy,FALSE
Crepidomanes_chevalieri,NA,NA,NA,KF041483,NA,NA,NA,NA,unjoined,thoroldcp2,New insights into the systematics and evolution of the filmy fern,FALSE
Crepidomanes_christii,NA,NA,NA,AB257466,NA,NA,NA,NA,unjoined,ebihara000226038,A global molecular phylogeny of the fern genus Trichomanes,FALSE
Crepidomanes_clarenceanum,NA,NA,NA,KF041484,NA,NA,NA,NA,unjoined,merciersn,New insights into the systematics and evolution of the filmy fern,FALSE
Crepidomanes_draytonianum,NA,NA,NA,MT657811,NA,NA,NA,NA,unjoined,krwood17399,Biogeography of Pacific pteridophytes in a global context,FALSE
Crepidomanes_fallax,NA,NA,NA,AB479129,NA,NA,NA,NA,unjoined,personalfrakotondrainibe6467,New insights into the systematics and evolution of the filmy fern,FALSE
Crepidomanes_frappieri,NA,NA,NA,KF041485,NA,NA,NA,NA,unjoined,robert1290,New insights into the systematics and evolution of the filmy fern,FALSE
Crepidomanes_grande,NA,NA,NA,PP559584,NA,NA,PP562019,NA,voucher,taifkuo882,NA,FALSE
Crepidomanes_humile,NA,NA,NA,MT657817,NA,NA,NA,NA,unjoined,krwood16908,Biogeography of Pacific pteridophytes in a global context,FALSE
Crepidomanes_inopinatum,NA,NA,NA,AB257463,NA,NA,NA,NA,unjoined,frakotondrainibe6261,A global molecular phylogeny of the fern genus Trichomanes,FALSE
Crepidomanes_intermedium,NA,NA,NA,MT657843,NA,NA,NA,NA,unjoined,krwood17067,Biogeography of Pacific pteridophytes in a global context,FALSE
Crepidomanes_intramarginale,NA,NA,NA,KF041487,NA,NA,NA,NA,unjoined,tsutsumisn,New insights into the systematics and evolution of the filmy fern,FALSE
Crepidomanes_intricatum,NA,NA,NA,AB378491,AB378495,AB378495,NA,NA,voucher,tnsdrfarrar0601060206010604,NA,FALSE
Crepidomanes_kurzii,NA,NA,NA,ON365803,NA,NA,NA,NA,unjoined,NA,New records of fern species from New Caledonia in the genera,FALSE
Crepidomanes_latealatum,NA,NA,NA,NA,NA,NA,NA,OP856550,NA,NA,NA,FALSE
Crepidomanes_latemarginale,NA,NA,NA,EU122971,NA,NA,NA,NA,unjoined,uc1622589,Exploring the utility of three plastid loci for biocoding the filmy,FALSE
Crepidomanes_longilabiatum,NA,NA,NA,AB479132,NA,NA,NA,NA,unjoined,personalfrakotondrainibe1860,New insights into the systematics and evolution of the filmy fern,FALSE
Crepidomanes_makinoi,NA,NA,NA,PP559832,NA,NA,PP561794,NA,voucher,taifkuo4221,NA,FALSE
Crepidomanes_melanotrichum,NA,NA,NA,AB479133,NA,NA,NA,NA,unjoined,personalcrebbiiicc1,New insights into the systematics and evolution of the filmy fern,FALSE
Crepidomanes_mettenii,NA,NA,NA,AB479148,NA,NA,NA,NA,unjoined,personalrhebantmaurisn,New insights into the systematics and evolution of the filmy fern,FALSE
Crepidomanes_parvifolium,NA,NA,NA,PP560790,NA,NA,PP562363,NA,voucher,taifzxc002684,NA,FALSE
Crepidomanes_parvulum,NA,NA,NA,NA,NA,NA,NA,MN905537,NA,NA,NA,FALSE
Crepidomanes_pyxidiferum,NA,NA,NA,AB479149,NA,NA,NA,NA,unjoined,personalrojas4360,New insights into the systematics and evolution of the filmy fern,FALSE
Crepidomanes_saxifragoides,NA,NA,NA,MT657821,NA,NA,NA,NA,unjoined,gmplunkett2859,Biogeography of Pacific pteridophytes in a global context,FALSE
Crepidomanes_schmidianum,NA,NA,NA,AB378492,AB378497,AB378497,NA,NA,voucher,tnsaebihara04040404,NA,FALSE
Crepidomanes_thysanostomum,NA,NA,NA,NA,NA,NA,NA,PV121156,NA,NA,NA,FALSE
Crepidomanes_trinerve,NA,NA,NA,AB479142,NA,NA,NA,NA,unjoined,personaldlorence1483,New insights into the systematics and evolution of the filmy fern,FALSE
Crepidomanes_vitiense,NA,NA,NA,PP560867,NA,NA,PP561810,NA,voucher,taiflu19683,NA,FALSE
Crepidomanes_walleri,NA,NA,NA,AB257469,NA,NA,NA,NA,unjoined,taohsawa00120203,A global molecular phylogeny of the fern genus Trichomanes,FALSE
Cryptocaulon_tenerifrons,LC907088,LC907092,NA,LC907084,LC907096,LC907096,LC907097,NA,monophy,NA,NA,FALSE
Cryptogramma_acrostichoides,NA,NA,NA,NA,NA,NA,NA,MH173081,NA,NA,NA,FALSE
Cryptogramma_bithynica,NA,KT000639,NA,KT000629,KT221146,KT221146,NA,NA,voucher,jessensj3820,NA,FALSE
Cryptogramma_brunoniana,NA,NA,NA,NA,NA,NA,NA,MT130621,NA,NA,NA,FALSE
Cryptogramma_cascadensis,NA,KC700164,NA,KC700087,KC700204,KC700203,NA,NA,monophy,NA,NA,FALSE
Cryptogramma_crispa,EF452087,EF452027,NA,EF452148,NA,NA,NA,NA,voucher,christenhusz3871,NA,FALSE
Cryptogramma_fumariifolia,NA,KC700157,NA,KC700080,KC700197,KC700197,NA,NA,monophy,NA,NA,FALSE
Cryptogramma_gorovoii,NA,NA,NA,OQ984928,NA,NA,NA,NA,unjoined,NA,Comprehensive analysis of the genera of subfamily Cryptogrammoideae,FALSE
Cryptogramma_raddeana,NA,NA,MN882114,MN867746,MN882133,MN882133,MN867770,NA,voucher,bjfu5846,NA,FALSE
Cryptogramma_sitchensis,NA,KC700185,NA,KC700107,KC700224,KC700224,NA,NA,voucher,metzgar257,NA,FALSE
Cryptogramma_stelleri,NA,KC700154,NA,KC700076,KC700193,KC700193,NA,NA,voucher,kuo492,NA,FALSE
Ctenitis_aciculata,NA,NA,NA,KY701622,NA,NA,KY701668,NA,voucher,cjermy7877,NA,FALSE
Ctenitis_analamazaotrensis,NA,NA,NA,KY701662,NA,NA,KY701720,NA,voucher,grouhan1317,NA,FALSE
Ctenitis_anniesii,NA,NA,NA,NA,NA,NA,ON186672,NA,unjoined,NA,NA,FALSE
Ctenitis_aspidioides,NA,NA,NA,OM810244,NA,NA,ON186673,NA,voucher,asalino13874,NA,FALSE
Ctenitis_biformis,KF898003,NA,NA,KF887166,NA,NA,KF897951,NA,monophy,NA,NA,FALSE
Ctenitis_bivestita,NA,NA,NA,NA,NA,NA,KX238782,NA,unjoined,NA,NA,FALSE
Ctenitis_borbonica,NA,NA,NA,KY701623,NA,NA,KY701687,NA,voucher,shennequin64,NA,FALSE
Ctenitis_brevipetiolulata,NA,NA,NA,KY701653,NA,NA,KY701713,NA,voucher,grouhan399,NA,FALSE
Ctenitis_bullata,NA,NA,NA,PV007142,NA,NA,NA,NA,unjoined,danieltejerodiez5763,NA,FALSE
Ctenitis_bullescens,NA,NA,NA,KY701647,NA,NA,KY701708,NA,voucher,tjanssen2890,NA,FALSE
Ctenitis_bulusanica,NA,NA,NA,PP559919,NA,NA,PP561084,NA,voucher,taifwade3752,NA,FALSE
Ctenitis_cerea,NA,NA,NA,NA,NA,NA,KY701689,NA,unjoined,NA,NA,FALSE
Ctenitis_christensenii,NA,NA,NA,OM810247,NA,NA,ON186676,NA,monophy,NA,NA,FALSE
Ctenitis_cirrhosa,NA,NA,NA,KY701626,NA,NA,KY701670,NA,voucher,jeburrows2315,NA,FALSE
Ctenitis_comorensis,NA,NA,NA,KY701624,NA,NA,KY701688,NA,voucher,frakotondrainibe6850bis,NA,FALSE
Ctenitis_crinigera,NA,NA,NA,KY701664,NA,NA,KY701722,NA,voucher,grouhan480,NA,FALSE
Ctenitis_crinita,NA,NA,NA,KF992457,NA,NA,KY701695,NA,voucher,shennequin375,NA,FALSE
Ctenitis_cubensis,PP727200,NA,NA,PP727197,NA,NA,PP727201,NA,monophy,NA,NA,FALSE
Ctenitis_cyclochlamys,NA,NA,NA,KY701633,NA,NA,KX238781,NA,voucher,shennequin153,NA,FALSE
Ctenitis_decaryana,NA,NA,NA,KY701665,NA,NA,KY701723,NA,voucher,grouhan1331,NA,FALSE
Ctenitis_decurrentipinnata,NA,NA,NA,NA,NA,NA,NA,MT130665,NA,NA,NA,FALSE
Ctenitis_deflexa,NA,NA,NA,NA,NA,NA,ON502957,NA,unjoined,NA,NA,FALSE
Ctenitis_dentata,NA,NA,NA,KY701627,NA,NA,KY701692,NA,voucher,grouhan1365,NA,FALSE
Ctenitis_desvauxii,NA,NA,NA,KF992459,NA,NA,KY701700,NA,voucher,shennequin396,NA,FALSE
Ctenitis_distans,NA,NA,NA,OM810248,NA,NA,ON186678,NA,monophy,NA,NA,FALSE
Ctenitis_eatonii,KF709456,KF709464,NA,KF709483,NA,NA,KF709509,NA,voucher,rhjiangh2036,NA,FALSE
Ctenitis_equestris,NA,NA,NA,KY701637,NA,NA,KY701672,NA,voucher,msundue1747,NA,FALSE
Ctenitis_eriocaulos,NA,NA,NA,KY701638,NA,NA,KY701701,NA,voucher,asalino13385,NA,FALSE
Ctenitis_exaggerata,NA,NA,NA,KY701639,NA,NA,KY701702,NA,voucher,grouhan1372,NA,FALSE
Ctenitis_excelsa,NA,NA,NA,NA,NA,NA,NA,OR530046,NA,NA,NA,FALSE
Ctenitis_fibrillosa,NA,NA,NA,KF887168,NA,NA,NA,NA,unjoined,cfraserjenkins12012,On the monophyly of subfamily Tectarioideae (Polypodiaceae) and the,FALSE
Ctenitis_glandulosa,NA,NA,NA,KY701642,NA,NA,KY701703,NA,voucher,asalino14815,NA,FALSE
Ctenitis_hemsleyana,NA,NA,NA,MW620381,NA,NA,KY701704,NA,monophy,NA,NA,FALSE
Ctenitis_hispida,NA,NA,NA,KY701631,NA,NA,KY701696,NA,voucher,shennequin321,NA,FALSE
Ctenitis_humida,NA,NA,NA,KY701645,NA,NA,KY701706,NA,voucher,shennequin228,NA,FALSE
Ctenitis_iriomotensis,NA,NA,NA,AB575094,NA,NA,NA,NA,unjoined,tns763919,Molecular species identification with rich floristic sampling: DNA,FALSE
Ctenitis_laetevirens,NA,NA,NA,OM810250,NA,NA,ON186680,NA,voucher,asalino14724,NA,FALSE
Ctenitis_lanceolata,NA,NA,NA,KY701646,NA,NA,KY701707,NA,voucher,jjimenezbarrios1149,NA,FALSE
Ctenitis_latifrons,NA,NA,NA,MT657492,NA,NA,ON186681,NA,monophy,NA,NA,FALSE
Ctenitis_lorencei,NA,NA,NA,NA,NA,NA,KY701675,NA,unjoined,NA,NA,FALSE
Ctenitis_maritima,NA,NA,NA,KF992461,NA,NA,KY701710,NA,monophy,NA,NA,FALSE
Ctenitis_mayottensis,NA,NA,NA,NA,NA,NA,KY701690,NA,unjoined,NA,NA,FALSE
Ctenitis_melanosticta,NA,NA,NA,MW620252,NA,NA,KY701711,NA,monophy,NA,NA,FALSE
Ctenitis_microlepigera,NA,NA,NA,AB575097,NA,NA,NA,NA,unjoined,tns743678,Molecular species identification with rich floristic sampling: DNA,FALSE
Ctenitis_nervata,NA,NA,NA,OM810252,NA,NA,ON186682,NA,voucher,asalino14796,NA,FALSE
Ctenitis_nigrovenia,NA,NA,NA,OM810253,NA,NA,ON186683,NA,voucher,talmeida2245,NA,FALSE
Ctenitis_pallens,NA,NA,NA,NA,NA,NA,KY701679,NA,unjoined,NA,NA,FALSE
Ctenitis_pauciflora,NA,NA,NA,KY701651,NA,NA,KY701680,NA,voucher,kpyneesn,NA,FALSE
Ctenitis_propinqua,NA,NA,NA,PP559934,NA,NA,NA,NA,unjoined,taifwade3840,A DNA barcode reference of Asian ferns with expert-identified,FALSE
Ctenitis_refulgens,NA,KM114092,NA,KJ628670,NA,NA,KY701714,NA,monophy,NA,NA,FALSE
Ctenitis_reunionensis,NA,NA,NA,NA,NA,NA,KY701691,NA,unjoined,NA,NA,FALSE
Ctenitis_sciaphila,NA,NA,NA,KY099785,NA,NA,NA,NA,unjoined,nitta1154,Life cycle matters: DNA barcoding reveals contrasting community,FALSE
Ctenitis_sieberiana,NA,NA,NA,KF992495,NA,NA,KY701719,NA,monophy,NA,NA,FALSE
Ctenitis_sinii,NA,NA,NA,NA,NA,NA,NA,OQ649800,NA,NA,NA,FALSE
Ctenitis_sloanei,NA,NA,NA,NA,NA,NA,NA,OR530045,NA,NA,NA,FALSE
Ctenitis_spekei,NA,NA,NA,NA,NA,NA,KY701676,NA,unjoined,NA,NA,FALSE
Ctenitis_squamigera,NA,NA,NA,MT657493,NA,NA,ON186685,NA,monophy,NA,NA,FALSE
Ctenitis_subglandulosa,NA,NA,NA,NA,NA,NA,NA,OR530047,NA,NA,NA,FALSE
Ctenitis_submarginalis,EF463668,EF463384,NA,EF463173,NA,NA,NA,NA,voucher,schuettpelz1,NA,FALSE
Ctenitis_tardieu-blotiae,NA,NA,NA,NA,NA,NA,KY701671,NA,unjoined,NA,NA,FALSE
Ctenitis_vilis,NA,NA,NA,KY701659,NA,NA,KY701683,NA,voucher,eschuettpelz902,NA,FALSE
Ctenitis_warburii,NA,NA,NA,NA,NA,NA,KY701686,NA,unjoined,NA,NA,FALSE
Ctenopterella_blechnoides,NA,NA,NA,PP560107,NA,NA,PP561241,NA,voucher,taifwade5046,NA,FALSE
Ctenopterella_lasiostipes,EF463807,KY711899,NA,AY460630,OQ717222,KY712393,OQ717113,NA,monophy,NA,NA,FALSE
Ctenopterella_nhatrangensis,NA,OQ702683,NA,OQ708603,OQ717216,OQ717232,OQ717115,NA,monophy,NA,NA,FALSE
Culcita_coniifolia,NA,NA,NA,NA,NA,NA,NA,OM419350,NA,NA,NA,FALSE
Culcita_macrocarpa,AM176436,AM176596,NA,AM177334,AM176492,AM176492,NA,NA,voucher,rumseyandvogelsn,NA,FALSE
Cyathea_abrapatriciana,NA,NA,NA,NA,NA,NA,MN155467,NA,unjoined,NA,NA,FALSE
Cyathea_acutidens,NA,NA,NA,NA,NA,NA,MN155469,NA,unjoined,NA,NA,FALSE
Cyathea_aemula,NA,NA,NA,NA,NA,NA,MN155471,NA,unjoined,NA,NA,FALSE
Cyathea_alfonsiana,NA,NA,NA,KT235813,NA,NA,KT235864,NA,voucher,crgomez25867,NA,FALSE
Cyathea_amabilis,NA,NA,NA,NA,NA,NA,MN155473,NA,unjoined,NA,NA,FALSE
Cyathea_andicola,NA,NA,NA,NA,NA,NA,MN155475,NA,unjoined,NA,NA,FALSE
Cyathea_andina,NA,NA,NA,KT235814,NA,NA,NA,NA,unjoined,dukeworthington35211,Origins of the Endemic Scaly Tree Ferns on the Galapagos,FALSE
Cyathea_arborea,AM176438,AM176598,NA,AM177336,AM176493,AM176493,NA,NA,voucher,conant4344,NA,FALSE
Cyathea_armata,NA,NA,NA,NA,NA,NA,MN155478,NA,unjoined,NA,NA,FALSE
Cyathea_arnecornelii,NA,NA,NA,NA,NA,NA,MN155479,NA,unjoined,NA,NA,FALSE
Cyathea_ars,NA,NA,MF178055,NA,NA,NA,MF066479,NA,voucher,lehnertm2325,NA,FALSE
Cyathea_aspera,NA,NA,NA,NA,NA,NA,MN155483,NA,unjoined,NA,NA,FALSE
Cyathea_assurgens,NA,NA,NA,NA,NA,NA,MN155484,NA,unjoined,NA,NA,FALSE
Cyathea_atahuallpa,NA,NA,NA,NA,NA,NA,MN155486,NA,unjoined,NA,NA,FALSE
Cyathea_aterrima,NA,NA,NA,NA,NA,NA,MN155489,NA,unjoined,NA,NA,FALSE
Cyathea_atrovirens,NA,NA,NA,NA,NA,NA,MN155490,NA,unjoined,NA,NA,FALSE
Cyathea_austropallescens,NA,NA,NA,NA,NA,NA,MN155491,NA,unjoined,NA,NA,FALSE
Cyathea_bicrenata,NA,NA,NA,KT235815,NA,NA,KT235866,NA,voucher,vtconant4346,NA,FALSE
Cyathea_bipinnatifida,NA,NA,NA,NA,NA,NA,MN155494,NA,unjoined,NA,NA,FALSE
Cyathea_borinquena,NA,NA,NA,KT235816,NA,NA,KT235867,NA,voucher,vtconant4864,NA,FALSE
Cyathea_bradei,NA,NA,NA,KJ628672,NA,NA,NA,NA,unjoined,NA,Phylogenetic relatedness within neotropical fern communities,FALSE
Cyathea_brucei,NA,NA,NA,NA,NA,NA,MN155497,NA,unjoined,NA,NA,FALSE
Cyathea_calamitatis,NA,NA,NA,NA,NA,NA,MN155498,NA,unjoined,NA,NA,FALSE
Cyathea_caracasana,NA,NA,NA,AM410223,NA,NA,AM410351,NA,voucher,conant4412,NA,FALSE
Cyathea_catacampta,NA,NA,NA,NA,NA,NA,MN155501,NA,unjoined,NA,NA,FALSE
Cyathea_catenata,NA,NA,NA,NA,NA,NA,MN155502,NA,unjoined,NA,NA,FALSE
Cyathea_chimaera,NA,NA,NA,NA,NA,NA,MN155508,NA,unjoined,NA,NA,FALSE
Cyathea_chiricana,NA,NA,NA,NA,NA,NA,MN155509,NA,unjoined,NA,NA,FALSE
Cyathea_chocoensis,NA,NA,NA,NA,NA,NA,MN155510,NA,unjoined,NA,NA,FALSE
Cyathea_choricarpa,NA,NA,NA,NA,NA,NA,MN155511,NA,unjoined,NA,NA,FALSE
Cyathea_cicatricosa,NA,NA,MF178056,NA,NA,NA,MF066480,NA,monophy,NA,NA,FALSE
Cyathea_cnemidaria,NA,NA,NA,NA,NA,NA,MN155513,NA,unjoined,NA,NA,FALSE
Cyathea_cocleana,NA,NA,NA,NA,NA,NA,MN155514,NA,unjoined,NA,NA,FALSE
Cyathea_columbiana,NA,NA,NA,NA,NA,NA,MN155515,NA,unjoined,NA,NA,FALSE
Cyathea_conjugata,NA,NA,KY458199,KY458187,NA,NA,NA,NA,voucher,coah51241,NA,FALSE
Cyathea_corcovadensis,NA,NA,NA,MG718084,NA,NA,NA,NA,unjoined,esa109483,Can plant DNA barcoding be implemented in species-rich tropical,FALSE
Cyathea_costaricensis,NA,NA,NA,MW620332,NA,NA,NA,NA,unjoined,ericschuettpelz1698,NA,FALSE
Cyathea_crenata,NA,NA,NA,NA,NA,NA,MN155520,NA,unjoined,NA,NA,FALSE
Cyathea_croftii,NA,NA,NA,NA,NA,NA,MN155523,NA,unjoined,NA,NA,FALSE
Cyathea_cyatheoides,NA,NA,NA,NA,NA,NA,MN155524,NA,unjoined,NA,NA,FALSE
Cyathea_cystolepis,NA,NA,NA,NA,NA,NA,MN155526,NA,unjoined,NA,NA,FALSE
Cyathea_decorata,NA,NA,NA,NA,NA,NA,MN155527,NA,unjoined,NA,NA,FALSE
Cyathea_decurrens,NA,NA,NA,NA,NA,NA,MN155528,NA,unjoined,NA,NA,FALSE
Cyathea_dejecta,AM176449,AM176608,NA,AF101301,AM176501,AM176501,AM410299,NA,monophy,NA,NA,FALSE
Cyathea_delgadii,NA,NA,NA,NA,NA,NA,NA,PV686490,NA,NA,NA,FALSE
Cyathea_diabolica,NA,NA,NA,NA,NA,NA,MN155533,NA,unjoined,NA,NA,FALSE
Cyathea_dichromatolepis,NA,NA,NA,NA,NA,NA,MN155535,NA,unjoined,NA,NA,FALSE
Cyathea_divergens,AM176439,AM176599,NA,AM177337,AM176494,AM176494,AM410321,NA,voucher,conant4384,NA,FALSE
Cyathea_dombeyi,NA,NA,NA,NA,NA,NA,MN155539,NA,unjoined,NA,NA,FALSE
Cyathea_dudleyi,NA,NA,NA,NA,NA,NA,MN155540,NA,unjoined,NA,NA,FALSE
Cyathea_ebenina,NA,NA,NA,NA,NA,NA,MN155541,NA,unjoined,NA,NA,FALSE
Cyathea_epaleata,NA,NA,NA,KY099787,NA,NA,NA,NA,unjoined,nitta703,Life cycle matters: DNA barcoding reveals contrasting community,FALSE
Cyathea_estelae,NA,NA,NA,NA,NA,NA,MN155546,NA,unjoined,NA,NA,FALSE
Cyathea_ewanii,NA,MN781289,NA,MN781342,MN781350,MN781350,NA,NA,voucher,turtuomisto16093,NA,FALSE
Cyathea_feeana,NA,NA,NA,NA,NA,NA,MN155550,NA,unjoined,NA,NA,FALSE
Cyathea_frigida,NA,NA,NA,NA,NA,NA,MN155551,NA,unjoined,NA,NA,FALSE
Cyathea_frondosa,NA,NA,NA,NA,NA,NA,MN155552,NA,unjoined,NA,NA,FALSE
Cyathea_fulva,NA,NA,NA,KT235817,NA,NA,KT235868,NA,voucher,vtconant4397,NA,FALSE
Cyathea_furfuracea,NA,NA,NA,AM410224,NA,NA,AM410352,NA,voucher,conant4325,NA,FALSE
Cyathea_gibbosa,AM176462,NA,NA,AM177354,AM176510,AM176510,AM410330,NA,voucher,conant4462,NA,FALSE
Cyathea_glaziovii,NA,NA,NA,NA,NA,NA,MN155555,NA,unjoined,NA,NA,FALSE
Cyathea_godmanii,NA,NA,NA,AM410222,NA,NA,AM410350,NA,voucher,conant4376,NA,FALSE
Cyathea_gracilis,NA,NA,NA,AM410217,NA,NA,AM410345,NA,voucher,conant4415,NA,FALSE
Cyathea_grandifolia,AM176434,AM176594,NA,AM177332,AM176490,AM176490,AM410302,NA,voucher,conant4488,NA,FALSE
Cyathea_guentheriana,NA,NA,KR270522,KR082862,NA,NA,NA,NA,voucher,coah77983,NA,FALSE
Cyathea_hemiepiphytica,NA,NA,NA,NA,NA,NA,MN155558,NA,unjoined,NA,NA,FALSE
Cyathea_holdridgeana,NA,NA,NA,NA,NA,NA,MN155559,NA,unjoined,NA,NA,FALSE
Cyathea_horrida,EF463637,EF463364,NA,AM410196,NA,NA,AM410320,NA,voucher,conant4343,NA,FALSE
Cyathea_howeana,NA,NA,NA,AM410188,NA,NA,AM410308,NA,voucher,conant4665,NA,FALSE
Cyathea_hymenophylloides,NA,NA,NA,AF101302,NA,NA,NA,NA,unjoined,wolf752,Phylogenetic relationships of the enigmatic fern families,FALSE
Cyathea_impar,NA,NA,NA,NA,NA,NA,MN155563,NA,unjoined,NA,NA,FALSE
Cyathea_karsteniana,NA,NA,NA,AM410221,NA,NA,AM410349,NA,voucher,conant4471,NA,FALSE
Cyathea_lasiosora,NA,NA,KR270518,KR082856,NA,NA,NA,NA,voucher,coah59641,NA,FALSE
Cyathea_latevagans,NA,NA,NA,NA,NA,NA,MN155568,NA,unjoined,NA,NA,FALSE
Cyathea_lechleri,NA,NA,NA,NA,NA,NA,MN155569,NA,unjoined,NA,NA,FALSE
Cyathea_leucofolis,NA,NA,NA,NA,NA,NA,MN155570,NA,unjoined,NA,NA,FALSE
Cyathea_leucolepismata,NA,NA,NA,MN781341,MN781351,MN781351,MN155572,NA,monophy,NA,NA,FALSE
Cyathea_liebmannii,NA,NA,NA,NA,NA,NA,MN155529,NA,unjoined,NA,NA,FALSE
Cyathea_lindeniana,NA,NA,NA,NA,NA,NA,MN155575,NA,unjoined,NA,NA,FALSE
Cyathea_lindigii,NA,NA,NA,NA,NA,NA,MN155576,NA,unjoined,NA,NA,FALSE
Cyathea_macrocarpa,NA,NA,NA,MF786427,NA,NA,NA,NA,unjoined,usredden7237,DNA barcodes from plants collected as part of the Biological,FALSE
Cyathea_macrosora,NA,NA,KR270512,KR082851,NA,NA,NA,NA,voucher,coah77987,NA,FALSE
Cyathea_margarita,NA,NA,NA,NA,NA,NA,MN155578,NA,unjoined,NA,NA,FALSE
Cyathea_marginalis,NA,NA,NA,NA,NA,NA,MN155579,NA,unjoined,NA,NA,FALSE
Cyathea_meridensis,NA,NA,NA,NA,NA,NA,MN155580,NA,unjoined,NA,NA,FALSE
Cyathea_mexiae,NA,NA,NA,NA,NA,NA,MN155581,NA,unjoined,NA,NA,FALSE
Cyathea_microdonta,NA,NA,NA,KT235818,NA,NA,KT235872,NA,voucher,vtconant4357,NA,FALSE
Cyathea_minuta,NA,NA,NA,NA,NA,NA,MN155584,NA,unjoined,NA,NA,FALSE
Cyathea_moranii,NA,NA,NA,NA,NA,NA,MN155585,NA,unjoined,NA,NA,FALSE
Cyathea_mucilagina,AM176437,AM176597,NA,AM177335,NA,NA,MN155472,NA,voucher,swenson613,NA,FALSE
Cyathea_multiflora,EF463638,EF463365,NA,AM410197,NA,NA,AM410322,NA,voucher,conant4425,NA,FALSE
Cyathea_mutica,NA,NA,NA,AM410220,NA,NA,AM410348,NA,voucher,conant4385,NA,FALSE
Cyathea_myosuroides,NA,NA,NA,MW620331,NA,NA,NA,NA,unjoined,ericschuettpelz1697,NA,FALSE
Cyathea_myriotricha,NA,NA,NA,EU751604,NA,NA,NA,NA,unjoined,prado1772,A 'new' tree fern species from southeastern Brazil: Cyathea,FALSE
Cyathea_nervosa,NA,NA,NA,NA,NA,NA,MN155593,NA,unjoined,NA,NA,FALSE
Cyathea_nesiotica,NA,NA,NA,KT235819,NA,NA,KT235873,NA,voucher,crgomez25869,NA,FALSE
Cyathea_nigripes,NA,NA,NA,KT235820,NA,NA,KT235874,NA,voucher,vtconant4417,NA,FALSE
Cyathea_notabilis,NA,NA,NA,KT235821,NA,NA,KT235875,NA,voucher,crgomez25868,NA,FALSE
Cyathea_obnoxia,NA,NA,NA,NA,NA,NA,MN155597,NA,unjoined,NA,NA,FALSE
Cyathea_onusta,NA,NA,NA,MW138152,NA,NA,NA,NA,unjoined,jhnitta877,A taxonomic and molecular survey of the pteridophytes of the,FALSE
Cyathea_oreopteroides,NA,NA,NA,NA,NA,NA,MN155598,NA,unjoined,NA,NA,FALSE
Cyathea_palaciosii,NA,NA,NA,NA,NA,NA,MN155599,NA,unjoined,NA,NA,FALSE
Cyathea_pallescens,NA,NA,NA,NA,NA,NA,MN155600,NA,unjoined,NA,NA,FALSE
Cyathea_parvifolia,NA,NA,NA,NA,NA,NA,MN155601,NA,unjoined,NA,NA,FALSE
Cyathea_parvula,AM176440,AM176600,NA,AM177338,AM176495,AM176495,MN155603,NA,monophy,NA,NA,FALSE
Cyathea_patens,NA,NA,NA,NA,NA,NA,MN155605,NA,unjoined,NA,NA,FALSE
Cyathea_pauciflora,NA,NA,NA,NA,NA,NA,MN155606,NA,unjoined,NA,NA,FALSE
Cyathea_peladensis,NA,NA,NA,NA,NA,NA,MN155608,NA,unjoined,NA,NA,FALSE
Cyathea_petiolata,NA,NA,NA,KJ628676,NA,NA,NA,NA,unjoined,NA,Phylogenetic relatedness within neotropical fern communities,FALSE
Cyathea_phalaenolepis,NA,NA,NA,NA,NA,NA,MN155610,NA,unjoined,NA,NA,FALSE
Cyathea_phalerata,NA,NA,NA,MG718085,NA,NA,NA,NA,unjoined,esa109478,Can plant DNA barcoding be implemented in species-rich tropical,FALSE
Cyathea_pilosissima,NA,NA,NA,NA,NA,NA,MN155613,NA,unjoined,NA,NA,FALSE
Cyathea_pinnula,NA,NA,NA,MW138248,NA,NA,NA,NA,unjoined,jhnitta749,A taxonomic and molecular survey of the pteridophytes of the,FALSE
Cyathea_planadae,NA,NA,KR270521,KR082861,NA,NA,NA,NA,voucher,coah36091,NA,FALSE
Cyathea_platylepis,NA,NA,NA,KT874466,NA,NA,NA,NA,unjoined,prance17937,"Evolution of the ecological niche and body size, but no clade age,",FALSE
Cyathea_plicata,NA,NA,NA,NA,NA,NA,MN155616,NA,unjoined,NA,NA,FALSE
Cyathea_poeppigii,EF463640,NA,NA,AM410201,NA,NA,AM410328,NA,voucher,conant4410,NA,FALSE
Cyathea_povedae,NA,NA,NA,NA,NA,NA,MN155617,NA,unjoined,NA,NA,FALSE
Cyathea_praecincta,NA,NA,NA,NA,NA,NA,MN155618,NA,unjoined,NA,NA,FALSE
Cyathea_praetermissa,NA,NA,NA,NA,NA,NA,MN155619,NA,unjoined,NA,NA,FALSE
Cyathea_punctata,NA,NA,NA,NA,NA,NA,MN155620,NA,unjoined,NA,NA,FALSE
Cyathea_pungens,NA,NA,KR270514,KR082853,NA,NA,NA,NA,voucher,coah53118,NA,FALSE
Cyathea_robertsiana,NA,NA,NA,AM410216,NA,NA,AM410344,NA,voucher,shirley12,NA,FALSE
Cyathea_rojasiana,NA,NA,NA,NA,NA,NA,MN155623,NA,unjoined,NA,NA,FALSE
Cyathea_rufa,NA,NA,NA,NA,NA,NA,MN155624,NA,unjoined,NA,NA,FALSE
Cyathea_rufescens,NA,NA,NA,NA,NA,NA,MN155625,NA,unjoined,NA,NA,FALSE
Cyathea_ruiziana,NA,NA,NA,NA,NA,NA,MN155626,NA,unjoined,NA,NA,FALSE
Cyathea_schiedeana,NA,NA,NA,AM410218,NA,NA,AM410346,NA,voucher,conant4367,NA,FALSE
Cyathea_senilis,NA,NA,NA,AM410203,NA,NA,AM410332,NA,voucher,conant4479,NA,FALSE
Cyathea_singularis,NA,NA,NA,NA,NA,NA,MN155627,NA,unjoined,NA,NA,FALSE
Cyathea_speciosa,AM176441,AM176601,NA,AM177339,AM176496,AM176496,AM410331,NA,voucher,conant4476,NA,FALSE
Cyathea_spectabilis,NA,NA,NA,NA,NA,NA,MN155629,NA,unjoined,NA,NA,FALSE
Cyathea_squamipes,NA,NA,NA,NA,NA,NA,MN155631,NA,unjoined,NA,NA,FALSE
Cyathea_squamulosa,NA,NA,NA,NA,NA,NA,MN155632,NA,unjoined,NA,NA,FALSE
Cyathea_stipularis,NA,NA,NA,AM410219,NA,NA,AM410347,NA,voucher,conant4395,NA,FALSE
Cyathea_stolzeana,NA,NA,NA,NA,NA,NA,MN155633,NA,unjoined,NA,NA,FALSE
Cyathea_stolzei,NA,NA,NA,KJ628678,NA,NA,NA,NA,unjoined,NA,Phylogenetic relatedness within neotropical fern communities,FALSE
Cyathea_straminea,NA,NA,NA,NA,NA,NA,MN155635,NA,unjoined,NA,NA,FALSE
Cyathea_suprastrigosa,NA,NA,NA,KT235822,NA,NA,KT235876,NA,voucher,vtconant4402,NA,FALSE
Cyathea_surinamensis,NA,NA,NA,KJ628674,NA,NA,NA,NA,unjoined,NA,Phylogenetic relatedness within neotropical fern communities,FALSE
Cyathea_tejedoris,NA,NA,NA,NA,NA,NA,MN155637,NA,unjoined,NA,NA,FALSE
Cyathea_tenera,NA,NA,NA,KT235823,NA,NA,KT235877,NA,voucher,turchristenhusz3919,NA,FALSE
Cyathea_thelypteroides,NA,NA,NA,NA,NA,NA,MN155640,NA,unjoined,NA,NA,FALSE
Cyathea_tortuosa,NA,NA,NA,NA,NA,NA,MN155643,NA,unjoined,NA,NA,FALSE
Cyathea_traillii,NA,NA,NA,NA,NA,NA,MN155644,NA,unjoined,NA,NA,FALSE
Cyathea_tryonorum,NA,NA,KR270519,KR082859,NA,NA,NA,NA,voucher,coah52349,NA,FALSE
Cyathea_uleana,NA,NA,NA,NA,NA,NA,MN155645,NA,unjoined,NA,NA,FALSE
Cyathea_ulei,NA,NA,NA,NA,NA,NA,MN155646,NA,unjoined,NA,NA,FALSE
Cyathea_ursina,NA,NA,NA,KT235824,NA,NA,KT235878,NA,voucher,vtconant4423,NA,FALSE
Cyathea_varians,NA,NA,NA,NA,NA,NA,MN155648,NA,unjoined,NA,NA,FALSE
Cyathea_vilhelmii,NA,NA,NA,NA,NA,NA,MN155651,NA,unjoined,NA,NA,FALSE
Cyathea_villosa,NA,NA,NA,NA,NA,NA,MN155652,NA,unjoined,NA,NA,FALSE
Cyathea_weatherbyana,NA,KJ716389,NA,KJ716407,NA,NA,NA,NA,voucher,christenhusz6773,NA,FALSE
Cyathea_wendlandii,NA,NA,NA,NA,NA,NA,MN155656,NA,unjoined,NA,NA,FALSE
Cyathea_werffii,NA,NA,NA,NA,NA,NA,MN155657,NA,unjoined,NA,NA,FALSE
Cyathea_williamsii,NA,NA,NA,NA,NA,NA,MN155658,NA,unjoined,NA,NA,FALSE
Cyclodium_akawaiorum,NA,NA,NA,NA,NA,MN025363,NA,NA,unjoined,NA,NA,FALSE
Cyclodium_calophyllum,NA,NA,NA,KT272936,NA,NA,NA,NA,unjoined,pradosalino18,Phylogeny of the polybotryoid fern clade (Dryopteridaceae),FALSE
Cyclodium_chocoense,NA,NA,NA,MN025355,NA,MN025367,NA,NA,monophy,NA,NA,FALSE
Cyclodium_guianense,NA,NA,NA,KT272937,NA,KT273010,KT273162,NA,voucher,mori25094,NA,FALSE
Cyclodium_heterodon,NA,NA,NA,KJ464425,NA,KJ464666,KJ464596,NA,voucher,labiak3996,NA,FALSE
Cyclodium_inerme,NA,NA,NA,NA,NA,NA,NA,OR530048,NA,NA,NA,FALSE
Cyclodium_meniscioides,NA,NA,NA,NA,NA,NA,NA,OR530049,NA,NA,NA,FALSE
Cyclodium_rheophilum,NA,NA,NA,KJ464426,NA,KJ464667,KJ464597,NA,voucher,granville15523,NA,FALSE
Cyclodium_trianae,EF463670,EF463386,NA,EF463175,NA,NA,NA,NA,voucher,moran7466,NA,FALSE
Cyclogramma_auriculata,NA,NA,NA,NA,NA,NA,NA,MT130552,NA,NA,NA,FALSE
Cyclogramma_flexilis,NA,NA,NA,JN572339,NA,NA,NA,NA,manual,NA,NA,FALSE
Cyclogramma_omeiensis,NA,NA,NA,JN572340,NA,NA,JN572258,NA,manual,NA,NA,FALSE
Cyclopeltis_crenata,NA,NA,NA,NA,NA,NA,NA,MT130541,NA,NA,NA,FALSE
Cyclopeltis_novoguineensis,NA,NA,NA,KY397974,KY397978,KY397978,KY397970,NA,voucher,sitw068,NA,FALSE
Cyclopeltis_semicordata,JF832107,EF463480,NA,EF463234,KY397977,KY397977,KY397969,NA,monophy,NA,NA,FALSE
Cyclosorus_interruptus,NA,NA,NA,NA,NA,NA,NA,PZ542249,NA,NA,NA,FALSE
Cyrtomium_aequibasis,NA,NA,NA,AY694809,NA,NA,AY736346,NA,voucher,ljm049,NA,FALSE
Cyrtomium_anomophyllum,NA,NA,NA,AB575110,NA,NA,PP561811,NA,monophy,NA,NA,FALSE
Cyrtomium_caryotideum,NA,NA,NA,NA,NA,NA,NA,OR051895,NA,NA,NA,FALSE
Cyrtomium_chingianum,NA,NA,NA,AY694803,NA,NA,AY736339,NA,voucher,ljm032,NA,FALSE
Cyrtomium_clivicola,NA,NA,NA,AB575106,NA,NA,NA,NA,unjoined,tns771163,Molecular species identification with rich floristic sampling: DNA,FALSE
Cyrtomium_devexiscapulae,NA,NA,NA,NA,NA,NA,NA,KT599100,NA,NA,NA,FALSE
Cyrtomium_falcatum,NA,NA,NA,NA,NA,NA,NA,KP189363,NA,NA,NA,FALSE
Cyrtomium_fortunei,NA,NA,NA,NA,NA,NA,NA,MG913607,NA,NA,NA,FALSE
Cyrtomium_grossum,NA,NA,NA,AY694805,NA,NA,AY736341,NA,voucher,ljm028,NA,FALSE
Cyrtomium_guizhouense,NA,NA,NA,AY694806,NA,NA,AY736342,NA,voucher,ljm029,NA,FALSE
Cyrtomium_hemionitis,NA,NA,NA,NA,NA,NA,NA,MT130568,NA,NA,NA,FALSE
Cyrtomium_laetevirens,NA,NA,NA,AB575108,NA,NA,NA,NA,unjoined,tns771199,Molecular species identification with rich floristic sampling: DNA,FALSE
Cyrtomium_lonchitoides,NA,NA,NA,AY694800,NA,NA,AY736336,NA,voucher,ljm055,NA,FALSE
Cyrtomium_macrophyllum,NA,NA,NA,NA,NA,NA,NA,OR051896,NA,NA,NA,FALSE
Cyrtomium_micropterum,NA,NA,NA,PP908682,NA,NA,NA,NA,unjoined,NA,NA,FALSE
Cyrtomium_nephrolepioides,NA,NA,NA,NA,NA,NA,NA,PZ368357,NA,NA,NA,FALSE
Cyrtomium_omeiense,NA,NA,NA,KU244742,NA,KU244914,KU245001,NA,voucher,libingzhang5957,NA,FALSE
Cyrtomium_pachyphyllum,NA,EF450474,NA,EF394241,NA,NA,NA,NA,voucher,xczhang2594,NA,FALSE
Cyrtomium_shingianum,NA,NA,NA,AY694804,NA,NA,AY736340,NA,voucher,ljm034,NA,FALSE
Cyrtomium_simadae,NA,NA,NA,PP560759,NA,NA,PP561721,NA,voucher,taifzxc002437,NA,FALSE
Cyrtomium_urophyllum,NA,EF450475,NA,EF394240,NA,NA,NA,NA,voucher,zyliu2022824,NA,FALSE
Cyrtomium_yamamotoi,KT831785,KT831817,NA,KT831855,NA,NA,NA,NA,voucher,liuhm104087,NA,FALSE
Cyrtomium_yunnanense,NA,NA,NA,NA,NA,NA,AY736345,NA,unjoined,NA,NA,FALSE
Cystocarpium_roskamianum,NA,NA,KP099184,NA,NA,NA,NA,NA,unjoined,NA,NA,FALSE
Cystodium_sorbifolium,NA,NA,NA,NA,NA,NA,NA,MT130630,NA,NA,NA,FALSE
Cystopteris_alpina,NA,NA,JX873975,JX874032,NA,NA,NA,NA,monophy,NA,NA,FALSE
Cystopteris_bulbifera,KF186554,NA,NA,KF186522,NA,NA,NA,NA,voucher,oac96875,NA,FALSE
Cystopteris_chinensis,NA,NA,NA,NA,NA,NA,NA,KY427337,NA,NA,NA,FALSE
Cystopteris_diaphana,KT329374,KT329379,NA,KT329389,NA,KT329399,KT329412,NA,voucher,lsylvestre2198,NA,FALSE
Cystopteris_douglasii,NA,NA,JX873984,JX874041,NA,NA,NA,NA,monophy,NA,NA,FALSE
Cystopteris_fragilis,JF832108,JF832160,JF832266,JF832062,NA,NA,NA,NA,voucher,larsson21,NA,FALSE
Cystopteris_laurentiana,KF186558,NA,NA,KF186526,NA,NA,NA,NA,voucher,oac96885,NA,FALSE
Cystopteris_membranifolia,NA,NA,JX873988,JX874045,NA,NA,NA,NA,voucher,rothfels3365,NA,FALSE
Cystopteris_millefolia,NA,NA,JX873989,JX874046,NA,NA,NA,NA,voucher,rothfels3411,NA,FALSE
Cystopteris_montana,NA,NA,JF832267,JF832063,NA,NA,NA,NA,monophy,NA,NA,FALSE
Cystopteris_moupinensis,NA,NA,JX873994,JF832064,NA,NA,NA,NA,voucher,schuettpelz1118a,NA,FALSE
Cystopteris_pellucida,JN168056,JN168037,JX873997,JX874049,NA,NA,AF515260,NA,monophy,NA,NA,FALSE
Cystopteris_protrusa,NA,NA,NA,NA,NA,NA,NA,KP136830,NA,NA,NA,FALSE
Cystopteris_reevesiana,EF452088,EF452028,JX874001,EF452149,NA,NA,NA,NA,voucher,schuettpelz419,NA,FALSE
Cystopteris_sandwicensis,NA,NA,JX874003,JX874055,NA,NA,NA,NA,voucher,wood9009,NA,FALSE
Cystopteris_sudetica,NA,NA,JX874005,AB574939,NA,NA,NA,NA,monophy,NA,NA,FALSE
Cystopteris_tasmanica,NA,NA,JX874006,JX874056,NA,NA,NA,NA,voucher,thorsen19207,NA,FALSE
Cystopteris_tennesseensis,NA,NA,JX874007,JX874057,NA,NA,NA,NA,voucher,rothfels2441,NA,FALSE
Cystopteris_tenuis,KF186538,NA,NA,KF186506,NA,NA,NA,NA,voucher,oac96826,NA,FALSE
Cystopteris_utahensis,NA,NA,JX874011,JX874060,NA,NA,NA,NA,voucher,rink6566,NA,FALSE
Danaea_acuminata,NA,EU221683,NA,EU221744,NA,NA,EU221812,NA,voucher,htuomisto10507,NA,FALSE
Danaea_alata,NA,EU221685,NA,EU221746,NA,NA,EU221814,NA,voucher,mkessler12908,NA,FALSE
Danaea_alba,NA,OR541137,NA,OR541676,NA,NA,NA,NA,voucher,jonesm1212,NA,FALSE
Danaea_ampla,NA,OR541140,NA,OR541679,NA,NA,NA,NA,voucher,jonesm986,NA,FALSE
Danaea_andina,NA,OR541144,NA,OR541683,NA,NA,NA,NA,voucher,lehnertm1214,NA,FALSE
Danaea_antillensis,NA,EU221686,NA,EU221747,NA,NA,EU221815,NA,voucher,mchristenhusz2730tur,NA,FALSE
Danaea_antioquiana,NA,OR541148,NA,OR541842,NA,NA,NA,NA,publication,NA,"danaea (marattiaceae) keeps diversifying, part 2: phylogeny and",FALSE
Danaea_arbuscula,NA,EU221688,NA,EU221749,NA,NA,EU221817,NA,voucher,mchristenhusz2074,NA,FALSE
Danaea_bicolor,NA,OR541165,NA,OR541702,NA,NA,NA,NA,voucher,llgaardb99671,NA,FALSE
Danaea_bipinnata,NA,EU221689,NA,EU221750,NA,NA,EU221819,NA,voucher,htuomisto10634,NA,FALSE
Danaea_carillensis,NA,EU221690,NA,EU221752,NA,NA,EU221821,NA,voucher,tlemieux2344,NA,FALSE
Danaea_cartilaginea,NA,EU221691,NA,EU221753,NA,NA,EU221822,NA,voucher,htuomisto11684,NA,FALSE
Danaea_crispa,NA,EU221693,NA,EU221755,NA,NA,EU221824,NA,voucher,arsmith2594phammondsn,NA,FALSE
Danaea_cuspidopsis,NA,PQ522164,NA,PQ522171,NA,NA,PQ564635,NA,voucher,sunduem4827,NA,FALSE
Danaea_danaepinna,NA,OR541185,NA,OR541723,NA,NA,NA,NA,voucher,boudriem4356,NA,FALSE
Danaea_elongata,NA,OR541187,NA,OR541725,NA,NA,NA,NA,voucher,lehnertm1258,NA,FALSE
Danaea_erecta,NA,EU221695,NA,EU221757,NA,NA,EU221826,NA,voucher,mlehnert1203,NA,FALSE
Danaea_excurrens,NA,OR541196,NA,OR541737,NA,NA,NA,NA,voucher,christenhuszmjm4846,NA,FALSE
Danaea_falcata,NA,EU221696,NA,EU221758,NA,NA,EU221827,NA,voucher,htuomisto10832,NA,FALSE
Danaea_geniculata,NA,EU221700,NA,EU221762,NA,NA,EU221830,NA,voucher,mjones137,NA,FALSE
Danaea_gracilis,NA,NA,NA,OR541753,NA,NA,NA,NA,unjoined,kesslerm15086,"Danaea (Marattiaceae) keeps diversifying, part 2: phylogeny and",FALSE
Danaea_grandifolia,NA,EU221704,NA,EU221766,NA,NA,EU221834,NA,voucher,mchristenhusz3439,NA,FALSE
Danaea_humilis,NA,OR541217,NA,OR541760,NA,NA,NA,NA,voucher,kesslerm15630,NA,FALSE
Danaea_imbricata,NA,OR541219,NA,OR541761,NA,NA,NA,NA,monophy,NA,NA,FALSE
Danaea_inaequilatera,NA,OR541220,NA,NA,NA,NA,NA,NA,unjoined,NA,NA,FALSE
Danaea_jamaicensis,NA,OR541221,NA,OR541764,NA,NA,NA,NA,voucher,christenhuszmjm3372,NA,FALSE
Danaea_jenmanii,NA,EU221705,NA,EU221767,NA,NA,EU221835,NA,voucher,mchristenhusz2990,NA,FALSE
Danaea_kalevala,NA,EU221708,NA,EU221770,NA,NA,EU221838,NA,voucher,mchristenhusz2696,NA,FALSE
Danaea_kessleri,NA,OR541226,NA,OR541769,NA,NA,NA,NA,voucher,kesslerm15638,NA,FALSE
Danaea_lanceolata,NA,OR541229,NA,OR541775,NA,NA,NA,NA,voucher,tuomistoh14712,NA,FALSE
Danaea_latipinna,NA,OR541231,NA,OR541777,NA,NA,NA,NA,voucher,kesslerm14842,NA,FALSE
Danaea_leprieurii,NA,EU439055,NA,EU439077,EU439097,EU439097,NA,NA,voucher,mchristenhusz2128tur,NA,FALSE
Danaea_leussinkiana,NA,OR541241,NA,OR541787,NA,NA,NA,NA,voucher,jonesm1246,NA,FALSE
Danaea_lingua-cervina,NA,OR541245,NA,OR541790,NA,NA,NA,NA,publication,NA,"danaea (marattiaceae) keeps diversifying, part 2: phylogeny and",FALSE
Danaea_longicaudata,NA,EU221711,NA,EU221773,NA,NA,EU221842,NA,voucher,rcmoran6954,NA,FALSE
Danaea_lucens,NA,OR541246,NA,OR541791,NA,NA,NA,NA,publication,NA,"danaea (marattiaceae) keeps diversifying, part 2: phylogeny and",FALSE
Danaea_mazeana,NA,EU221712,NA,EU221774,NA,NA,EU221843,NA,voucher,mchristenhusz3371,NA,FALSE
Danaea_moritziana,NA,EU221694,NA,EU221756,NA,NA,EU221825,NA,voucher,bboyle5971chapotin13,NA,FALSE
Danaea_nigrescens,NA,OR541252,NA,OR541799,NA,NA,NA,NA,voucher,tuomistoh10856,NA,FALSE
Danaea_nodosa,NA,EU439056,NA,EU439078,EU439100,EU439100,NA,NA,voucher,mchristenhusz2565tur,NA,FALSE
Danaea_oblanceolata,NA,EU221723,NA,EU221788,NA,NA,EU221857,NA,voucher,htuomisto11915,NA,FALSE
Danaea_opaca,NA,OR541275,NA,OR541821,NA,NA,NA,NA,voucher,tuomistoh15876,NA,FALSE
Danaea_panamensis,NA,OR541282,NA,OR541827,NA,NA,NA,NA,monophy,NA,NA,FALSE
Danaea_plicata,NA,NA,NA,MW138170,NA,NA,NA,NA,unjoined,jhnitta850,A taxonomic and molecular survey of the pteridophytes of the,FALSE
Danaea_polymorpha,NA,EU221724,NA,EU221789,NA,NA,EU221858,NA,voucher,mchristenhusz2746,NA,FALSE
Danaea_polypinna,NA,NA,NA,OR541839,NA,NA,NA,NA,unjoined,mickeljt3420,"Danaea (Marattiaceae) keeps diversifying, part 2: phylogeny and",FALSE
Danaea_pumila,NA,OR541293,NA,OR541837,NA,NA,NA,NA,publication,NA,"danaea (marattiaceae) keeps diversifying, part 2: phylogeny and",FALSE
Danaea_riparia,NA,NA,NA,OR541841,NA,NA,NA,NA,unjoined,werffhvander22253,"Danaea (Marattiaceae) keeps diversifying, part 2: phylogeny and",FALSE
Danaea_sellowiana,NA,NA,NA,NA,NA,NA,NA,MN412588,NA,NA,NA,FALSE
Danaea_simplicifolia,NA,EU221725,NA,EU221790,NA,NA,EU221859,NA,voucher,mchristenhusz2275,NA,FALSE
Danaea_stricta,NA,OR541313,NA,OR541862,NA,NA,NA,NA,voucher,tuomistoh15166,NA,FALSE
Danaea_tenera,NA,OR541315,NA,OR541864,NA,NA,NA,NA,voucher,kesslerm14844,NA,FALSE
Danaea_tenuicaulis,NA,OR541317,NA,OR541866,NA,NA,NA,NA,voucher,kesslerm14880,NA,FALSE
Danaea_trichomanoides,NA,EU221730,NA,EU221796,NA,NA,EU221866,NA,voucher,mlehnert1542,NA,FALSE
Danaea_trifoliata,NA,OR541318,NA,OR541867,NA,NA,NA,NA,voucher,tuomistoh15215,NA,FALSE
Danaea_trinitatensis,NA,OR541328,NA,OR541877,NA,NA,NA,NA,voucher,christenhuszmjm3421,NA,FALSE
Danaea_ubatubensis,NA,OR541331,NA,OR541880,NA,NA,NA,NA,voucher,christenhuszmjm4910,NA,FALSE
Danaea_ulei,NA,OR541332,NA,OR541881,NA,NA,NA,NA,voucher,tuomistoh14997,NA,FALSE
Danaea_urbanii,NA,EU221732,NA,EU221798,NA,NA,EU221868,NA,voucher,mchristenhusz3506,NA,FALSE
Danaea_ushana,NA,OR541335,NA,OR541884,NA,NA,NA,NA,voucher,lehtonens1112,NA,FALSE
Danaea_vanderwerffii,NA,OR541336,NA,OR541885,NA,NA,NA,NA,voucher,werffhvander22275,NA,FALSE
Danaea_velona,NA,OR541337,NA,OR541886,NA,NA,NA,NA,voucher,kesslerm14808,NA,FALSE
Danaea_vivax,NA,OR541338,NA,EU221799,NA,NA,EU221869,NA,monophy,NA,NA,FALSE
Danaea_wendlandii,NA,EU221733,NA,EU221800,NA,NA,EU221870,NA,voucher,mjones24,NA,FALSE
Danaea_xenium,NA,OR541340,NA,OR541890,NA,NA,NA,NA,voucher,higginsm1198,NA,FALSE
Danaea_ypori,NA,OR541342,NA,OR541892,NA,NA,NA,NA,voucher,boudriem4442,NA,FALSE
Danaea_zamiopsis,NA,OR541343,NA,OR541893,NA,NA,NA,NA,voucher,tuomistoh15163,NA,FALSE
Dasygrammitis_brevivenosa,NA,KM218829,NA,KM218775,NA,KM106136,KM106061,NA,voucher,sundue2206,NA,FALSE
Dasygrammitis_crassifrons,NA,JF514062,NA,JF513992,NA,NA,JF514026,NA,voucher,jgame9580,NA,FALSE
Dasygrammitis_fuscata,NA,NA,NA,PP560096,NA,KM106138,PP561232,NA,monophy,NA,NA,FALSE
Dasygrammitis_malaccana,NA,NA,NA,PP560087,NA,NA,PP561226,NA,voucher,taifwade4828,NA,FALSE
Dasygrammitis_mollicoma,NA,OQ702729,NA,OQ708574,OQ717259,OQ717259,OQ717118,NA,voucher,lbzhang11089,NA,FALSE
Dasygrammitis_purpurascens,NA,NA,NA,MT216011,NA,NA,NA,NA,unjoined,usschuettpelz1933,The Evolution of Overrepresentation: exploring the biogeography of,FALSE
Davallia_angustata,NA,NA,KJ468841,NA,NA,NA,NA,NA,unjoined,NA,NA,FALSE
Davallia_assamica,NA,NA,NA,NA,NA,NA,NA,MT130637,NA,NA,NA,FALSE
Davallia_beddomei,NA,MH392510,NA,MH392510,NA,NA,NA,NA,voucher,he001,NA,FALSE
Davallia_borneensis,NA,AB212694,NA,AB212694,NA,NA,NA,NA,voucher,tsutsumiml94universityoftokyoherbarium,NA,FALSE
Davallia_bullata,NA,JX103675,NA,JX103717,JX103759,JX103759,JX103801,NA,voucher,wu2463,NA,FALSE
Davallia_canariensis,NA,MH392512,NA,LC177751,NA,NA,KF601953,NA,monophy,NA,NA,FALSE
Davallia_chaerophylloides,NA,AB300575,NA,AB300575,NA,NA,NA,NA,voucher,mkatogb20,NA,FALSE
Davallia_chrysanthemifolia,NA,LC177752,NA,LC177752,NA,NA,NA,NA,voucher,taifcwchenwade591,NA,FALSE
Davallia_corniculata,NA,AB212702,NA,AB212702,NA,NA,NA,NA,voucher,tsutsumict1022universityoftokyoherbarium,NA,FALSE
Davallia_cumingii,NA,LC177755,NA,LC177755,NA,NA,NA,NA,voucher,taifcwchenwade849,NA,FALSE
Davallia_denticulata,NA,AB212698,NA,AB212698,NA,NA,NA,NA,voucher,tsutsumict1019universityoftokyoherbarium,NA,FALSE
Davallia_divaricata,NA,NA,NA,NA,NA,NA,NA,MT130639,NA,NA,NA,FALSE
Davallia_embolostegia,NA,AB212701,NA,AB212701,NA,NA,NA,NA,voucher,tsutsumiml56universityoftokyoherbarium,NA,FALSE
Davallia_fejeensis,NA,NA,NA,NA,NA,NA,NA,MK705750,NA,NA,NA,FALSE
Davallia_griffithiana,EF463649,EF463371,NA,EF463165,NA,NA,NA,NA,voucher,schuettpelz506,NA,FALSE
Davallia_heterophylla,NA,AB289539,NA,AB289539,NA,NA,NA,NA,voucher,tsutsumict1072,NA,FALSE
Davallia_hirsuta,NA,AB212696,NA,AB212696,AY096213,AY096213,NA,NA,monophy,NA,NA,FALSE
Davallia_hookeri,NA,MH392501,NA,MH392501,NA,NA,NA,NA,voucher,ma051,NA,FALSE
Davallia_hymenophylloides,NA,AB212689,NA,AB212689,NA,NA,NA,NA,voucher,tsutsumict1012universityoftokyoherbarium,NA,FALSE
Davallia_membranulosa,NA,MH392504,NA,MH392504,NA,NA,NA,NA,voucher,ma012,NA,FALSE
Davallia_multidentata,NA,AB289538,NA,AB289538,NA,NA,NA,NA,voucher,tns758526,NA,FALSE
Davallia_parvula,NA,AB212718,NA,AB212718,NA,NA,NA,NA,voucher,tsutsumict1048universityoftokyoherbarium,NA,FALSE
Davallia_pectinata,NA,LC177753,NA,LC177753,NA,NA,NA,NA,voucher,taifcwchenwade777,NA,FALSE
Davallia_pentaphylla,NA,AB212723,NA,AB212723,NA,NA,NA,NA,voucher,tsutsumict1058universityoftokyoherbarium,NA,FALSE
Davallia_perdurans,NA,NA,NA,NA,NA,NA,NA,MT130656,NA,NA,NA,FALSE
Davallia_platylepis,NA,MH392497,NA,MH392497,NA,NA,NA,NA,voucher,ma043,NA,FALSE
Davallia_pulchra,NA,AB212692,NA,AB212692,NA,NA,NA,NA,voucher,tsutsumict1016universityoftokyoherbarium,NA,FALSE
Davallia_pusilla,NA,NA,NA,MT657553,NA,NA,NA,NA,unjoined,gmplunkett4097,Biogeography of Pacific pteridophytes in a global context,FALSE
Davallia_pyxidata,NA,AB212711,NA,AB212711,NA,NA,NA,NA,voucher,tsutsumict1033universityoftokyoherbarium,NA,FALSE
Davallia_repens,NA,NA,NA,NA,NA,NA,NA,MT130578,NA,NA,NA,FALSE
Davallia_sessilifolia,NA,AB212720,NA,AB212720,NA,NA,NA,NA,voucher,tsutsumict1050universityoftokyoherbarium,NA,FALSE
Davallia_sinensis,NA,MH392492,NA,MH392492,NA,NA,NA,NA,voucher,ma055,NA,FALSE
Davallia_solida,NA,AB212710,NA,AB212710,NA,NA,NA,NA,voucher,tsutsumict1032universityoftokyoherbarium,NA,FALSE
Davallia_squamata,NA,MH392506,NA,MH392506,NA,NA,NA,NA,voucher,ma019,NA,FALSE
Davallia_tasmanii,NA,AB212713,NA,AB212713,NA,NA,NA,NA,voucher,tsutsumict1035universityoftokyoherbarium,NA,FALSE
Davallia_trichomanoides,NA,AB212708,NA,AB212708,NA,NA,NA,NA,voucher,tsutsumict1030universityoftokyoherbarium,NA,FALSE
Davallia_triphylla,NA,AB212725,NA,AB212725,NA,NA,NA,NA,voucher,tsutsumiin113universityoftokyoherbarium,NA,FALSE
Davallia_tyermanni,NA,NA,NA,NA,NA,NA,NA,MK761241,NA,NA,NA,FALSE
Davallia_yunnanensis,NA,JX103676,NA,JX103718,JX103760,JX103760,JX103802,NA,voucher,wu2458,NA,FALSE
Dendroconche_ampla,NA,NA,NA,KF570108,KF570109,KF570109,KF570110,NA,publication,NA,growth habit of colysis ampla (polypodiaceae),FALSE
Dendroconche_annabellae,NA,MN018179,NA,MN018180,NA,NA,NA,NA,voucher,pell911,NA,FALSE
Dendroconche_linguiforme,MH113540,MH113573,MH113606,MH051174,MH113473,MH113473,MH113506,NA,voucher,wade2887,NA,FALSE
Dendroconche_sayeri,NA,NA,NA,MN018176,MN018177,MN018177,MN018178,NA,voucher,kessler14257,NA,FALSE
Dendroconche_scandens,MH113547,MH113581,MH113614,DQ212057,DQ401128,MH113481,DQ401125,NA,monophy,NA,NA,FALSE
Dendroconche_varians,NA,NA,NA,AY362566,AY362638,AY362638,NA,NA,publication,NA,unraveling the phylogeny of polygrammoid ferns (polypodiaceae and,FALSE
Dennstaedtia_ampla,NA,NA,NA,NA,NA,NA,NA,OP081098,NA,NA,NA,FALSE
Dennstaedtia_arborescens,NA,NA,NA,OK092514,NA,OK092428,NA,NA,voucher,jcastro756,NA,FALSE
Dennstaedtia_auriculata,NA,NA,NA,NA,NA,NA,NA,OP168837,NA,NA,NA,FALSE
Dennstaedtia_cicutaria,NA,NA,NA,NA,NA,NA,NA,OP168839,NA,NA,NA,FALSE
Dennstaedtia_cornuta,NA,NA,NA,OK092522,NA,OK092437,OK092327,NA,voucher,latriana1022,NA,FALSE
Dennstaedtia_davallioides,NA,NA,NA,KT983819,NA,NA,NA,NA,unjoined,weltp027283,An expanded phylogeny of the Dennstaedtiaceae ferns: Oenotrichia,FALSE
Dennstaedtia_dissecta,NA,NA,NA,NA,NA,NA,NA,OP168841,NA,NA,NA,FALSE
Dennstaedtia_distenta,NA,NA,NA,OK092524,NA,MT559732,MT633780,NA,monophy,NA,NA,FALSE
Dennstaedtia_flaccida,NA,NA,NA,OK092526,NA,OK092450,OK092333,NA,voucher,gmplunkett2905,NA,FALSE
Dennstaedtia_glabrata,NA,NA,NA,NA,NA,NA,NA,OP081120,NA,NA,NA,FALSE
Dennstaedtia_glauca,NA,NA,NA,NA,NA,NA,NA,OP168842,NA,NA,NA,FALSE
Dennstaedtia_macrosora,NA,NA,NA,OK092529,NA,OK092456,OK092335,NA,voucher,latriana990,NA,FALSE
Dennstaedtia_mathewsii,NA,NA,NA,OK092530,NA,OK092457,NA,NA,voucher,latriana991,NA,FALSE
Dennstaedtia_maxima,NA,NA,NA,NA,NA,NA,NA,OP081113,NA,NA,NA,FALSE
Dennstaedtia_novae,EF463655,EF463376,NA,U18639,NA,NA,NA,NA,monophy,NA,NA,FALSE
Dennstaedtia_obtusifolia,NA,NA,NA,OK092532,NA,OK092461,NA,NA,voucher,latriana1038,NA,FALSE
Dennstaedtia_producta,NA,NA,NA,NA,NA,NA,NA,OP168846,NA,NA,NA,FALSE
Dennstaedtia_samoensis,NA,NA,NA,NA,NA,NA,NA,OP081119,NA,NA,NA,FALSE
Dennstaedtia_scandens,NA,NA,NA,NA,NA,NA,NA,OP168850,NA,NA,NA,FALSE
Dennstaedtia_spinosa,NA,NA,NA,NA,NA,NA,NA,OP168852,NA,NA,NA,FALSE
Dennstaedtia_sprucei,NA,NA,NA,NA,NA,NA,NA,OP168853,NA,NA,NA,FALSE
Dennstaedtia_vagans,NA,NA,NA,NA,NA,NA,NA,OP168854,NA,NA,NA,FALSE
Dennstaedtia_werckleana,NA,NA,NA,NA,NA,NA,NA,OP168855,NA,NA,NA,FALSE
Deparia_acrostichoides,KF186547,NA,JN673820,KF186515,NA,NA,JN673862,NA,monophy,NA,NA,FALSE
Deparia_allantodioides,NA,NA,KX656048,KX656075,NA,NA,KX656160,NA,voucher,liu9453,NA,FALSE
Deparia_auriculata,NA,NA,KX656033,KX656063,NA,NA,KX656145,NA,voucher,kuo1300,NA,FALSE
Deparia_biserialis,NA,NA,JN673822,JN673931,NA,NA,JN673864,NA,voucher,shinohara0810501,NA,FALSE
Deparia_bonincola,NA,NA,JN673823,AB574940,NA,NA,JN673865,NA,voucher,tns774841,NA,FALSE
Deparia_boryana,NA,NA,KX656034,KX656064,NA,NA,KX656146,NA,voucher,p02432539,NA,FALSE
Deparia_cataracticola,NA,NA,NA,MT657527,NA,NA,NA,NA,unjoined,krwood16707,Biogeography of Pacific pteridophytes in a global context,FALSE
Deparia_confluens,NA,NA,NA,NA,NA,NA,NA,PQ424514,NA,NA,NA,FALSE
Deparia_conilii,NA,NA,JN673825,AB574941,NA,NA,JN673867,NA,voucher,tns768165,NA,FALSE
Deparia_coreana,NA,NA,JN673826,AB574942,NA,NA,JN673868,NA,voucher,tns776382,NA,FALSE
Deparia_dickasonii,NA,NA,JN673827,JN673933,NA,NA,JN673869,NA,voucher,liu9433,NA,FALSE
Deparia_dimorphophylla,NA,NA,NA,NA,NA,NA,NA,OL416106,NA,NA,NA,FALSE
Deparia_dolosa,NA,NA,JN673829,JN673934,NA,NA,JN673871,NA,voucher,kuo1315,NA,FALSE
Deparia_erecta,NA,NA,KX656039,KX656068,NA,NA,KX656151,NA,monophy,NA,NA,FALSE
Deparia_fenzliana,NA,NA,NA,MT657533,NA,NA,NA,NA,unjoined,krwood12752,Biogeography of Pacific pteridophytes in a global context,FALSE
Deparia_formosana,NA,NA,KX656041,KX656069,NA,NA,KX656153,NA,voucher,kuo2306,NA,FALSE
Deparia_forsythii-majoris,NA,NA,KX656042,KX656070,NA,NA,KX656154,NA,voucher,p02432852,NA,FALSE
Deparia_giraldii,NA,NA,NA,NA,NA,NA,NA,PQ742175,NA,NA,NA,FALSE
Deparia_gordonii,NA,NA,NA,NA,NA,NA,KY296541,NA,unjoined,NA,NA,FALSE
Deparia_hainanensis,NA,NA,KX656044,KX656072,NA,NA,KX656156,NA,voucher,pe01385619,NA,FALSE
Deparia_henryi,NA,NA,KY296506,KY296515,NA,NA,KY296533,NA,voucher,kuo3953,NA,FALSE
Deparia_heterophlebia,NA,NA,KX656045,KX656073,NA,NA,KX656157,NA,voucher,liu9426,NA,FALSE
Deparia_japonica,NA,NA,JN673831,AB574945,NA,NA,JN673873,NA,voucher,tns763869,NA,FALSE
Deparia_jiulungensis,NA,NA,NA,PP560850,NA,NA,PP562277,NA,voucher,taifkuo3869,NA,FALSE
Deparia_kaalaana,NA,NA,KY296507,KY296516,NA,NA,KY296534,NA,voucher,tns1191621,NA,FALSE
Deparia_kiusiana,NA,NA,JN673832,D43902,NA,NA,JN673874,NA,monophy,NA,NA,FALSE
Deparia_kiyozumiana,NA,NA,NA,NA,NA,NA,LC597048,NA,unjoined,NA,NA,FALSE
Deparia_lancea,NA,NA,NA,NA,NA,NA,NA,MT130557,NA,NA,NA,FALSE
Deparia_lobatocrenata,NA,NA,KY296508,KY296517,NA,NA,KY296535,NA,voucher,kuo3953,NA,FALSE
Deparia_longipes,NA,NA,JN673846,JN673948,NA,NA,JN673888,NA,voucher,wade1096,NA,FALSE
Deparia_longipilosa,NA,NA,MG722869,MG722875,NA,NA,MG722887,NA,voucher,p00835667,NA,FALSE
Deparia_macdonellii,NA,NA,KY296509,KY296518,NA,NA,KY296536,NA,voucher,tns731529,NA,FALSE
Deparia_marginalis,NA,NA,NA,MT657529,NA,NA,NA,NA,unjoined,krwood17959,Biogeography of Pacific pteridophytes in a global context,FALSE
Deparia_marojejyensis,NA,NA,MG722867,MG722873,NA,NA,MG722885,NA,voucher,bauretrouhansn,NA,FALSE
Deparia_membranacea,NA,NA,KX656036,KX656065,NA,NA,KX656148,NA,voucher,kuo2268,NA,FALSE
Deparia_minamitanii,NA,NA,JN673847,AB574948,NA,NA,JN673889,NA,voucher,tns774852,NA,FALSE
Deparia_nakaikeana,NA,NA,MG722865,NA,NA,NA,MG722883,NA,voucher,tns9507647,NA,FALSE
Deparia_nanakuraensis,NA,NA,NA,NA,NA,NA,MT898449,NA,unjoined,NA,NA,FALSE
Deparia_okuboana,NA,NA,JN673848,AB574949,NA,NA,JN673890,NA,voucher,tns764345,NA,FALSE
Deparia_omeiensis,NA,NA,JN673849,JN673949,NA,NA,JN673891,NA,voucher,liu9671,NA,FALSE
Deparia_otomasui,NA,NA,JN673851,D43904,NA,NA,JN673893,NA,monophy,NA,NA,FALSE
Deparia_parvisora,NA,NA,KX656049,KX656076,NA,NA,KX656161,NA,voucher,p00243925,NA,FALSE
Deparia_petersenii,MG183664,MG183433,MG183352,MG183279,NA,NA,MG183579,NA,voucher,zhangxc1596,NA,FALSE
Deparia_polyrhizon,NA,NA,MG722866,MG722872,NA,NA,MG722884,NA,voucher,us2424570,NA,FALSE
Deparia_prolifera,NA,NA,NA,MT657530,NA,NA,NA,NA,unjoined,krwood17252,Biogeography of Pacific pteridophytes in a global context,FALSE
Deparia_pseudoconilii,NA,NA,JN673853,AB574952,NA,NA,JN673895,NA,voucher,tns764016,NA,FALSE
Deparia_pterorachis,NA,NA,JN673854,AB574954,NA,NA,JN673896,NA,voucher,tns766637,NA,FALSE
Deparia_pycnosora,NA,NA,NA,NA,NA,NA,NA,KY427339,NA,NA,NA,FALSE
Deparia_septentrionalis,NA,NA,MG722868,MG722874,NA,NA,MG722886,NA,voucher,p00084929,NA,FALSE
Deparia_shennongensis,NA,NA,NA,NA,NA,NA,AF515255,NA,unjoined,NA,NA,FALSE
Deparia_sichuanensis,NA,NA,KX656052,KX656078,NA,NA,KX656164,NA,voucher,kuo2243,NA,FALSE
Deparia_subfluvialis,NA,NA,JN673859,JN673952,NA,NA,PP562302,NA,monophy,NA,NA,FALSE
Deparia_subsimilis,NA,NA,KY296505,KY296514,NA,NA,KY296532,NA,voucher,kuo2274,NA,FALSE
Deparia_tenuifolia,NA,NA,NA,KJ400018,NA,NA,KJ400019,NA,voucher,weltp026307,NA,FALSE
Deparia_timetensis,NA,NA,KX656054,MT216013,NA,NA,KX656166,NA,monophy,NA,NA,FALSE
Deparia_tomitaroana,NA,NA,KY296512,KY296521,NA,NA,KY296539,NA,voucher,tns771521,NA,FALSE
Deparia_unifurcata,EF463910,EF463569,NA,EF463307,NA,NA,NA,NA,voucher,katosn,NA,FALSE
Deparia_viridifrons,NA,NA,NA,NA,NA,NA,NA,KY427340,NA,NA,NA,FALSE
Deparia_wangzhongrenii,NA,NA,KX656038,KX656067,NA,NA,KX656150,NA,voucher,liu9703,NA,FALSE
Deparia_wilsonii,NA,NA,NA,NA,NA,NA,NA,MT130577,NA,NA,NA,FALSE
Deparia_yunnanensis,NA,NA,KY296513,KY296522,NA,NA,KY296540,NA,voucher,kuo3283,NA,FALSE
Desmophlebium_lechleri,NA,NA,NA,NA,NA,NA,NA,MT130626,NA,NA,NA,FALSE
Devolia_orientalis,NA,OQ702730,NA,OQ708527,OQ717274,OQ717274,PP562332,NA,monophy,NA,NA,FALSE
Dicksonia_antarctica,NA,KJ716396,NA,KJ716406,NA,NA,HQ157336,NA,voucher,christenhusz5860,NA,FALSE
Dicksonia_arborescens,AM176443,AM176602,MF178058,AM177340,AM176497,AM176497,AM410356,NA,monophy,NA,NA,FALSE
Dicksonia_archboldii,NA,NA,MF178083,NA,NA,NA,MF066513,NA,voucher,lehnertm2542,NA,FALSE
Dicksonia_baudouinii,NA,NA,MF178089,EF469951,NA,NA,MF066521,NA,monophy,NA,NA,FALSE
Dicksonia_berteroana,NA,NA,MF178057,NA,NA,NA,MF066481,NA,voucher,botanicalgardenedinburgh20060954a,NA,FALSE
Dicksonia_blumei,NA,NA,NA,HQ334991,NA,NA,NA,NA,unjoined,ba654,"A new species of tree fern Dicksonia (Dicksoniaceae) from Timor,",FALSE
Dicksonia_brackenridgei,NA,NA,MF178094,MT657766,NA,NA,MF066528,NA,monophy,NA,NA,FALSE
Dicksonia_fibrosa,AM176444,AM176603,NA,AM177341,NA,NA,NA,NA,voucher,tibellnz72,NA,FALSE
Dicksonia_grandis,NA,NA,MF178082,NA,NA,NA,MF066511,NA,voucher,lehnertm2550,NA,FALSE
Dicksonia_herbertii,NA,NA,MF178086,NA,NA,NA,MF066517,NA,voucher,kesslerm14249,NA,FALSE
Dicksonia_hieronymi,NA,NA,MF178084,NA,NA,NA,MF066514,NA,voucher,lehnertm2512,NA,FALSE
Dicksonia_karsteniana,AM176445,AM176604,NA,AM177342,AM176498,AM176498,AM410357,NA,voucher,conant4378,NA,FALSE
Dicksonia_lanata,AM176446,AM176605,NA,AM177343,NA,NA,AM410358,NA,voucher,morter15,NA,FALSE
Dicksonia_lanigera,NA,NA,MF178085,NA,NA,NA,MF066516,NA,voucher,lehnertm2509,NA,FALSE
Dicksonia_mollis,NA,NA,MF178079,NA,NA,NA,MF066506,NA,monophy,NA,NA,FALSE
Dicksonia_munzingeri,NA,NA,MF178091,NA,NA,NA,MF066523,NA,monophy,NA,NA,FALSE
Dicksonia_navarrensis,NA,NA,NA,NA,NA,NA,MH213737,NA,unjoined,NA,NA,FALSE
Dicksonia_perriei,NA,NA,NA,NA,NA,NA,MF066526,NA,unjoined,NA,NA,FALSE
Dicksonia_sciurus,NA,NA,MF178081,NA,NA,NA,MF066509,NA,voucher,lehnertm2492,NA,FALSE
Dicksonia_sellowiana,NA,NA,NA,PV006923,NA,NA,NA,NA,unjoined,canekledesma21180,NA,FALSE
Dicksonia_squarrosa,NA,NA,NA,NA,NA,NA,NA,KJ569698,NA,NA,NA,FALSE
Dicksonia_stuebelii,NA,NA,MF178061,NA,NA,NA,MF066485,NA,voucher,lehnertm2021,NA,FALSE
Dicksonia_thyrsopteroides,AM176448,AM176607,NA,AM177345,AM176500,AM176500,AM410360,NA,voucher,swenson624,NA,FALSE
Dicksonia_timorensis,NA,NA,NA,HQ334990,NA,NA,NA,NA,unjoined,ba653,"A new species of tree fern Dicksonia (Dicksoniaceae) from Timor,",FALSE
Dicksonia_youngiae,NA,NA,MF178087,NA,NA,NA,MF066519,NA,monophy,NA,NA,FALSE
Dicranopteris_alternans,NA,MZ365125,NA,MZ365088,MZ365193,NA,NA,NA,voucher,sg1688,NA,FALSE
Dicranopteris_austrosinensis,NA,MZ365111,MZ365139,MZ365072,MZ365168,NA,MZ365202,NA,voucher,drs047,NA,FALSE
Dicranopteris_baliensis,NA,MZ365121,MZ365150,MZ365066,MZ365162,NA,MZ365213,NA,voucher,inabld58,NA,FALSE
Dicranopteris_cadetii,NA,NA,NA,KF992471,NA,NA,NA,NA,unjoined,shennequin284,Evolutionary patterns in the assembly of fern diversity on the,FALSE
Dicranopteris_curranii,NA,MZ365116,MZ365153,MZ365070,MZ365166,NA,MZ365217,NA,voucher,hns065,NA,FALSE
Dicranopteris_flexuosa,NA,NA,NA,NA,DQ390582,DQ390582,NA,NA,voucher,christenhusz4241,NA,FALSE
Dicranopteris_inaequalis,NA,MZ365127,NA,NA,MZ365191,NA,MZ365229,NA,voucher,sg1711,NA,FALSE
Dicranopteris_latiloba,NA,MZ365112,NA,MZ365090,MZ365188,NA,MZ365227,NA,voucher,fern09777,NA,FALSE
Dicranopteris_linearis,NA,NA,NA,NA,NA,NA,NA,OR683465,NA,NA,NA,FALSE
Dicranopteris_pedata,NA,NA,NA,NA,NA,NA,NA,OM419363,NA,NA,NA,FALSE
Dicranopteris_splendida,NA,NA,NA,NA,NA,NA,NA,OM419352,NA,NA,NA,FALSE
Dicranopteris_subpectinata,NA,NA,NA,PP560764,NA,NA,PP562362,NA,voucher,taifzxc002485,NA,FALSE
Dicranopteris_subspeciosa,NA,MZ365130,NA,MZ365089,MZ365195,NA,MZ365231,NA,voucher,sg1733,NA,FALSE
Dicranopteris_taiwanensis,NA,MZ365093,MZ365137,MZ365085,MZ365181,NA,MZ365211,NA,voucher,yyh11635,NA,FALSE
Dicranopteris_tetraphylla,NA,NA,NA,PP559693,NA,NA,PP562125,NA,voucher,taifkuo2369,NA,FALSE
Dicranopteris_weatherbyi,NA,NA,NA,MT657778,NA,NA,NA,NA,unjoined,krwood13647,Biogeography of Pacific pteridophytes in a global context,FALSE
Dictymia_brownii,NA,NA,NA,NA,NA,NA,NA,MW876312,NA,NA,NA,FALSE
Dictymia_mckeei,EF463810,EF463492,NA,DQ164441,DQ164472,DQ164472,DQ164504,NA,monophy,NA,NA,FALSE
Didymochlaena_alpina,OP595261,OP595231,OP595202,OP595169,OP595322,OP595322,OP595324,NA,voucher,bollgaard37712,NA,FALSE
Didymochlaena_amazonica,OP595260,OP595230,OP595201,OP595168,OP595293,OP595293,OP595323,NA,voucher,amonteagudo5407,NA,FALSE
Didymochlaena_attenuata,OP595279,OP595249,OP595220,OP595187,OP595314,OP595314,OP595342,NA,voucher,pantilahimenafedmond4903,NA,FALSE
Didymochlaena_bipinnatipartita,OP595271,OP595241,OP595212,OP595179,OP595306,OP595306,OP595334,NA,voucher,cbirkinshaw1021,NA,FALSE
Didymochlaena_cameroonensis,OP595268,OP595238,OP595209,OP595176,OP595303,OP595303,OP595331,NA,voucher,dthomas2761,NA,FALSE
Didymochlaena_comorensis,OP595264,OP595234,OP595205,OP595172,OP595299,OP595299,OP595327,NA,voucher,jkluge7678,NA,FALSE
Didymochlaena_deltoidea,OP595275,OP595245,OP595216,OP595183,OP595310,OP595310,OP595338,NA,voucher,sdramandimbimananasdr093,NA,FALSE
Didymochlaena_dimidiata,OP595288,NA,OP595227,OP595197,NA,NA,NA,NA,voucher,tlepechon1378b,NA,FALSE
Didymochlaena_fijiensis,MW323337,MW323324,MW323349,MW323312,MW323362,MW323362,MW323373,NA,publication,NA,taxonomy of the fern genus didymochlaena (didymochlaenaceae) from,FALSE
Didymochlaena_madagascariensis,OP595277,OP595247,OP595218,OP595185,OP595312,OP595312,OP595340,NA,voucher,cbirkinshaw1467,NA,FALSE
Didymochlaena_mesoamericana,OP595263,OP595233,OP595204,OP595171,OP595298,OP595298,OP595326,NA,voucher,chamilton846,NA,FALSE
Didymochlaena_microphylla,OP595281,OP595251,OP595222,OP595189,OP595316,OP595316,OP595344,NA,voucher,arasolohery134,NA,FALSE
Didymochlaena_oceanica,MW323338,MW323325,MW323350,MW323313,NA,NA,NA,NA,publication,NA,taxonomy of the fern genus didymochlaena (didymochlaenaceae) from,FALSE
Didymochlaena_philippensis,MW323342,MW323330,MW323355,MW323318,MW323366,MW323366,MW323377,NA,publication,NA,taxonomy of the fern genus didymochlaena (didymochlaenaceae) from,FALSE
Didymochlaena_punctata,OP595266,OP595236,OP595207,OP595174,OP595301,OP595301,OP595329,NA,monophy,NA,NA,FALSE
Didymochlaena_sinuosa,OP595270,OP595240,OP595211,OP595178,OP595305,OP595305,OP595333,NA,voucher,lvaveryanovvh4334,NA,FALSE
Didymochlaena_solomonensis,OP595291,OP595259,OP595229,OP595200,OP595292,OP595292,OP595353,NA,voucher,cwchensitw07173,NA,FALSE
Didymochlaena_spinulosa,OP595276,OP595246,OP595217,OP595184,OP595311,OP595311,OP595339,NA,voucher,mamwangokaamalekela5158,NA,FALSE
Didymochlaena_truncatula,NA,NA,NA,NA,NA,NA,NA,MT130600,NA,NA,NA,FALSE
Didymoglossum_angustifrons,NA,NA,NA,MW138292,NA,NA,NA,NA,unjoined,jhnitta120,A taxonomic and molecular survey of the pteridophytes of the,FALSE
Didymoglossum_ballardianum,NA,NA,NA,OQ162193,NA,NA,NA,NA,unjoined,droissartkamdem2293,"Diversity, taxonomy and history of the tropical fern genus",FALSE
Didymoglossum_barklyanum,NA,NA,NA,KF992473,NA,NA,NA,NA,unjoined,egrangaudsn,Evolutionary patterns in the assembly of fern diversity on the,FALSE
Didymoglossum_beaverianum,NA,NA,NA,KY039369,NA,NA,NA,NA,unjoined,bsenterre6577,New species and records in the fern genus Didymoglossum for the,FALSE
Didymoglossum_beccarianum,NA,NA,NA,PP560538,NA,NA,PP562317,NA,voucher,taiflu26069,NA,FALSE
Didymoglossum_benlii,NA,NA,NA,OQ162202,NA,NA,NA,NA,unjoined,bidault3842,"Diversity, taxonomy and history of the tropical fern genus",FALSE
Didymoglossum_bimarginatum,NA,NA,NA,MT657804,NA,NA,NA,NA,unjoined,dhlorence9971,Biogeography of Pacific pteridophytes in a global context,FALSE
Didymoglossum_chamaedrys,NA,NA,NA,OQ162205,NA,NA,NA,NA,unjoined,norris106347,"Diversity, taxonomy and history of the tropical fern genus",FALSE
Didymoglossum_cuspidatum,NA,NA,NA,AF537122,AY095144,AY095144,NA,NA,voucher,jydubuissonhr19995,NA,FALSE
Didymoglossum_ekmanii,NA,NA,NA,Y09192,NA,NA,NA,NA,unjoined,NA,rbcL sequences: a promising tool for the molecular systematics of,FALSE
Didymoglossum_erosum,NA,NA,NA,OQ162196,NA,NA,NA,NA,unjoined,deblauwe322,"Diversity, taxonomy and history of the tropical fern genus",FALSE
Didymoglossum_exiguum,NA,NA,NA,AB257488,NA,NA,NA,NA,unjoined,iwatsuki99h09,A global molecular phylogeny of the fern genus Trichomanes,FALSE
Didymoglossum_fulgens,NA,NA,NA,KY039370,NA,NA,NA,NA,unjoined,bsenterre5697,New species and records in the fern genus Didymoglossum for the,FALSE
Didymoglossum_godmanii,NA,NA,NA,KJ628892,NA,NA,NA,NA,unjoined,NA,Phylogenetic relatedness within neotropical fern communities,FALSE
Didymoglossum_gourlianum,NA,NA,NA,Y09194,NA,NA,NA,NA,unjoined,NA,rbcL sequences: a promising tool for the molecular systematics of,FALSE
Didymoglossum_hildebrandtii,NA,NA,NA,AY175788,NA,NA,NA,NA,unjoined,fhallesnjydubuissonh4201,Molecular systematics of the fern genus Trichomanes L.,FALSE
Didymoglossum_hymenoides,NA,NA,NA,AB257489,NA,NA,NA,NA,unjoined,dubuissonhg200427,A global molecular phylogeny of the fern genus Trichomanes,FALSE
Didymoglossum_kapplerianum,NA,NA,NA,MW138136,NA,NA,NA,NA,unjoined,jhnitta2299a,A taxonomic and molecular survey of the pteridophytes of the,FALSE
Didymoglossum_kirkii,NA,NA,NA,OQ162185,NA,NA,NA,NA,unjoined,rouhan925,"Diversity, taxonomy and history of the tropical fern genus",FALSE
Didymoglossum_krausii,EF463746,EF463455,NA,EF463228,NA,NA,NA,NA,voucher,schuettpelz220,NA,FALSE
Didymoglossum_lenormandii,NA,NA,NA,OQ162188,NA,NA,NA,NA,unjoined,rakotondrainibe6260,"Diversity, taxonomy and history of the tropical fern genus",FALSE
Didymoglossum_liberiense,NA,NA,NA,OQ162182,NA,NA,NA,NA,unjoined,rakontodrainibe1880,"Diversity, taxonomy and history of the tropical fern genus",FALSE
Didymoglossum_lorencei,NA,NA,NA,OQ162181,NA,NA,NA,NA,unjoined,rouhan874,"Diversity, taxonomy and history of the tropical fern genus",FALSE
Didymoglossum_membranaceum,EF463747,EF463456,NA,OQ162187,EU553540,NA,NA,NA,monophy,NA,NA,FALSE
Didymoglossum_mindorense,NA,NA,NA,OQ162186,NA,NA,NA,NA,unjoined,ebihara01090901,"Diversity, taxonomy and history of the tropical fern genus",FALSE
Didymoglossum_motleyi,NA,NA,NA,AB574714,NA,NA,NA,NA,unjoined,tns759342,Molecular species identification with rich floristic sampling: DNA,FALSE
Didymoglossum_nummularium,NA,NA,NA,KJ628895,NA,NA,NA,NA,unjoined,NA,Phylogenetic relatedness within neotropical fern communities,FALSE
Didymoglossum_ovale,NA,NA,NA,AB257491,NA,NA,NA,NA,unjoined,taohsawa17810,A global molecular phylogeny of the fern genus Trichomanes,FALSE
Didymoglossum_petersii,NA,NA,NA,MF987842,NA,NA,NA,NA,unjoined,sel113690,Vittaria graminifolia (Pteridaceae) and Didymoglossum petersii,FALSE
Didymoglossum_pinnatinervium,NA,NA,NA,Y09199,NA,NA,NA,NA,unjoined,NA,rbcL sequences: a promising tool for the molecular systematics of,FALSE
Didymoglossum_punctatum,NA,NA,NA,OQ162178,NA,NA,NA,NA,unjoined,chaussidonsn,"Diversity, taxonomy and history of the tropical fern genus",FALSE
Didymoglossum_reptans,NA,NA,NA,MW138290,NA,NA,NA,NA,unjoined,jhnitta125,A taxonomic and molecular survey of the pteridophytes of the,FALSE
Didymoglossum_robinsonii,NA,NA,NA,OQ162183,NA,NA,NA,NA,unjoined,sn,"Diversity, taxonomy and history of the tropical fern genus",FALSE
Didymoglossum_rotundifolium,NA,NA,NA,OQ162190,NA,NA,NA,NA,unjoined,pignal3484,"Diversity, taxonomy and history of the tropical fern genus",FALSE
Didymoglossum_sublimbatum,NA,NA,NA,KY039371,NA,NA,PP561847,NA,monophy,NA,NA,FALSE
Didymoglossum_tahitense,NA,NA,NA,NA,NA,NA,NA,PV121158,NA,NA,NA,FALSE
Diplaziopsis_brunoniana,NA,NA,NA,NA,NA,NA,NA,MT130567,NA,NA,NA,FALSE
Diplaziopsis_cavaleriana,NA,NA,NA,NA,NA,NA,NA,KY427341,NA,NA,NA,FALSE
Diplaziopsis_javanica,NA,NA,NA,NA,NA,NA,NA,KY427342,NA,NA,NA,FALSE
Diplaziopsis_pycnocarpa,NA,NA,NA,NA,NA,NA,NA,KY427349,NA,NA,NA,FALSE
Diplazium_aberrans,NA,NA,NA,NA,NA,NA,NA,MN615794,NA,NA,NA,FALSE
Diplazium_acanthopus,NA,NA,NA,NA,NA,NA,NA,PQ133456,NA,NA,NA,FALSE
Diplazium_alienum,NA,NA,NA,NA,NA,NA,NA,PQ133457,NA,NA,NA,FALSE
Diplazium_altissimum,NA,NA,NA,NA,NA,NA,NA,PQ133458,NA,NA,NA,FALSE
Diplazium_ambiguum,NA,NA,NA,NA,NA,NA,NA,PQ133460,NA,NA,NA,FALSE
Diplazium_angustipinna,NA,NA,NA,PP560588,NA,NA,PP561605,NA,monophy,NA,NA,FALSE
Diplazium_aphanoneuron,NA,NA,NA,LC484402,NA,NA,NA,NA,unjoined,tns1107859,An update and reassessment of fern and lycophyte diversity data in,FALSE
Diplazium_arborescens,NA,NA,NA,NA,NA,NA,NA,MN615796,NA,NA,NA,FALSE
Diplazium_armatum,NA,NA,NA,NA,NA,NA,NA,PQ133461,NA,NA,NA,FALSE
Diplazium_arnottii,NA,NA,NA,NA,NA,NA,MT253578,NA,unjoined,NA,NA,FALSE
Diplazium_assimile,NA,NA,NA,NA,NA,NA,NA,MN615797,NA,NA,NA,FALSE
Diplazium_asterothrix,NA,NA,NA,NA,NA,NA,NA,PQ133462,NA,NA,NA,FALSE
Diplazium_atirrense,NA,NA,NA,NA,NA,NA,NA,PQ133463,NA,NA,NA,FALSE
Diplazium_atratum,NA,NA,NA,NA,NA,NA,NA,PQ133464,NA,NA,NA,FALSE
Diplazium_atrosquamosum,NA,NA,NA,NA,NA,NA,NA,MN615798,NA,NA,NA,FALSE
Diplazium_australe,NA,NA,NA,NA,NA,NA,NA,PQ133465,NA,NA,NA,FALSE
Diplazium_bantamense,NA,NA,NA,NA,NA,NA,NA,PQ133467,NA,NA,NA,FALSE
Diplazium_barbatum,NA,NA,NA,NA,NA,NA,NA,MN615799,NA,NA,NA,FALSE
Diplazium_bellum,NA,NA,NA,NA,NA,NA,NA,MT130629,NA,NA,NA,FALSE
Diplazium_bicolor,NA,NA,NA,NA,NA,NA,NA,PQ133468,NA,NA,NA,FALSE
Diplazium_bombonasae,JF832115,EF463570,JF832273,EF463308,NA,NA,KX656171,NA,monophy,NA,NA,FALSE
Diplazium_bulbiferum,NA,NA,NA,PP560098,NA,NA,PP561234,NA,voucher,taifwade4851,NA,FALSE
Diplazium_carnosum,NA,NA,NA,MW138140,NA,NA,NA,NA,unjoined,jhnitta2120,A taxonomic and molecular survey of the pteridophytes of the,FALSE
Diplazium_caudatum,NA,NA,NA,NA,NA,NA,NA,MN615800,NA,NA,NA,FALSE
Diplazium_celtidifolium,NA,NA,NA,NA,NA,NA,NA,PQ133470,NA,NA,NA,FALSE
Diplazium_centripetale,NA,NA,NA,NA,NA,NA,NA,PQ133471,NA,NA,NA,FALSE
Diplazium_ceratolepis,NA,NA,NA,MW138189,NA,NA,NA,NA,unjoined,jhnitta819,A taxonomic and molecular survey of the pteridophytes of the,FALSE
Diplazium_chinense,NA,NA,NA,NA,NA,NA,NA,PQ133472,NA,NA,NA,FALSE
Diplazium_chioui,NA,NA,NA,PP560705,NA,NA,PP562346,NA,voucher,taifzxc001305,NA,FALSE
Diplazium_conterminum,NA,NA,NA,NA,NA,NA,NA,MN615801,NA,NA,NA,FALSE
Diplazium_cordifolium,NA,NA,NA,NA,NA,NA,NA,MN615802,NA,NA,NA,FALSE
Diplazium_costale,NA,NA,NA,NA,NA,NA,NA,PQ133473,NA,NA,NA,FALSE
Diplazium_costulisorum,NA,NA,NA,NA,NA,NA,NA,MN615803,NA,NA,NA,FALSE
Diplazium_crassiusculum,NA,NA,NA,NA,NA,NA,NA,MN615804,NA,NA,NA,FALSE
Diplazium_crinitum,NA,NA,NA,NA,NA,NA,NA,PQ133536,NA,NA,NA,FALSE
Diplazium_cristatum,NA,NA,NA,NA,NA,NA,NA,PQ133475,NA,NA,NA,FALSE
Diplazium_cumingii,NA,NA,NA,NA,NA,NA,NA,PQ133476,NA,NA,NA,FALSE
Diplazium_cuneifolium,NA,NA,NA,NA,NA,NA,NA,PQ133477,NA,NA,NA,FALSE
Diplazium_cyatheifolium,NA,NA,NA,NA,NA,NA,NA,PQ133478,NA,NA,NA,FALSE
Diplazium_davaoense,NA,NA,NA,NA,NA,NA,NA,PQ133479,NA,NA,NA,FALSE
Diplazium_deciduum,NA,NA,NA,LC484400,NA,NA,NA,NA,unjoined,tns1253320,An update and reassessment of fern and lycophyte diversity data in,FALSE
Diplazium_dilatatum,NA,NA,NA,NA,NA,NA,NA,KY427344,NA,NA,NA,FALSE
Diplazium_diplazioides,NA,NA,NA,NA,NA,NA,NA,PQ133480,NA,NA,NA,FALSE
Diplazium_divergens,NA,NA,NA,NA,NA,NA,NA,PQ133481,NA,NA,NA,FALSE
Diplazium_doederleinii,NA,NA,NA,NA,NA,NA,NA,PQ133482,NA,NA,NA,FALSE
Diplazium_donnell-smithii,NA,NA,NA,NA,NA,NA,NA,PQ133484,NA,NA,NA,FALSE
Diplazium_drepanolobium,NA,NA,NA,PV007105,NA,NA,NA,NA,unjoined,danieltejerodiez6147,NA,FALSE
Diplazium_dulongjiangense,NA,NA,NA,NA,NA,NA,NA,PQ133485,NA,NA,NA,FALSE
Diplazium_dushanense,NA,NA,NA,NA,NA,NA,NA,KY427345,NA,NA,NA,FALSE
Diplazium_echinatum,NA,NA,NA,NA,NA,NA,NA,PQ133486,NA,NA,NA,FALSE
Diplazium_ellipticum,NA,NA,NA,KY099793,NA,NA,NA,NA,unjoined,nitta2783,Life cycle matters: DNA barcoding reveals contrasting community,FALSE
Diplazium_esculentum,NA,NA,NA,NA,NA,NA,NA,PV391895,NA,NA,NA,FALSE
Diplazium_expansum,NA,NA,NA,NA,NA,NA,NA,PQ133487,NA,NA,NA,FALSE
Diplazium_fadyenii,NA,NA,NA,NA,NA,NA,NA,PQ133488,NA,NA,NA,FALSE
Diplazium_fauriei,NA,NA,NA,PP560627,NA,NA,PP561631,NA,voucher,taifhsu12745,NA,FALSE
Diplazium_ferulaceum,NA,NA,NA,NA,NA,NA,NA,PQ133489,NA,NA,NA,FALSE
Diplazium_filamentosum,NA,NA,NA,NA,NA,NA,NA,PQ133490,NA,NA,NA,FALSE
Diplazium_florensiae,NA,NA,MG722871,MG722877,NA,NA,MG722889,NA,monophy,NA,NA,FALSE
Diplazium_forbesii,NA,NA,NA,NA,NA,NA,NA,PQ133491,NA,NA,NA,FALSE
Diplazium_franconis,NA,NA,NA,NA,NA,NA,NA,PQ133493,NA,NA,NA,FALSE
Diplazium_fraxinifolium,NA,NA,NA,NA,NA,NA,NA,MN615807,NA,NA,NA,FALSE
Diplazium_fuertesii,NA,NA,NA,NA,NA,NA,NA,PQ133494,NA,NA,NA,FALSE
Diplazium_geophilum,NA,NA,NA,NA,NA,NA,NA,PQ133495,NA,NA,NA,FALSE
Diplazium_gomezianum,NA,NA,NA,NA,NA,NA,NA,PQ133497,NA,NA,NA,FALSE
Diplazium_grandifolium,NA,NA,NA,NA,NA,NA,NA,PQ133498,NA,NA,NA,FALSE
Diplazium_grantii,NA,NA,NA,KY099794,NA,NA,NA,NA,unjoined,nitta3176,Life cycle matters: DNA barcoding reveals contrasting community,FALSE
Diplazium_griffithii,NA,NA,NA,NA,NA,NA,NA,PQ133499,NA,NA,NA,FALSE
Diplazium_hachijoense,NA,NA,NA,NA,NA,NA,NA,MN615809,NA,NA,NA,FALSE
Diplazium_hainanense,NA,NA,NA,NA,NA,NA,AF515257,NA,unjoined,NA,NA,FALSE
Diplazium_harpeodes,NA,NA,NA,MT216018,NA,NA,NA,NA,unjoined,us01015250,The Evolution of Overrepresentation: exploring the biogeography of,FALSE
Diplazium_hayatamae,NA,NA,NA,AB574973,NA,NA,NA,NA,unjoined,tns763239,Molecular species identification with rich floristic sampling: DNA,FALSE
Diplazium_herbaceum,NA,NA,NA,NA,NA,NA,NA,PQ133500,NA,NA,NA,FALSE
Diplazium_heterocarpum,NA,NA,NA,NA,NA,NA,NA,PQ133501,NA,NA,NA,FALSE
Diplazium_hewittii,NA,NA,NA,NA,NA,NA,NA,PQ133502,NA,NA,NA,FALSE
Diplazium_hians,NA,NA,NA,NA,NA,NA,NA,PQ133503,NA,NA,NA,FALSE
Diplazium_himalayense,NA,NA,NA,NA,NA,NA,NA,PQ133504,NA,NA,NA,FALSE
Diplazium_hirtipes,NA,NA,NA,NA,NA,NA,NA,PQ133505,NA,NA,NA,FALSE
Diplazium_holttumii,NA,NA,NA,NA,NA,NA,NA,PQ133521,NA,NA,NA,FALSE
Diplazium_hymenodes,NA,NA,NA,NA,NA,NA,NA,PQ133506,NA,NA,NA,FALSE
Diplazium_incomptum,NA,NA,NA,NA,NA,NA,NA,PQ133507,NA,NA,NA,FALSE
Diplazium_ingens,NA,NA,NA,NA,NA,NA,NA,PQ133508,NA,NA,NA,FALSE
Diplazium_kawakamii,NA,NA,NA,NA,NA,NA,NA,MN615812,NA,NA,NA,FALSE
Diplazium_ketagalaniorum,NA,NA,NA,PP560711,NA,NA,PP562351,NA,voucher,taifzxc001518,NA,FALSE
Diplazium_kunstleri,NA,NA,NA,NA,NA,NA,NA,MN615813,NA,NA,NA,FALSE
Diplazium_kuoi,NA,NA,NA,PP560706,NA,NA,PP562347,NA,voucher,taifzxc001321,NA,FALSE
Diplazium_laevipes,NA,NA,NA,NA,NA,NA,NA,PQ133509,NA,NA,NA,FALSE
Diplazium_laffanianum,KU363748,NA,NA,KU363751,NA,KU363752,KU363753,NA,voucher,hamilton2007,NA,FALSE
Diplazium_latifolium,NA,NA,NA,NA,NA,NA,NA,PQ133469,NA,NA,NA,FALSE
Diplazium_latisquamatum,NA,NA,NA,NA,NA,NA,NA,PQ133510,NA,NA,NA,FALSE
Diplazium_laxifrons,NA,NA,NA,NA,NA,NA,NA,PQ133511,NA,NA,NA,FALSE
Diplazium_legalloi,EF463916,EF463575,NA,EF463313,NA,NA,NA,NA,voucher,christenhusz4063,NA,FALSE
Diplazium_leptocarpon,KT329375,KT329380,NA,KT329391,NA,KT329404,KT329417,NA,voucher,cmmynssen1325,NA,FALSE
Diplazium_leptophyllum,NA,NA,NA,NA,NA,NA,NA,MN615814,NA,NA,NA,FALSE
Diplazium_lherminieri,NA,NA,NA,NA,NA,NA,NA,PQ133512,NA,NA,NA,FALSE
Diplazium_lindbergii,NA,NA,NA,NA,NA,NA,NA,PQ133513,NA,NA,NA,FALSE
Diplazium_lineolatum,NA,NA,NA,NA,NA,NA,NA,PQ133483,NA,NA,NA,FALSE
Diplazium_lobatum,NA,NA,NA,NA,NA,NA,NA,PQ133514,NA,NA,NA,FALSE
Diplazium_lobbianum,NA,NA,NA,NA,NA,NA,NA,PQ133515,NA,NA,NA,FALSE
Diplazium_lomariaceum,NA,NA,NA,NA,NA,NA,NA,PQ133516,NA,NA,NA,FALSE
Diplazium_lonchophyllum,NA,NA,NA,NA,NA,NA,NA,PQ133517,NA,NA,NA,FALSE
Diplazium_longicarpum,NA,NA,NA,NA,NA,NA,NA,PQ133518,NA,NA,NA,FALSE
Diplazium_longifolium,NA,NA,NA,NA,NA,NA,NA,PQ133519,NA,NA,NA,FALSE
Diplazium_macrodictyon,NA,KT329382,NA,KT329392,NA,KT329405,KT329418,NA,voucher,rcmoran6756,NA,FALSE
Diplazium_macrophyllum,NA,NA,NA,NA,NA,NA,NA,PQ133520,NA,NA,NA,FALSE
Diplazium_maonense,NA,NA,NA,PP560702,NA,NA,PP562345,NA,voucher,taifzxc001289,NA,FALSE
Diplazium_maximum,NA,NA,NA,NA,NA,NA,NA,MN615808,NA,NA,NA,FALSE
Diplazium_megaphyllum,NA,NA,NA,NA,NA,NA,NA,PQ133524,NA,NA,NA,FALSE
Diplazium_megistophyllum,NA,NA,NA,NA,NA,NA,NA,PQ133525,NA,NA,NA,FALSE
Diplazium_melanocaulon,NA,NA,NA,MT657454,NA,NA,NA,NA,unjoined,gmplunkett4047,Biogeography of Pacific pteridophytes in a global context,FALSE
Diplazium_mettenianum,NA,NA,NA,NA,NA,NA,NA,MN615816,NA,NA,NA,FALSE
Diplazium_molokaiense,MT253567,NA,NA,MT253577,MT253583,MT253583,MT253580,NA,voucher,hankoppenheimerh89802,NA,FALSE
Diplazium_moultonii,NA,NA,NA,NA,NA,NA,NA,PQ133526,NA,NA,NA,FALSE
Diplazium_multigemmatum,NA,NA,NA,MW138242,NA,NA,NA,NA,unjoined,jhnitta755,A taxonomic and molecular survey of the pteridophytes of the,FALSE
Diplazium_muricatum,NA,NA,NA,NA,NA,NA,NA,MN615817,NA,NA,NA,FALSE
Diplazium_mutilum,KT329376,KT329383,NA,KT329393,NA,KT329406,KT329419,NA,voucher,cmmynssen952,NA,FALSE
Diplazium_myriomerum,NA,NA,NA,NA,NA,NA,NA,PQ133528,NA,NA,NA,FALSE
Diplazium_nagalandicum,NA,NA,NA,MT211906,NA,NA,NA,NA,unjoined,NA,NA,FALSE
Diplazium_nanchuanicum,NA,NA,NA,NA,NA,NA,NA,PQ133529,NA,NA,NA,FALSE
Diplazium_nemorale,KP318890,KP318901,KP318910,KP318921,KP318932,KP318932,KP318943,NA,voucher,kamaup762,NA,FALSE
Diplazium_nipponicum,NA,NA,NA,AB574979,NA,NA,NA,NA,unjoined,tns763227,Molecular species identification with rich floristic sampling: DNA,FALSE
Diplazium_oblongifolium,NA,NA,NA,MT657460,NA,NA,NA,NA,unjoined,gmplunkett4086,Biogeography of Pacific pteridophytes in a global context,FALSE
Diplazium_obscurum,NA,NA,NA,NA,NA,NA,NA,PQ133530,NA,NA,NA,FALSE
Diplazium_okinawaense,NA,NA,NA,PP560557,NA,NA,PP561902,NA,voucher,taiflu31416,NA,FALSE
Diplazium_okudairae,NA,NA,NA,NA,NA,NA,NA,PQ133531,NA,NA,NA,FALSE
Diplazium_okudairaeoides,NA,NA,NA,AB574980,NA,NA,NA,NA,unjoined,tns762604,Molecular species identification with rich floristic sampling: DNA,FALSE
Diplazium_oreophilum,NA,NA,NA,NA,NA,NA,NA,PQ133532,NA,NA,NA,FALSE
Diplazium_ovatum,NA,NA,NA,NA,NA,NA,NA,PQ133533,NA,NA,NA,FALSE
Diplazium_palaviense,NA,NA,NA,NA,NA,NA,NA,PQ133534,NA,NA,NA,FALSE
Diplazium_pallidum,NA,NA,NA,NA,NA,NA,NA,PQ133474,NA,NA,NA,FALSE
Diplazium_palmense,NA,NA,NA,MW138188,NA,NA,NA,NA,unjoined,jhnitta820,A taxonomic and molecular survey of the pteridophytes of the,FALSE
Diplazium_pectinatum,NA,NA,NA,NA,NA,NA,NA,PQ133535,NA,NA,NA,FALSE
Diplazium_petiolare,NA,NA,NA,NA,NA,NA,NA,MN615819,NA,NA,NA,FALSE
Diplazium_petri,NA,NA,NA,NA,NA,NA,NA,PQ133537,NA,NA,NA,FALSE
Diplazium_pin-faense,NA,NA,NA,NA,NA,NA,NA,MN615820,NA,NA,NA,FALSE
Diplazium_pinnatifido-pinnatum,NA,NA,NA,NA,NA,NA,NA,PQ133538,NA,NA,NA,FALSE
Diplazium_pinnatifidum,NA,NA,NA,NA,NA,NA,NA,PQ133539,NA,NA,NA,FALSE
Diplazium_plantaginifolium,NA,NA,NA,NA,NA,NA,NA,PQ133540,NA,NA,NA,FALSE
Diplazium_platychlamys,NA,NA,NA,PP560180,NA,NA,PP561307,NA,voucher,taifwade5394,NA,FALSE
Diplazium_platyphyllum,NA,NA,NA,PP560359,NA,NA,NA,NA,unjoined,taiffwl969,A DNA barcode reference of Asian ferns with expert-identified,FALSE
Diplazium_poiense,NA,NA,NA,NA,NA,NA,NA,MN615821,NA,NA,NA,FALSE
Diplazium_polypodioides,NA,NA,NA,NA,NA,NA,NA,PP146611,NA,NA,NA,FALSE
Diplazium_porphyrorachis,NA,NA,NA,NA,NA,NA,NA,PQ133542,NA,NA,NA,FALSE
Diplazium_procumbens,NA,NA,NA,NA,NA,NA,NA,PQ133523,NA,NA,NA,FALSE
Diplazium_proliferum,NA,NA,NA,NA,NA,NA,NA,PQ133543,NA,NA,NA,FALSE
Diplazium_prominulum,NA,KT329384,NA,NA,NA,KT329407,KT329420,NA,voucher,boyle5703,NA,FALSE
Diplazium_propinquum,NA,NA,NA,PP559958,NA,NA,NA,NA,unjoined,taifwade3988,A DNA barcode reference of Asian ferns with expert-identified,FALSE
Diplazium_pseudocyatheifolium,NA,NA,NA,NA,NA,NA,NA,PQ133545,NA,NA,NA,FALSE
Diplazium_pseudosetigerum,NA,NA,NA,NA,NA,NA,NA,PQ133544,NA,NA,NA,FALSE
Diplazium_pullingeri,NA,NA,NA,NA,NA,NA,NA,MN615823,NA,NA,NA,FALSE
Diplazium_queenslandicum,NA,NA,NA,NA,NA,NA,NA,PQ133546,NA,NA,NA,FALSE
Diplazium_roemerianum,NA,NA,NA,NA,NA,NA,NA,PQ133548,NA,NA,NA,FALSE
Diplazium_rostratum,NA,NA,NA,NA,NA,NA,NA,PQ133549,NA,NA,NA,FALSE
Diplazium_sammatii,NA,NA,NA,NA,NA,NA,NA,PQ133550,NA,NA,NA,FALSE
Diplazium_sanctae-rosae,NA,NA,NA,NA,NA,NA,NA,PQ133551,NA,NA,NA,FALSE
Diplazium_sanderi,NA,KT329386,NA,KT329396,NA,KT329409,KT329422,NA,voucher,arsmith2848,NA,FALSE
Diplazium_sandwichianum,NA,NA,NA,MT657458,NA,NA,NA,NA,unjoined,dhlorence9444,Biogeography of Pacific pteridophytes in a global context,FALSE
Diplazium_seemannii,NA,NA,NA,NA,NA,NA,NA,PQ133552,NA,NA,NA,FALSE
Diplazium_siamense,NA,NA,NA,NA,NA,NA,NA,MN615824,NA,NA,NA,FALSE
Diplazium_sibiricum,NA,NA,NA,NA,NA,NA,NA,MN615825,NA,NA,NA,FALSE
Diplazium_sibuyanense,NA,NA,NA,NA,NA,NA,NA,PQ133553,NA,NA,NA,FALSE
Diplazium_sikkimense,NA,NA,NA,NA,NA,NA,NA,PQ133554,NA,NA,NA,FALSE
Diplazium_simile,NA,NA,NA,NA,NA,NA,NA,PQ133555,NA,NA,NA,FALSE
Diplazium_simplicivenium,NA,NA,NA,NA,NA,NA,NA,PQ133556,NA,NA,NA,FALSE
Diplazium_sorzogonense,NA,NA,NA,NA,NA,NA,NA,PQ133557,NA,NA,NA,FALSE
Diplazium_speciosum,NA,NA,NA,NA,NA,NA,NA,PQ133558,NA,NA,NA,FALSE
Diplazium_spectabile,NA,NA,NA,NA,NA,NA,NA,PQ133559,NA,NA,NA,FALSE
Diplazium_spinulosum,KC254225,KC254304,KC254146,KC254380,KC254532,KC254532,KC254452,NA,voucher,sulawesi940,NA,FALSE
Diplazium_splendens,NA,NA,NA,NA,NA,NA,NA,PQ133560,NA,NA,NA,FALSE
Diplazium_sprucei,NA,NA,NA,NA,NA,NA,NA,PQ133561,NA,NA,NA,FALSE
Diplazium_squamigerum,NA,NA,NA,NA,NA,NA,NA,PQ133562,NA,NA,NA,FALSE
Diplazium_squamuligerum,NA,NA,NA,NA,NA,NA,NA,PQ133563,NA,NA,NA,FALSE
Diplazium_stenochlamys,NA,NA,NA,NA,NA,NA,NA,MN615826,NA,NA,NA,FALSE
Diplazium_stoliczkae,NA,NA,NA,NA,NA,NA,NA,MT130667,NA,NA,NA,FALSE
Diplazium_striatastrum,NA,NA,NA,NA,NA,NA,NA,PQ133564,NA,NA,NA,FALSE
Diplazium_striatum,NA,NA,NA,NA,NA,NA,NA,KY427346,NA,NA,NA,FALSE
Diplazium_stuebelianum,NA,NA,NA,NA,NA,NA,NA,PQ133565,NA,NA,NA,FALSE
Diplazium_subdilatatum,NA,NA,NA,NA,NA,NA,NA,PQ133566,NA,NA,NA,FALSE
Diplazium_subintegrum,NA,NA,NA,PP560081,NA,NA,NA,NA,unjoined,taifwade4812,A DNA barcode reference of Asian ferns with expert-identified,FALSE
Diplazium_subserratum,NA,NA,NA,NA,NA,NA,NA,MN615827,NA,NA,NA,FALSE
Diplazium_subsilvaticum,NA,NA,NA,NA,NA,NA,NA,PQ133567,NA,NA,NA,FALSE
Diplazium_subspectabile,NA,NA,NA,NA,NA,NA,NA,PQ133568,NA,NA,NA,FALSE
Diplazium_subtripinnatum,NA,NA,NA,AB574985,NA,NA,NA,NA,unjoined,tns743675,Molecular species identification with rich floristic sampling: DNA,FALSE
Diplazium_succulentum,NA,NA,NA,NA,NA,NA,NA,PQ133569,NA,NA,NA,FALSE
Diplazium_sylvaticum,NA,NA,NA,NA,NA,NA,NA,PQ133570,NA,NA,NA,FALSE
Diplazium_tabalosense,NA,MN781308,NA,MN781340,MN781372,MN781372,NA,NA,voucher,turtuomisto16623,NA,FALSE
Diplazium_taiwanense,NA,NA,NA,PP560541,NA,NA,PP562319,NA,voucher,taiflu26343,NA,FALSE
Diplazium_takamiyae,NA,NA,NA,AB574983,NA,NA,NA,NA,unjoined,tns766633,Molecular species identification with rich floristic sampling: DNA,FALSE
Diplazium_takii,NA,NA,NA,AB574988,NA,NA,NA,NA,unjoined,tns762764,Molecular species identification with rich floristic sampling: DNA,FALSE
Diplazium_tenuifolium,NA,NA,NA,NA,NA,NA,NA,PQ133572,NA,NA,NA,FALSE
Diplazium_ternatum,NA,NA,NA,NA,NA,NA,NA,PQ133573,NA,NA,NA,FALSE
Diplazium_tibeticum,NA,NA,NA,NA,NA,NA,NA,PQ133496,NA,NA,NA,FALSE
Diplazium_tomentosum,NA,NA,NA,NA,NA,NA,NA,MN615828,NA,NA,NA,FALSE
Diplazium_travancoricum,NA,NA,NA,PQ117688,NA,NA,NA,NA,unjoined,NA,NA,FALSE
Diplazium_tricholepis,NA,NA,NA,NA,NA,NA,NA,PQ133575,NA,NA,NA,FALSE
Diplazium_tungurahuae,NA,NA,NA,NA,NA,NA,NA,PQ133576,NA,NA,NA,FALSE
Diplazium_unilobum,NA,NA,NA,NA,NA,NA,NA,OL311050,NA,NA,NA,FALSE
Diplazium_urbani,NA,NA,NA,NA,NA,NA,NA,MN615810,NA,NA,NA,FALSE
Diplazium_urticifolium,NA,NA,NA,NA,NA,NA,NA,PQ133577,NA,NA,NA,FALSE
Diplazium_velaminosum,NA,NA,NA,NA,NA,NA,NA,MN615829,NA,NA,NA,FALSE
Diplazium_vestitum,KC254227,KC254306,KC254148,KC254382,KC254534,KC254534,KC254454,NA,voucher,cicuzza972,NA,FALSE
Diplazium_virescens,NA,NA,NA,NA,NA,NA,NA,PQ133578,NA,NA,NA,FALSE
Diplazium_viridescens,NA,NA,NA,NA,NA,NA,NA,PQ133579,NA,NA,NA,FALSE
Diplazium_weinlandii,NA,NA,NA,NA,NA,NA,NA,PQ133581,NA,NA,NA,FALSE
Diplazium_welwitschii,NA,NA,NA,NA,NA,NA,NA,PQ133582,NA,NA,NA,FALSE
Diplazium_werckleanum,NA,NA,NA,NA,NA,NA,NA,PQ133583,NA,NA,NA,FALSE
Diplazium_wichurae,NA,NA,NA,NA,NA,NA,NA,MN615830,NA,NA,NA,FALSE
Diplazium_xiphophyllum,NA,NA,NA,NA,NA,NA,NA,PQ133584,NA,NA,NA,FALSE
Diplazium_yaoshanense,NA,NA,NA,NA,NA,NA,NA,PQ133585,NA,NA,NA,FALSE
Diplazium_yinchanianum,NA,NA,MF460464,MF460468,NA,NA,MF460460,NA,voucher,134083,NA,FALSE
Diplazium_zangnanense,NA,NA,NA,NA,NA,NA,NA,PQ133586,NA,NA,NA,FALSE
Diplazium_zanzibaricum,NA,NA,NA,NA,NA,NA,NA,MN615831,NA,NA,NA,FALSE
Diploblechnum_acuminatum,NA,NA,NA,AB040594,KJ170812,KJ170812,KJ170866,NA,monophy,NA,NA,FALSE
Diploblechnum_diversifolium,NA,NA,NA,KF975787,KF975743,KF975743,KF975716,NA,voucher,weltp026068,NA,FALSE
Diploblechnum_fraseri,NA,KC542943,NA,AB040553,KF975746,KF975746,PP562305,NA,monophy,NA,NA,FALSE
Diploblechnum_lenormandii,NA,NA,NA,KF975793,KF975749,KF975749,KF975719,NA,voucher,weltp026071,NA,FALSE
Diploblechnum_neglectum,KP164483,KP164490,NA,AB040582,KJ170808,KJ170808,KJ170862,NA,monophy,NA,NA,FALSE
Diplopterygium_bancroftii,EF588669,AY612695,NA,EF588691,AY612657,AY612657,EF588800,NA,voucher,arsmith2569,NA,FALSE
Diplopterygium_blotianum,NA,NA,NA,NA,NA,NA,NA,OM419345,NA,NA,NA,FALSE
Diplopterygium_bullatum,NA,NA,NA,PP560002,NA,NA,PP561154,NA,voucher,taifwade4307,NA,FALSE
Diplopterygium_cantonense,NA,KU877773,KU936542,KU936607,KU936672,KU936672,KU936737,NA,voucher,hns064,NA,FALSE
Diplopterygium_chinense,NA,NA,NA,NA,NA,NA,NA,MT113334,NA,NA,NA,FALSE
Diplopterygium_giganteum,NA,KU877793,KU936562,KU936627,KU936692,KU936692,KU936757,NA,voucher,yyh13917,NA,FALSE
Diplopterygium_glaucum,NA,NA,NA,NA,NA,NA,NA,OM419358,NA,NA,NA,FALSE
Diplopterygium_laevissimum,NA,NA,NA,NA,NA,NA,NA,OM419370,NA,NA,NA,FALSE
Diplopterygium_longissimum,NA,NA,NA,PP560329,NA,NA,PP561426,NA,voucher,taifwade5939,NA,FALSE
Diplopterygium_pinnatum,NA,NA,NA,MT657782,NA,NA,NA,NA,unjoined,krwood18161,Biogeography of Pacific pteridophytes in a global context,FALSE
Diplopterygium_rufum,NA,NA,NA,NA,NA,NA,NA,OM419364,NA,NA,NA,FALSE
Dipteris_chinensis,NA,NA,NA,NA,NA,NA,NA,PQ273215,NA,NA,NA,FALSE
Dipteris_conjugata,NA,NA,NA,NA,NA,NA,NA,KP136829,NA,NA,NA,FALSE
Dipteris_lobbiana,NA,NA,NA,AB042561,NA,NA,PP561598,NA,monophy,NA,NA,FALSE
Dipteris_shenzhenensis,MZ365244,NA,NA,MZ365238,MZ365250,MZ365250,NA,NA,voucher,yyh15638,NA,FALSE
Dipteris_wallichii,NA,NA,NA,NA,NA,NA,NA,PQ273211,NA,NA,NA,FALSE
Doodia_aspera,NA,NA,NA,KJ170836,KJ170809,KJ170809,KJ170863,NA,voucher,melusn,NA,FALSE
Doodia_australis,NA,NA,NA,KJ170837,KJ170810,KJ170810,KJ170864,NA,voucher,melusn,NA,FALSE
Doodia_brackenridgei,NA,NA,NA,KF975818,KF975773,KF975773,KF975732,NA,voucher,weltp023772,NA,FALSE
Doodia_caudata,NA,NA,NA,KJ170838,KJ170811,KJ170811,KJ170865,NA,voucher,melusn,NA,FALSE
Doodia_dissecta,NA,NA,NA,KJ170831,KJ170804,KJ170804,KJ170858,NA,voucher,melusn,NA,FALSE
Doodia_heterophylla,NA,NA,NA,KJ170832,KJ170805,KJ170805,KJ170859,NA,voucher,melusn,NA,FALSE
Doodia_kunthiana,NA,NA,NA,AB040578,NA,NA,NA,NA,unjoined,NA,"Phylogenetic analysis of Blechnaceae (Filicales, Filicophyta) based",FALSE
Doodia_linearis,NA,NA,NA,KJ170833,KJ170806,KJ170806,KJ170860,NA,voucher,melusn,NA,FALSE
Doodia_lyonii,NA,NA,NA,MT657663,NA,NA,NA,NA,unjoined,krwood12136,Biogeography of Pacific pteridophytes in a global context,FALSE
Doodia_marquesensis,NA,NA,NA,MT215993,NA,NA,NA,NA,unjoined,us00781322,The Evolution of Overrepresentation: exploring the biogeography of,FALSE
Doodia_maxima,NA,NA,NA,U05921,NA,NA,NA,NA,unjoined,NA,Phylogenetic relationships of dennstaedtioid ferns: evidence from,FALSE
Doodia_media,NA,NA,NA,KJ170834,KJ170807,KJ170807,KJ170861,NA,voucher,melusn,NA,FALSE
Doodia_mollis,NA,NA,NA,KF975821,KF975776,KF975776,NA,NA,voucher,weltp021221,NA,FALSE
Doodia_paschalis,NA,NA,NA,NA,NA,NA,KU925245,NA,unjoined,NA,NA,FALSE
Doodia_squarrosa,NA,NA,NA,KF975822,KF975777,KF975777,NA,NA,voucher,weltp021080,NA,FALSE
Doryopteris_angelica,NA,NA,NA,MT657427,NA,NA,NA,NA,unjoined,krwood17865,Biogeography of Pacific pteridophytes in a global context,FALSE
Doryopteris_collina,PQ417596,NA,NA,PQ463164,NA,NA,KP407219,NA,monophy,NA,NA,FALSE
Doryopteris_concolor,NA,NA,NA,NA,NA,NA,NA,MT130605,NA,NA,NA,FALSE
Doryopteris_decipiens,NA,NA,NA,MT657428,NA,NA,NA,NA,unjoined,krwood17843,Biogeography of Pacific pteridophytes in a global context,FALSE
Doryopteris_decora,NA,NA,NA,U27446,NA,NA,NA,NA,unjoined,NA,Phylogeny and generic circumscriptions of cheilanthoid ferns,FALSE
Doryopteris_incisa,PQ417578,NA,NA,PQ417459,NA,NA,NA,NA,voucher,mynssen1524,NA,FALSE
Doryopteris_kirkii,PQ417600,NA,NA,PQ417476,NA,NA,KP407218,NA,monophy,NA,NA,FALSE
Doryopteris_leitei,PQ417607,NA,NA,PQ417484,NA,NA,NA,NA,voucher,schuettpelz1370,NA,FALSE
Doryopteris_lorentzii,NA,NA,NA,PQ417477,NA,NA,NA,NA,unjoined,prado2118,A phylogenetically-informed generic reclassification of the,FALSE
Doryopteris_nobilis,NA,NA,NA,EF473690,NA,NA,NA,NA,unjoined,prado1119,"Phylogenetic relationships among Pteridaceae, including Brazilian",FALSE
Doryopteris_palmata,PQ417602,NA,NA,PQ417479,NA,NA,NA,NA,voucher,huamantupa4545,NA,FALSE
Doryopteris_patula,PQ417603,NA,NA,PQ417480,NA,NA,NA,NA,voucher,schuettpelz1458,NA,FALSE
Doryopteris_pedata,NA,NA,NA,U27206,NA,NA,NA,NA,unjoined,NA,Phylogeny and generic circumscriptions of cheilanthoid ferns,FALSE
Doryopteris_pentagona,PQ417604,NA,NA,PQ417481,MW245828,MW245828,MG593128,NA,monophy,NA,NA,FALSE
Doryopteris_rediviva,PQ417606,NA,NA,PQ417483,DQ914141,DQ914141,KP407220,NA,monophy,NA,NA,FALSE
Doryopteris_sagittifolia,PQ417608,EF452032,NA,EF452151,NA,NA,JN122024,NA,monophy,NA,NA,FALSE
Doryopteris_surinamensis,NA,NA,NA,KP407215,NA,NA,KP407234,NA,publication,NA,identifying the generic limits of the cheilanthoid genus,FALSE
Doryopteris_triphylla,PQ417609,NA,NA,PQ417486,NA,NA,NA,NA,voucher,antezana558,NA,FALSE
Doryopteris_varians,PQ417610,NA,NA,PQ417487,NA,NA,KP407221,NA,monophy,NA,NA,FALSE
Dracoglossum_plantagineum,KC914562,KC914563,NA,KC914564,KC914565,KC914565,NA,NA,voucher,turmjones1018,NA,FALSE
Dracoglossum_sinuatum,OR087148,NA,NA,OR087014,NA,NA,NA,NA,voucher,hvanderwerff23482,NA,FALSE
Draconopteris_draconoptera,KU605209,MN781245,OR087698,KU605195,KU605088,KU605088,KU605111,NA,monophy,NA,NA,FALSE
Drynaria_baronii,NA,NA,NA,NA,NA,NA,NA,MK789653,NA,NA,NA,FALSE
Drynaria_bonii,NA,NA,NA,NA,NA,NA,NA,MK761229,NA,NA,NA,FALSE
Drynaria_coronans,NA,NA,NA,NA,NA,NA,NA,MK761244,NA,NA,NA,FALSE
Drynaria_delavayi,NA,NA,NA,NA,NA,NA,NA,MK761240,NA,NA,NA,FALSE
Drynaria_descensa,NA,NA,NA,AY529159,AY529183,AY529183,AY529476,NA,voucher,cultheidelbergschneidersn,NA,FALSE
Drynaria_drynarioides,NA,NA,NA,AY529149,AY529174,AY529174,AY529465,NA,voucher,cultberlinjanssen2256,NA,FALSE
Drynaria_heraclea,NA,NA,NA,NA,NA,NA,NA,MW876314,NA,NA,NA,FALSE
Drynaria_hieronymi,NA,NA,NA,AY529151,AY529176,AY529176,AY529467,NA,voucher,cultheidelberghagemann2601,NA,FALSE
Drynaria_latipinna,NA,NA,NA,NA,NA,NA,AY529468,NA,unjoined,NA,NA,FALSE
Drynaria_laurentii,NA,NA,NA,AY529161,AY529185,AY529185,AY529478,NA,voucher,cultselbyarsmithsn,NA,FALSE
Drynaria_leporella,NA,NA,NA,AY529152,AY529177,AY529177,AY529469,NA,voucher,cultheidelbergjanssen2253,NA,FALSE
Drynaria_meyeniana,NA,NA,NA,PP559615,NA,NA,PP561999,NA,voucher,taifkuo938,NA,FALSE
Drynaria_mollis,NA,NA,NA,AY529162,AY529186,AY529186,EU571225,NA,monophy,NA,NA,FALSE
Drynaria_novoguineensis,NA,NA,NA,AY529154,AY529178,AY529178,AY529471,NA,voucher,cultberlinjanssen2254,NA,FALSE
Drynaria_parishii,NA,NA,NA,NA,NA,NA,NA,MW876315,NA,NA,NA,FALSE
Drynaria_parkinsonii,NA,NA,NA,AY529155,AY529179,AY529179,AY529472,NA,voucher,cultgoettingenjanssen2259,NA,FALSE
Drynaria_pilosa,NA,NA,NA,AY529156,AY529180,AY529180,AY529473,NA,voucher,cultberlinjanssen2258,NA,FALSE
Drynaria_propinqua,NA,NA,NA,NA,NA,NA,NA,MT130648,NA,NA,NA,FALSE
Drynaria_quercifolia,NA,NA,NA,NA,NA,NA,NA,MT130596,NA,NA,NA,FALSE
Drynaria_rigidula,EF463811,EF463493,NA,AF470339,JX103733,AY529188,EU571223,NA,monophy,NA,NA,FALSE
Drynaria_roosii,NA,NA,NA,NA,NA,NA,NA,MK761238,NA,NA,NA,FALSE
Drynaria_sagitta,NA,NA,NA,EU128498,EU128505,EU128505,EU128512,NA,monophy,NA,NA,FALSE
Drynaria_sparsisora,NA,NA,NA,AY529167,AY529189,AY529189,AY529482,NA,voucher,culttuebingenjanssen2246,NA,FALSE
Drynaria_speciosa,NA,NA,NA,NA,NA,NA,NA,MW876316,NA,NA,NA,FALSE
Drynaria_splendens,NA,NA,NA,AY529157,AY529181,AY529181,AY529474,NA,voucher,privatecultarsmithsn,NA,FALSE
Drynaria_tricuspis,NA,NA,NA,NA,NA,NA,EU128514,NA,unjoined,NA,NA,FALSE
Drynaria_volkensii,NA,NA,NA,AY529168,AY529190,AY529190,NA,NA,voucher,tanzaniakilimandjarohempa3635,NA,FALSE
Drynaria_willdenowii,NA,NA,NA,NA,NA,NA,NA,MW876317,NA,NA,NA,FALSE
Dryopolystichum_phaeostigma,NA,NA,NA,KY397972,KY397976,KY397976,KY397968,NA,voucher,sitw10443,NA,FALSE
Dryopteris_acutodentata,NA,NA,NA,NA,NA,NA,NA,OQ649801,NA,NA,NA,FALSE
Dryopteris_adnata,NA,NA,NA,NA,NA,OM950993,NA,NA,unjoined,NA,NA,FALSE
Dryopteris_aemula,NA,NA,NA,NA,NA,NA,NA,OQ649802,NA,NA,NA,FALSE
Dryopteris_affinis,NA,NA,NA,AY268849,NA,NA,AY268780,NA,publication,NA,molecular phylogenetics and historical biogeography of hawaiian,FALSE
Dryopteris_aitoniana,NA,NA,NA,KY073633,NA,NA,KY073696,NA,voucher,helsinki1733348,NA,FALSE
Dryopteris_alpestris,NA,NA,NA,NA,NA,NA,NA,PP148817,NA,NA,NA,FALSE
Dryopteris_ambroseae,NA,NA,NA,NA,NA,NA,MK697576,NA,unjoined,NA,NA,FALSE
Dryopteris_amurensis,NA,NA,NA,NA,NA,NA,NA,PP148818,NA,NA,NA,FALSE
Dryopteris_angustifrons,NA,NA,NA,NA,NA,NA,NA,OQ649806,NA,NA,NA,FALSE
Dryopteris_annamensis,NA,NA,NA,NA,NA,NA,NA,OQ649807,NA,NA,NA,FALSE
Dryopteris_antarctica,NA,NA,NA,NA,NA,NA,NA,OQ649808,NA,NA,NA,FALSE
Dryopteris_anthracinisquama,NA,NA,NA,NA,NA,NA,NA,OQ649809,NA,NA,NA,FALSE
Dryopteris_apiciflora,NA,NA,NA,NA,NA,NA,NA,OQ649810,NA,NA,NA,FALSE
Dryopteris_aquilinoides,NA,NA,NA,JN189537,NA,JN189211,JN189106,NA,voucher,ucusacakessler13855,NA,FALSE
Dryopteris_arborescens,NA,NA,NA,ON437592,NA,NA,ON437596,NA,voucher,weltp026532,NA,FALSE
Dryopteris_ardechensis,NA,NA,NA,JN189596,NA,JN189271,JN189163,NA,voucher,bpsse,NA,FALSE
Dryopteris_arguta,NA,NA,NA,NA,NA,NA,NA,OQ649811,NA,NA,NA,FALSE
Dryopteris_assamensis,NA,NA,NA,NA,NA,NA,NA,OQ649812,NA,NA,NA,FALSE
Dryopteris_athamantica,NA,NA,NA,NA,NA,NA,NA,OQ649813,NA,NA,NA,FALSE
Dryopteris_atrata,NA,NA,NA,NA,NA,NA,NA,OQ649814,NA,NA,NA,FALSE
Dryopteris_australis,NA,NA,NA,NA,NA,NA,NA,PP148815,NA,NA,NA,FALSE
Dryopteris_austroindica,NA,NA,NA,PQ117687,NA,NA,NA,NA,unjoined,NA,NA,FALSE
Dryopteris_barbigera,NA,NA,NA,NA,NA,NA,NA,OQ649816,NA,NA,NA,FALSE
Dryopteris_basisora,NA,NA,NA,NA,NA,NA,NA,PP148825,NA,NA,NA,FALSE
Dryopteris_benedictii,KF186545,NA,NA,KF186512,NA,NA,NA,NA,voucher,oac96843,NA,FALSE
Dryopteris_bernieri,NA,NA,NA,KY073638,NA,NA,NA,NA,unjoined,comptonnbg02636625,Into Africa: Molecular phylogenetics and historical biogeography of,FALSE
Dryopteris_bissetiana,NA,NA,NA,NA,NA,NA,NA,PP148827,NA,NA,NA,FALSE
Dryopteris_blanfordii,NA,NA,NA,NA,NA,NA,NA,LT827127,NA,NA,NA,FALSE
Dryopteris_bodinieri,NA,NA,NA,NA,NA,NA,NA,PP148846,NA,NA,NA,FALSE
Dryopteris_bojeri,NA,NA,NA,KY073639,NA,KY073663,NA,NA,voucher,helsinki1572930,NA,FALSE
Dryopteris_borreri,NA,NA,NA,JN189557,NA,JN189231,JN189126,NA,voucher,ucusacachristenhusz4290,NA,FALSE
Dryopteris_cacaina,NA,NA,NA,NA,NA,NA,NA,OQ650002,NA,NA,NA,FALSE
Dryopteris_cambrensis,NA,NA,NA,NA,NA,NA,KY073700,NA,unjoined,NA,NA,FALSE
Dryopteris_campyloptera,NA,NA,JQ941619,JQ935255,NA,JQ936819,JN105306,NA,voucher,ebs19,NA,FALSE
Dryopteris_caroli-hopei,NA,NA,NA,NA,NA,NA,NA,OQ649822,NA,NA,NA,FALSE
Dryopteris_carthusiana,NA,NA,NA,NA,NA,NA,NA,OQ649823,NA,NA,NA,FALSE
Dryopteris_caucasica,NA,NA,NA,NA,NA,NA,NA,OQ649803,NA,NA,NA,FALSE
Dryopteris_caudipinna,NA,NA,NA,NA,NA,NA,NA,OQ649825,NA,NA,NA,FALSE
Dryopteris_celsa,NA,NA,NA,NA,NA,NA,NA,OQ649826,NA,NA,NA,FALSE
Dryopteris_championii,NA,NA,NA,NA,NA,NA,NA,PP148831,NA,NA,NA,FALSE
Dryopteris_chichisimensis,NA,NA,NA,NA,NA,NA,NA,PP148832,NA,NA,NA,FALSE
Dryopteris_chinensis,NA,NA,NA,NA,NA,NA,NA,PP148834,NA,NA,NA,FALSE
Dryopteris_christenseniae,NA,NA,NA,NA,NA,NA,NA,OQ649829,NA,NA,NA,FALSE
Dryopteris_chrysocoma,NA,NA,NA,NA,NA,NA,NA,OQ649830,NA,NA,NA,FALSE
Dryopteris_cinnamomea,NA,NA,NA,NA,NA,NA,NA,OQ649831,NA,NA,NA,FALSE
Dryopteris_clarkei,NA,NA,NA,NA,NA,NA,NA,OQ649832,NA,NA,NA,FALSE
Dryopteris_clintoniana,NA,NA,NA,NA,NA,NA,NA,OQ649833,NA,NA,NA,FALSE
Dryopteris_cochleata,NA,NA,NA,NA,NA,NA,NA,PP148837,NA,NA,NA,FALSE
Dryopteris_cognata,NA,NA,NA,KY073640,NA,NA,NA,NA,unjoined,viane8878,Into Africa: Molecular phylogenetics and historical biogeography of,FALSE
Dryopteris_commixta,NA,NA,NA,NA,NA,NA,NA,OQ649835,NA,NA,NA,FALSE
Dryopteris_comorensis,NA,NA,NA,NA,NA,KY073664,NA,NA,unjoined,NA,NA,FALSE
Dryopteris_conjugata,NA,NA,NA,NA,NA,NA,NA,PP148840,NA,NA,NA,FALSE
Dryopteris_corleyi,NA,NA,NA,AY268873,NA,NA,AY268808,NA,publication,NA,molecular phylogenetics and historical biogeography of hawaiian,FALSE
Dryopteris_costalisora,NA,NA,NA,NA,NA,NA,NA,OQ649838,NA,NA,NA,FALSE
Dryopteris_crassirhizoma,NA,NA,NA,NA,NA,NA,NA,MN712465,NA,NA,NA,FALSE
Dryopteris_crinalis,NA,NA,NA,NA,NA,NA,NA,OQ649839,NA,NA,NA,FALSE
Dryopteris_crispifolia,NA,NA,JQ941650,JN189597,NA,JN189272,JN189164,NA,voucher,bpsse,NA,FALSE
Dryopteris_cristata,NA,NA,NA,NA,NA,NA,NA,OQ649840,NA,NA,NA,FALSE
Dryopteris_cycadina,NA,NA,NA,NA,NA,NA,NA,OQ649841,NA,NA,NA,FALSE
Dryopteris_cyclopeltidiformis,NA,NA,NA,NA,NA,NA,NA,PP148848,NA,NA,NA,FALSE
Dryopteris_decipiens,NA,NA,NA,NA,NA,NA,NA,KY427348,NA,NA,NA,FALSE
Dryopteris_deparioides,NA,NA,NA,NA,NA,NA,NA,MW796571,NA,NA,NA,FALSE
Dryopteris_deweveri,NA,NA,NA,NA,NA,NA,MK697581,NA,unjoined,NA,NA,FALSE
Dryopteris_diacalpioides,NA,NA,NA,PP560121,NA,NA,PP561254,NA,voucher,taifwade5105,NA,FALSE
Dryopteris_dickinsii,NA,NA,NA,NA,NA,NA,NA,OQ649847,NA,NA,NA,FALSE
Dryopteris_dicksonioides,NA,NA,NA,KY099798,NA,NA,NA,NA,unjoined,nitta1524,Life cycle matters: DNA barcoding reveals contrasting community,FALSE
Dryopteris_diffracta,NA,NA,NA,NA,NA,NA,NA,OQ649848,NA,NA,NA,FALSE
Dryopteris_dilatata,NA,NA,NA,NA,NA,NA,NA,OQ649849,NA,NA,NA,FALSE
Dryopteris_dracomontana,NA,NA,NA,NA,NA,NA,NA,OQ649850,NA,NA,NA,FALSE
Dryopteris_edwardsii,NA,NA,NA,PP560935,NA,NA,PP561883,NA,monophy,NA,NA,FALSE
Dryopteris_enneaphylla,NA,NA,NA,NA,NA,NA,NA,OQ649852,NA,NA,NA,FALSE
Dryopteris_erythrosora,NA,NA,NA,NA,NA,NA,NA,MT130675,NA,NA,NA,FALSE
Dryopteris_erythrovaria,NA,NA,NA,NA,NA,NA,NA,PP148858,NA,NA,NA,FALSE
Dryopteris_expansa,NA,NA,NA,NA,NA,NA,NA,OQ649854,NA,NA,NA,FALSE
Dryopteris_fadenii,NA,NA,NA,KY073642,NA,KY073666,KY073701,NA,voucher,helsinki1142549,NA,FALSE
Dryopteris_fatuhivensis,NA,NA,NA,NA,NA,JN189275,JN189168,NA,voucher,colowood10092,NA,FALSE
Dryopteris_filix-mas,NA,NA,NA,NA,NA,NA,NA,PP148862,NA,NA,NA,FALSE
Dryopteris_flaccisquama,NA,NA,NA,JN189519,NA,JN189193,JN189088,NA,voucher,nyfay3152,NA,FALSE
Dryopteris_formosana,NA,NA,NA,NA,NA,NA,NA,PP148863,NA,NA,NA,FALSE
Dryopteris_fragrans,NA,NA,NA,NA,NA,NA,NA,OQ172231,NA,NA,NA,FALSE
Dryopteris_fructuosa,NA,NA,NA,NA,NA,NA,NA,PP148865,NA,NA,NA,FALSE
Dryopteris_fuscipes,NA,NA,NA,NA,NA,NA,NA,PV868346,NA,NA,NA,FALSE
Dryopteris_fuscoatra,NA,NA,NA,NA,NA,NA,NA,OQ649859,NA,NA,NA,FALSE
Dryopteris_futura,NA,NA,NA,JN189534,NA,JN189208,JN189103,NA,voucher,ucusacaquedensley754,NA,FALSE
Dryopteris_gamblei,NA,NA,NA,NA,NA,NA,NA,PP148868,NA,NA,NA,FALSE
Dryopteris_gaoligongensis,NA,NA,NA,NA,NA,NA,NA,MW796575,NA,NA,NA,FALSE
Dryopteris_gemmifera,NA,NA,NA,NA,NA,NA,NA,PP148869,NA,NA,NA,FALSE
Dryopteris_glabra,NA,NA,NA,NA,NA,NA,NA,OQ649862,NA,NA,NA,FALSE
Dryopteris_glandulosopaleata,NA,NA,NA,KY073643,NA,KY073667,KY073702,NA,voucher,helsinki1566502,NA,FALSE
Dryopteris_goeringiana,NA,NA,NA,NA,NA,NA,NA,PP148871,NA,NA,NA,FALSE
Dryopteris_goldieana,NA,NA,NA,NA,NA,NA,NA,OQ649864,NA,NA,NA,FALSE
Dryopteris_gonggaensis,NA,NA,NA,NA,NA,NA,NA,OQ649865,NA,NA,NA,FALSE
Dryopteris_grandifrons,NA,NA,NA,NA,NA,NA,NA,OQ649866,NA,NA,NA,FALSE
Dryopteris_guanchica,NA,NA,NA,JN189573,NA,JN189246,JN189137,NA,voucher,pfrahennequin2010c2,NA,FALSE
Dryopteris_guangxiensis,NA,NA,NA,NA,NA,NA,NA,OQ649867,NA,NA,NA,FALSE
Dryopteris_gymnophylla,NA,NA,NA,NA,NA,NA,NA,OQ172230,NA,NA,NA,FALSE
Dryopteris_gymnosora,NA,NA,NA,NA,NA,NA,NA,OQ649868,NA,NA,NA,FALSE
Dryopteris_habaensis,NA,NA,NA,NA,NA,NA,NA,PP148879,NA,NA,NA,FALSE
Dryopteris_hadanoi,NA,NA,NA,NA,NA,NA,NA,OQ649845,NA,NA,NA,FALSE
Dryopteris_handeliana,NA,NA,NA,NA,NA,NA,NA,PP148881,NA,NA,NA,FALSE
Dryopteris_hangchowensis,NA,NA,NA,NA,NA,NA,NA,OQ649871,NA,NA,NA,FALSE
Dryopteris_hasseltii,NA,NA,NA,NA,NA,NA,NA,PP148883,NA,NA,NA,FALSE
Dryopteris_hawaiiensis,NA,NA,NA,JN189580,NA,JN189253,JN189144,NA,voucher,cologeiger74,NA,FALSE
Dryopteris_hendersonii,NA,NA,NA,NA,NA,NA,NA,PP148885,NA,NA,NA,FALSE
Dryopteris_heterolaena,NA,NA,NA,NA,NA,NA,NA,OQ649874,NA,NA,NA,FALSE
Dryopteris_himachalensis,NA,NA,NA,NA,NA,NA,NA,OQ649875,NA,NA,NA,FALSE
Dryopteris_hirtipes,NA,NA,NA,NA,NA,NA,NA,PP148891,NA,NA,NA,FALSE
Dryopteris_holttumii,NA,NA,NA,PP559842,NA,NA,NA,NA,unjoined,taifhsu5840,A DNA barcode reference of Asian ferns with expert-identified,FALSE
Dryopteris_hondoensis,NA,NA,NA,NA,NA,NA,NA,PP148893,NA,NA,NA,FALSE
Dryopteris_huberi,NA,NA,NA,JN189520,NA,JN189194,JN189089,NA,voucher,nysperling5841,NA,FALSE
Dryopteris_huongii,NA,NA,NA,OQ144941,OQ144944,OQ144944,OQ144948,NA,monophy,NA,NA,FALSE
Dryopteris_hypolepioides,NA,NA,KU500263,NA,NA,NA,KU500186,NA,voucher,kuo2701,NA,FALSE
Dryopteris_immixta,NA,NA,NA,NA,NA,NA,NA,PP148894,NA,NA,NA,FALSE
Dryopteris_inaequalis,NA,NA,NA,NA,NA,NA,NA,OQ649880,NA,NA,NA,FALSE
Dryopteris_indusiata,NA,NA,NA,NA,NA,NA,NA,PP148896,NA,NA,NA,FALSE
Dryopteris_insularis,NA,NA,NA,NA,NA,NA,NA,PP148898,NA,NA,NA,FALSE
Dryopteris_integriloba,NA,NA,NA,NA,NA,NA,NA,PV868348,NA,NA,NA,FALSE
Dryopteris_intermedia,NA,NA,NA,NA,NA,NA,NA,OQ649882,NA,NA,NA,FALSE
Dryopteris_jinpingensis,NA,NA,NA,NA,NA,NA,NA,PP148899,NA,NA,NA,FALSE
Dryopteris_jishouensis,NA,NA,NA,NA,NA,NA,NA,PP148901,NA,NA,NA,FALSE
Dryopteris_jiucaipingensis,NA,NA,NA,NA,NA,NA,NA,OQ649884,NA,NA,NA,FALSE
Dryopteris_juxtaposita,NA,NA,NA,NA,NA,NA,NA,OQ649885,NA,NA,NA,FALSE
Dryopteris_karwinskyana,NA,NA,NA,NA,NA,NA,NA,OQ649886,NA,NA,NA,FALSE
Dryopteris_katangaensis,NA,NA,NA,KY073645,NA,KY073668,KY073704,NA,voucher,kew,NA,FALSE
Dryopteris_kawakamii,NA,NA,NA,NA,NA,NA,NA,OQ649887,NA,NA,NA,FALSE
Dryopteris_khullarii,NA,NA,NA,NA,NA,NA,NA,PP148905,NA,NA,NA,FALSE
Dryopteris_kilemensis,NA,NA,NA,NA,NA,NA,NA,OQ649889,NA,NA,NA,FALSE
Dryopteris_kinkiensis,NA,NA,NA,NA,NA,NA,NA,PP148907,NA,NA,NA,FALSE
Dryopteris_kinokuniensis,NA,NA,NA,NA,NA,NA,NA,PP148908,NA,NA,NA,FALSE
Dryopteris_knoblochii,NA,NA,NA,NA,NA,NA,NA,OQ649891,NA,NA,NA,FALSE
Dryopteris_kobayashii,NA,NA,NA,NA,NA,NA,NA,OQ649892,NA,NA,NA,FALSE
Dryopteris_koidzumiana,NA,NA,NA,AB575146,NA,NA,NA,NA,unjoined,tns763047,Molecular species identification with rich floristic sampling: DNA,FALSE
Dryopteris_komarovii,NA,NA,NA,NA,NA,NA,NA,PP148910,NA,NA,NA,FALSE
Dryopteris_kominatoensis,NA,NA,NA,NA,NA,NA,NA,OQ650000,NA,NA,NA,FALSE
Dryopteris_kwanzanensis,NA,NA,NA,PP560921,NA,NA,PP561869,NA,voucher,taiflu29600,NA,FALSE
Dryopteris_labordei,NA,NA,NA,NA,NA,NA,NA,OQ649895,NA,NA,NA,FALSE
Dryopteris_lacera,NA,NA,NA,NA,NA,NA,NA,PP148914,NA,NA,NA,FALSE
Dryopteris_lachoongensis,NA,NA,NA,NA,NA,NA,NA,OQ649897,NA,NA,NA,FALSE
Dryopteris_laeta,NA,NA,NA,AB575149,NA,NA,NA,NA,unjoined,tns765899,Molecular species identification with rich floristic sampling: DNA,FALSE
Dryopteris_lepidopoda,NA,NA,NA,NA,NA,NA,NA,OQ649939,NA,NA,NA,FALSE
Dryopteris_lepidorachis,NA,NA,NA,NA,NA,NA,NA,OQ649900,NA,NA,NA,FALSE
Dryopteris_lewalleana,NA,NA,NA,NA,NA,NA,NA,OQ649901,NA,NA,NA,FALSE
Dryopteris_liankwangensis,NA,NA,NA,NA,NA,NA,NA,PP148920,NA,NA,NA,FALSE
Dryopteris_ludoviciana,NA,NA,NA,NA,NA,NA,NA,OQ649904,NA,NA,NA,FALSE
Dryopteris_lunanensis,NA,NA,NA,NA,NA,NA,NA,PP148922,NA,NA,NA,FALSE
Dryopteris_macrolepidota,NA,NA,NA,KY099799,NA,NA,NA,NA,unjoined,nitta655,Life cycle matters: DNA barcoding reveals contrasting community,FALSE
Dryopteris_macropholis,NA,NA,NA,MT216025,NA,NA,NA,NA,unjoined,ptbgwood17701,The Evolution of Overrepresentation: exploring the biogeography of,FALSE
Dryopteris_makabensis,NA,NA,NA,LC010782,NA,NA,NA,NA,unjoined,NA,"Dryopteris xokae, a New Hybrid between Dryopteris caudipinna and D.",FALSE
Dryopteris_mangindranensis,NA,NA,NA,NA,NA,NA,NA,OQ649906,NA,NA,NA,FALSE
Dryopteris_manipurensis,NA,NA,KU500264,NA,NA,NA,KU500187,NA,voucher,liu9544,NA,FALSE
Dryopteris_manniana,NA,NA,NA,NA,NA,NA,NA,OQ649907,NA,NA,NA,FALSE
Dryopteris_marginalis,NA,NA,NA,NA,NA,NA,NA,OQ649908,NA,NA,NA,FALSE
Dryopteris_marginata,NA,NA,NA,NA,NA,NA,NA,OQ649909,NA,NA,NA,FALSE
Dryopteris_mauiensis,NA,NA,NA,AY268833,NA,NA,AY268770,NA,monophy,NA,NA,FALSE
Dryopteris_maximowicziana,NA,NA,NA,NA,NA,NA,NA,OQ649910,NA,NA,NA,FALSE
Dryopteris_maximowiczii,NA,NA,NA,NA,NA,NA,NA,OQ649911,NA,NA,NA,FALSE
Dryopteris_maxonii,NA,NA,NA,NA,NA,NA,NA,OQ649912,NA,NA,NA,FALSE
Dryopteris_medioxima,NA,NA,NA,NA,NA,NA,NA,PP148925,NA,NA,NA,FALSE
Dryopteris_melanocarpa,NA,NA,NA,NA,NA,NA,NA,PP148927,NA,NA,NA,FALSE
Dryopteris_microlepis,NA,NA,NA,NA,NA,NA,NA,OQ649915,NA,NA,NA,FALSE
Dryopteris_mindshelkensis,NA,NA,NA,AF240653,NA,NA,AF240671,NA,publication,NA,phylogeny and biosystematic relationships of four subgenera in,FALSE
Dryopteris_monticola,NA,NA,NA,NA,NA,NA,NA,PP148930,NA,NA,NA,FALSE
Dryopteris_montigena,NA,NA,NA,NA,NA,NA,NA,PP148931,NA,NA,NA,FALSE
Dryopteris_munchii,NA,NA,NA,NA,NA,NA,NA,OQ649918,NA,NA,NA,FALSE
Dryopteris_namegatae,NA,NA,NA,NA,NA,NA,NA,OQ649919,NA,NA,NA,FALSE
Dryopteris_napoleonis,NA,NA,NA,NA,NA,KY073673,NA,NA,unjoined,NA,NA,FALSE
Dryopteris_nidus,NA,KJ196494,KJ196610,KJ196813,NA,NA,KJ196687,NA,voucher,sydong3748,NA,FALSE
Dryopteris_nipponensis,NA,NA,NA,NA,NA,NA,NA,OQ649922,NA,NA,NA,FALSE
Dryopteris_nobilis,NA,NA,NA,NA,NA,NA,NA,OQ649923,NA,NA,NA,FALSE
Dryopteris_nodosa,NA,NA,NA,NA,NA,NA,NA,OQ649924,NA,NA,NA,FALSE
Dryopteris_nubigena,NA,NA,NA,JN189501,NA,NA,JN189070,NA,voucher,nysundue1363,NA,FALSE
Dryopteris_nyingchiensis,NA,NA,NA,NA,NA,NA,NA,OQ649925,NA,NA,NA,FALSE
Dryopteris_occidentalis,NA,NA,NA,KY073651,NA,KY073674,KY073709,NA,voucher,helsinki1566829,NA,FALSE
Dryopteris_odontoloma,NA,NA,NA,NA,NA,NA,NA,OQ649926,NA,NA,NA,FALSE
Dryopteris_oligodonta,NA,NA,NA,NA,NA,NA,NA,OQ649927,NA,NA,NA,FALSE
Dryopteris_oreades,NA,NA,NA,NA,NA,NA,NA,OQ649928,NA,NA,NA,FALSE
Dryopteris_paleolata,NA,NA,NA,NA,NA,NA,NA,OQ649997,NA,NA,NA,FALSE
Dryopteris_pallida,NA,NA,NA,NA,NA,NA,NA,OQ649932,NA,NA,NA,FALSE
Dryopteris_panda,NA,NA,NA,NA,NA,NA,NA,OQ649821,NA,NA,NA,FALSE
Dryopteris_paomowanensis,NA,NA,NA,NA,NA,NA,NA,PP148977,NA,NA,NA,FALSE
Dryopteris_patula,NA,NA,NA,NA,NA,NA,NA,OQ649935,NA,NA,NA,FALSE
Dryopteris_peninsulae,NA,NA,NA,NA,NA,NA,NA,PP148941,NA,NA,NA,FALSE
Dryopteris_pentheri,NA,NA,NA,NA,NA,NA,NA,OQ649937,NA,NA,NA,FALSE
Dryopteris_peranema,NA,NA,NA,NA,NA,NA,NA,MT130581,NA,NA,NA,FALSE
Dryopteris_podophylla,NA,NA,NA,NA,NA,NA,NA,OR601540,NA,NA,NA,FALSE
Dryopteris_polita,NA,NA,NA,NA,NA,NA,NA,OQ649940,NA,NA,NA,FALSE
Dryopteris_polylepis,NA,NA,NA,NA,NA,NA,NA,OQ649941,NA,NA,NA,FALSE
Dryopteris_porosa,NA,NA,NA,NA,NA,NA,NA,OQ649942,NA,NA,NA,FALSE
Dryopteris_protobissetiana,NA,NA,NA,NA,NA,NA,NA,PP148950,NA,NA,NA,FALSE
Dryopteris_pseudocaenopteris,NA,NA,NA,NA,NA,NA,NA,PP148951,NA,NA,NA,FALSE
Dryopteris_pseudofilix-mas,NA,NA,NA,NA,NA,NA,NA,OQ649944,NA,NA,NA,FALSE
Dryopteris_pseudolunanensis,NA,NA,NA,PP560942,NA,NA,PP561890,NA,voucher,taiflu29998,NA,FALSE
Dryopteris_pseudosieboldii,NA,NA,NA,PP560878,NA,NA,PP561826,NA,voucher,taiflu24407,NA,FALSE
Dryopteris_pseudosparsa,NA,NA,NA,NA,NA,NA,NA,PP148953,NA,NA,NA,FALSE
Dryopteris_pteridiiformis,NA,NA,NA,NA,NA,NA,NA,PP148954,NA,NA,NA,FALSE
Dryopteris_pulvinulifera,NA,NA,NA,NA,NA,NA,NA,PP148957,NA,NA,NA,FALSE
Dryopteris_pycnolepis,NA,NA,NA,NA,NA,NA,NA,PV868360,NA,NA,NA,FALSE
Dryopteris_pycnopteroides,NA,NA,NA,NA,NA,NA,NA,PP148959,NA,NA,NA,FALSE
Dryopteris_raiateensis,NA,NA,NA,KY099744,NA,NA,NA,NA,unjoined,nitta3334,Life cycle matters: DNA barcoding reveals contrasting community,FALSE
Dryopteris_ramosa,NA,NA,NA,MF694706,NA,NA,NA,NA,unjoined,swat16c,DNA barcoding and phylogenetic analysis of indigenous medicinal,FALSE
Dryopteris_redactopinnata,NA,NA,NA,NA,NA,NA,NA,OQ649952,NA,NA,NA,FALSE
Dryopteris_reflexosquamata,NA,NA,NA,NA,NA,NA,NA,OQ649953,NA,NA,NA,FALSE
Dryopteris_remota,NA,NA,NA,NA,NA,NA,NA,OQ649954,NA,NA,NA,FALSE
Dryopteris_renchangiana,NA,NA,NA,NA,NA,NA,NA,MW796570,NA,NA,NA,FALSE
Dryopteris_rossii,NA,NA,NA,NA,NA,NA,NA,OQ649956,NA,NA,NA,FALSE
Dryopteris_rosthornii,NA,NA,NA,NA,NA,NA,NA,PP148964,NA,NA,NA,FALSE
Dryopteris_rubiginosa,NA,NA,NA,AY268836,NA,NA,NA,NA,unjoined,NA,Molecular phylogenetics and historical biogeography of Hawaiian,FALSE
Dryopteris_rubrobrunnea,NA,NA,NA,NA,NA,NA,NA,PP148965,NA,NA,NA,FALSE
Dryopteris_ruwenzoriensis,NA,NA,NA,NA,NA,NA,NA,OQ649958,NA,NA,NA,FALSE
Dryopteris_ryo-itoana,NA,NA,NA,NA,NA,NA,NA,OQ649959,NA,NA,NA,FALSE
Dryopteris_sabaei,NA,NA,NA,NA,NA,NA,NA,OQ649960,NA,NA,NA,FALSE
Dryopteris_sacrosancta,NA,NA,NA,NA,NA,NA,NA,PP148967,NA,NA,NA,FALSE
Dryopteris_saffordii,NA,NA,NA,JN189525,NA,JN189199,JN189094,NA,voucher,nysagastegui15507,NA,FALSE
Dryopteris_salvinii,NA,NA,NA,JN189526,NA,JN189200,JN189095,NA,voucher,nyirwin34351,NA,FALSE
Dryopteris_sandwicensis,NA,NA,NA,AY268827,NA,NA,NA,NA,unjoined,NA,Molecular phylogenetics and historical biogeography of Hawaiian,FALSE
Dryopteris_sarvelae,NA,NA,NA,NA,NA,NA,MK697585,NA,unjoined,NA,NA,FALSE
Dryopteris_saxifraga,NA,NA,NA,NA,NA,NA,NA,PP148968,NA,NA,NA,FALSE
Dryopteris_saxifragi-varia,NA,NA,NA,NA,NA,NA,NA,OQ649824,NA,NA,NA,FALSE
Dryopteris_schimperiana,NA,NA,NA,NA,NA,NA,NA,OQ649961,NA,NA,NA,FALSE
Dryopteris_schnellii,NA,NA,NA,KY073656,NA,NA,NA,NA,unjoined,berlin,Into Africa: Molecular phylogenetics and historical biogeography of,FALSE
Dryopteris_scottii,NA,NA,NA,NA,NA,NA,NA,PP148969,NA,NA,NA,FALSE
Dryopteris_sericea,NA,NA,NA,NA,NA,NA,NA,PP148971,NA,NA,NA,FALSE
Dryopteris_serratodentata,NA,NA,NA,NA,NA,NA,NA,OQ649964,NA,NA,NA,FALSE
Dryopteris_shibipedis,NA,NA,NA,AB575166,NA,NA,NA,NA,unjoined,tns766463,Molecular species identification with rich floristic sampling: DNA,FALSE
Dryopteris_shikokiana,NA,NA,NA,NA,NA,NA,NA,PP148972,NA,NA,NA,FALSE
Dryopteris_shiroumensis,NA,NA,NA,NA,NA,NA,NA,OQ649966,NA,NA,NA,FALSE
Dryopteris_sichotensis,NA,NA,NA,NA,NA,NA,NA,PP148842,NA,NA,NA,FALSE
Dryopteris_sieboldii,NA,NA,NA,NA,NA,NA,NA,PP148974,NA,NA,NA,FALSE
Dryopteris_sikkimensis,NA,NA,NA,NA,NA,NA,NA,OQ649967,NA,NA,NA,FALSE
Dryopteris_simasakii,NA,NA,NA,NA,NA,NA,NA,OQ172222,NA,NA,NA,FALSE
Dryopteris_sinonepalensis,NA,NA,NA,NA,NA,NA,NA,MW796578,NA,NA,NA,FALSE
Dryopteris_sordidipes,NA,NA,NA,NA,NA,NA,NA,OQ649970,NA,NA,NA,FALSE
Dryopteris_sororia,NA,NA,NA,KC878849,NA,NA,KC878866,NA,voucher,debreedlove56215,NA,FALSE
Dryopteris_sparsa,NA,NA,NA,NA,NA,NA,NA,MZ960495,NA,NA,NA,FALSE
Dryopteris_sphaeropteroides,NA,NA,NA,NA,NA,NA,NA,PP148984,NA,NA,NA,FALSE
Dryopteris_spinosa,NA,NA,NA,NA,NA,NA,JN189145,NA,unjoined,NA,NA,FALSE
Dryopteris_splendens,NA,NA,NA,NA,NA,NA,NA,OQ649972,NA,NA,NA,FALSE
Dryopteris_squamiseta,NA,NA,NA,NA,NA,NA,NA,OQ649974,NA,NA,NA,FALSE
Dryopteris_stenolepis,NA,NA,NA,NA,NA,NA,NA,PP148986,NA,NA,NA,FALSE
Dryopteris_stewartii,NA,NA,NA,NA,NA,NA,NA,OQ649976,NA,NA,NA,FALSE
Dryopteris_subarborea,NA,NA,NA,PP560034,NA,NA,PP561181,NA,voucher,taifwade4606,NA,FALSE
Dryopteris_subatrata,NA,NA,NA,NA,NA,NA,NA,OQ649977,NA,NA,NA,FALSE
Dryopteris_subbipinnata,NA,NA,NA,JN189579,NA,JN189252,JN189143,NA,voucher,colooppenheimerh50074,NA,FALSE
Dryopteris_subcrenulata,NA,NA,NA,KY073658,NA,KY073677,NA,NA,voucher,mbg6444697,NA,FALSE
Dryopteris_subexaltata,NA,NA,NA,NA,NA,NA,NA,PP148987,NA,NA,NA,FALSE
Dryopteris_subhikonensis,NA,NA,NA,NA,NA,NA,NA,PP148989,NA,NA,NA,FALSE
Dryopteris_subimpressa,NA,NA,NA,NA,NA,NA,NA,PP148991,NA,NA,NA,FALSE
Dryopteris_sublacera,NA,NA,NA,NA,NA,NA,NA,OQ649981,NA,NA,NA,FALSE
Dryopteris_submarginata,NA,NA,NA,NA,NA,NA,NA,PP148994,NA,NA,NA,FALSE
Dryopteris_subpycnopteroides,NA,NA,NA,NA,NA,NA,NA,OQ649983,NA,NA,NA,FALSE
Dryopteris_subreflexipinna,NA,NA,NA,NA,NA,EU797688,EU797678,NA,voucher,chang6317,NA,FALSE
Dryopteris_subtriangularis,NA,NA,NA,NA,NA,NA,NA,PP148997,NA,NA,NA,FALSE
Dryopteris_subtsushimensis,NA,NA,NA,NA,NA,NA,NA,PP148998,NA,NA,NA,FALSE
Dryopteris_tahmingensis,NA,NA,NA,NA,NA,NA,NA,OQ649985,NA,NA,NA,FALSE
Dryopteris_tenuicula,NA,NA,NA,NA,NA,NA,NA,PP148958,NA,NA,NA,FALSE
Dryopteris_tenuipes,NA,NA,NA,PP559682,NA,NA,PP562114,NA,voucher,taifkuo2354,NA,FALSE
Dryopteris_tetrapinnata,NA,NA,NA,AY268838,NA,NA,NA,NA,unjoined,NA,Molecular phylogenetics and historical biogeography of Hawaiian,FALSE
Dryopteris_tiantangzhaiensis,NA,NA,NA,NA,NA,NA,NA,OQ172221,NA,NA,NA,FALSE
Dryopteris_tingiensis,NA,NA,NA,NA,NA,NA,NA,OQ649988,NA,NA,NA,FALSE
Dryopteris_tokyoensis,NA,NA,NA,NA,NA,NA,NA,PP149001,NA,NA,NA,FALSE
Dryopteris_toyamae,NA,NA,NA,PP560870,NA,NA,PP561813,NA,voucher,taiflu20776,NA,FALSE
Dryopteris_transmorrisonensis,NA,NA,NA,NA,NA,NA,NA,PP149003,NA,NA,NA,FALSE
Dryopteris_triangularis,NA,NA,NA,JN189600,NA,NA,JN189167,NA,voucher,bpsse,NA,FALSE
Dryopteris_tricellularis,NA,NA,NA,KY073659,NA,KY073678,KY073715,NA,voucher,helsinki1142548,NA,FALSE
Dryopteris_triploidea,KF186546,NA,NA,KF186513,NA,NA,NA,NA,voucher,oac96855,NA,FALSE
Dryopteris_tsoongii,NA,NA,NA,NA,NA,NA,NA,OR432576,NA,NA,NA,FALSE
Dryopteris_tsugiwoi,NA,NA,NA,NA,NA,NA,NA,PP149005,NA,NA,NA,FALSE
Dryopteris_tsutsuiana,NA,NA,NA,AB575176,NA,NA,NA,NA,unjoined,tns743780,Molecular species identification with rich floristic sampling: DNA,FALSE
Dryopteris_tyrrhena,NA,NA,NA,KY073660,NA,KY073679,KY073716,NA,voucher,madridcomplutense42776,NA,FALSE
Dryopteris_unidentata,NA,NA,NA,NA,NA,NA,NA,OQ649991,NA,NA,NA,FALSE
Dryopteris_uniformis,NA,NA,NA,NA,NA,NA,NA,PP149006,NA,NA,NA,FALSE
Dryopteris_varia,NA,NA,NA,NA,NA,NA,NA,OQ649993,NA,NA,NA,FALSE
Dryopteris_villarii,NA,NA,NA,NA,NA,NA,NA,LT905144,NA,NA,NA,FALSE
Dryopteris_wallichiana,NA,NA,NA,NA,NA,NA,NA,OQ649921,NA,NA,NA,FALSE
Dryopteris_wattsii,KP164481,KP164488,NA,KP164495,NA,NA,NA,NA,voucher,sankowsky4171,NA,FALSE
Dryopteris_whangshangensis,NA,NA,NA,NA,NA,NA,NA,PP149012,NA,NA,NA,FALSE
Dryopteris_woodsiisora,NA,NA,NA,NA,NA,NA,NA,OQ649996,NA,NA,NA,FALSE
Dryopteris_wuliangshanicola,NA,NA,NA,NA,NA,NA,NA,PP149015,NA,NA,NA,FALSE
Dryopteris_wulingshanensis,NA,NA,NA,NA,NA,NA,NA,PP149016,NA,NA,NA,FALSE
Dryopteris_wuyishanica,NA,NA,NA,NA,NA,NA,NA,PP149018,NA,NA,NA,FALSE
Dryopteris_wuzhaohongii,NA,NA,NA,NA,NA,NA,NA,PP149020,NA,NA,NA,FALSE
Dryopteris_xanthomelas,NA,NA,NA,NA,NA,NA,NA,OQ649855,NA,NA,NA,FALSE
Dryopteris_yenpingensis,NA,NA,NA,NA,NA,NA,NA,OQ650003,NA,NA,NA,FALSE
Dryopteris_yigongensis,NA,NA,NA,NA,NA,NA,NA,OQ650004,NA,NA,NA,FALSE
Dryopteris_yongdeensis,NA,NA,NA,NA,NA,NA,NA,OQ650005,NA,NA,NA,FALSE
Dryopteris_yoroii,NA,NA,NA,NA,NA,NA,NA,MW796577,NA,NA,NA,FALSE
Dryopteris_zayuensis,NA,NA,NA,NA,NA,NA,NA,PP148985,NA,NA,NA,FALSE
Elaphoglossum_achroalepis,NA,EF040636,NA,NA,NA,AY540225,AY536288,NA,voucher,rakotondrainibe6485,NA,FALSE
Elaphoglossum_acrostichoides,NA,NA,NA,AY818680,NA,NA,NA,NA,unjoined,NA,Molecular studies of representative species in the fern genus,FALSE
Elaphoglossum_acutifolium,NA,NA,NA,NA,NA,NA,NA,OR530050,NA,NA,NA,FALSE
Elaphoglossum_acutum,NA,PV430163,NA,NA,NA,PV430234,PV430089,NA,voucher,matosfb2511,NA,FALSE
Elaphoglossum_aemulum,NA,NA,NA,MT657681,NA,AY540227,AY536290,NA,monophy,NA,NA,FALSE
Elaphoglossum_affine,NA,NA,NA,AY534861,NA,AY536169,AY534841,NA,publication,NA,molecular studies of representative species in the fern genus,FALSE
Elaphoglossum_alan-smithii,NA,NA,NA,MW620280,NA,NA,NA,NA,unjoined,ericschuettpelz1637,NA,FALSE
Elaphoglossum_albomarginatum,NA,MG600320,NA,NA,NA,MG600350,MG600378,NA,voucher,breedlove31629,NA,FALSE
Elaphoglossum_alpestre,NA,MG600302,NA,NA,NA,MG600331,MG600360,NA,voucher,matos2543,NA,FALSE
Elaphoglossum_alvaradoanum,NA,EF040651,NA,NA,NA,EF040625,EF040611,NA,voucher,trusty120,NA,FALSE
Elaphoglossum_amazonicum,NA,PV430171,NA,NA,NA,PV430242,PV430097,NA,voucher,jimenezi2564,NA,FALSE
Elaphoglossum_amorimii,NA,PV430172,NA,NA,NA,PV430243,PV430098,NA,voucher,matosfb620,NA,FALSE
Elaphoglossum_amygdalifolium,EF463680,EF463396,NA,EF463184,NA,NA,NA,NA,voucher,moran6952,NA,FALSE
Elaphoglossum_andicola,EF463681,EF463397,NA,EF463185,NA,NA,NA,NA,voucher,bach1697,NA,FALSE
Elaphoglossum_andreanum,NA,KJ528046,NA,NA,NA,KJ528132,KJ528168,NA,voucher,lehnert1463,NA,FALSE
Elaphoglossum_angulatum,NA,NA,NA,PP560478,NA,NA,PP562275,NA,voucher,taifkuo3865,NA,FALSE
Elaphoglossum_angustioblongum,NA,PV430173,NA,NA,NA,PV430244,PV430099,NA,voucher,matosfb2105,NA,FALSE
Elaphoglossum_annamense,NA,NA,NA,PP560150,NA,NA,PP561280,NA,monophy,NA,NA,FALSE
Elaphoglossum_anthracinum,NA,NA,NA,NA,NA,KJ528116,KJ528172,NA,voucher,luteyn11002,NA,FALSE
Elaphoglossum_apodum,NA,NA,NA,AY818681,NA,NA,NA,NA,unjoined,NA,Molecular studies of representative species in the fern genus,FALSE
Elaphoglossum_asterolepis,NA,EF040642,NA,NA,NA,AY540231,AY536294,NA,voucher,kessler12751,NA,FALSE
Elaphoglossum_aubertii,EF463682,EF463398,NA,EF463186,NA,NA,NA,NA,voucher,hemp8,NA,FALSE
Elaphoglossum_auricomum,NA,NA,NA,AY818682,NA,AY536145,AY534817,NA,publication,NA,molecular studies of representative species in the fern genus,FALSE
Elaphoglossum_auripilum,NA,NA,NA,AY534849,NA,NA,NA,NA,unjoined,NA,Molecular studies of representative species in the fern genus,FALSE
Elaphoglossum_austromarquesense,NA,NA,NA,MT216028,NA,NA,NA,NA,unjoined,usschuettpelz1924,The Evolution of Overrepresentation: exploring the biogeography of,FALSE
Elaphoglossum_avaratraense,NA,NA,NA,NA,NA,AY540233,AY536296,NA,voucher,rakotondrainibe1456,NA,FALSE
Elaphoglossum_backhouseanum,EF463683,EF463399,NA,EF463187,NA,NA,NA,NA,voucher,moransn,NA,FALSE
Elaphoglossum_bakeri,NA,PV430176,NA,NA,NA,PV430247,PV430102,NA,voucher,vascoa868,NA,FALSE
Elaphoglossum_baquianorum,NA,PV430177,NA,NA,NA,PV430248,PV430103,NA,voucher,matosfb2440,NA,FALSE
Elaphoglossum_barbatum,NA,PV430178,NA,NA,NA,PV430249,PV430104,NA,voucher,sunduem3205,NA,FALSE
Elaphoglossum_beaurepairei,NA,MG600304,NA,NA,NA,MG600333,MG600361,NA,voucher,matos2198,NA,FALSE
Elaphoglossum_beddomei,NA,NA,NA,PQ117691,NA,NA,NA,NA,unjoined,NA,NA,FALSE
Elaphoglossum_bellermannianum,NA,KJ528040,NA,NA,NA,KJ528161,KJ528173,NA,voucher,vasco484,NA,FALSE
Elaphoglossum_biolleyi,NA,NA,NA,NA,NA,AY540235,AY536298,NA,voucher,boyle6397,NA,FALSE
Elaphoglossum_blepharis,NA,NA,NA,NA,NA,KJ528145,KJ528175,NA,voucher,harling22455,NA,FALSE
Elaphoglossum_blumeanum,NA,NA,NA,PP560415,NA,NA,PP561500,NA,voucher,taifkuo2563,NA,FALSE
Elaphoglossum_boragineum,NA,NA,NA,NA,NA,NA,PV430106,NA,unjoined,NA,NA,FALSE
Elaphoglossum_boryanum,NA,NA,NA,AY534846,NA,AY536133,AY534804,NA,publication,NA,molecular studies of representative species in the fern genus,FALSE
Elaphoglossum_brenesii,NA,NA,NA,MW138163,NA,NA,NA,NA,unjoined,jhnitta859,A taxonomic and molecular survey of the pteridophytes of the,FALSE
Elaphoglossum_brevipetiolatum,NA,NA,NA,NA,NA,MG600334,MG600362,NA,voucher,royer72,NA,FALSE
Elaphoglossum_bryogenes,NA,NA,NA,NA,NA,KJ528135,KJ528176,NA,voucher,luteyn14682,NA,FALSE
Elaphoglossum_burchellii,NA,NA,NA,AY818683,NA,NA,NA,NA,unjoined,NA,Molecular studies of representative species in the fern genus,FALSE
Elaphoglossum_callifolium,JF304013,NA,JF303949,AB232400,NA,NA,PP562049,NA,monophy,NA,NA,FALSE
Elaphoglossum_cardenasii,NA,NA,NA,AY818684,NA,AY536131,AY534802,NA,publication,NA,molecular studies of representative species in the fern genus,FALSE
Elaphoglossum_cardiophyllum,NA,NA,NA,AY818685,NA,AY536171,AY534842,NA,publication,NA,molecular studies of representative species in the fern genus,FALSE
Elaphoglossum_caricifolium,NA,NA,NA,AY818708,NA,AY536143,AY534814,NA,publication,NA,molecular studies of representative species in the fern genus,FALSE
Elaphoglossum_carolinense,NA,NA,NA,MT657690,NA,NA,NA,NA,unjoined,dhlorence10146,Biogeography of Pacific pteridophytes in a global context,FALSE
Elaphoglossum_christianeae,NA,NA,NA,KJ628703,NA,NA,NA,NA,unjoined,NA,Phylogenetic relatedness within neotropical fern communities,FALSE
Elaphoglossum_ciliatum,NA,NA,NA,MW138220,NA,NA,NA,NA,unjoined,jhnitta783,A taxonomic and molecular survey of the pteridophytes of the,FALSE
Elaphoglossum_cismense,NA,MG600319,NA,NA,NA,MG600349,MG600377,NA,voucher,matos2144,NA,FALSE
Elaphoglossum_clathratum,NA,PV430181,NA,NA,NA,PV430251,PV430107,NA,voucher,ollgaardb3000,NA,FALSE
Elaphoglossum_cocosense,NA,NA,NA,KM495087,NA,NA,NA,NA,unjoined,NA,A comparative analysis of island floras challenges taxonomy-based,FALSE
Elaphoglossum_columbianum,NA,KJ528057,NA,NA,NA,KJ528126,KJ528178,NA,voucher,vasco636,NA,FALSE
Elaphoglossum_commutatum,NA,NA,NA,PP560864,NA,NA,PP561806,NA,monophy,NA,NA,FALSE
Elaphoglossum_concinnum,NA,NA,NA,NA,NA,KJ528151,KJ528179,NA,voucher,cotton1546a,NA,FALSE
Elaphoglossum_conforme,NA,MZ957367,NA,MZ957133,MZ957581,MZ957581,MZ957251,NA,voucher,kunwang5337,NA,FALSE
Elaphoglossum_confusum,NA,PV430182,NA,NA,NA,NA,PV430108,NA,voucher,matosfb2500,NA,FALSE
Elaphoglossum_conspersum,NA,NA,NA,NA,NA,AY540238,AY536301,NA,voucher,moran6343,NA,FALSE
Elaphoglossum_coriaceum,NA,EF040653,NA,NA,NA,EF040627,EF040613,NA,voucher,rouhan145,NA,FALSE
Elaphoglossum_costaricense,NA,NA,NA,AY818687,NA,AY536128,AY534799,NA,publication,NA,molecular studies of representative species in the fern genus,FALSE
Elaphoglossum_cotoi,NA,PV430183,NA,NA,NA,PV430252,PV430109,NA,voucher,matosfb2166,NA,FALSE
Elaphoglossum_coursii,NA,NA,NA,KF992525,NA,NA,NA,NA,unjoined,grouhan229,Evolutionary patterns in the assembly of fern diversity on the,FALSE
Elaphoglossum_crassicaule,NA,NA,NA,MT657686,NA,NA,NA,NA,unjoined,krwood15380,Biogeography of Pacific pteridophytes in a global context,FALSE
Elaphoglossum_crassifolium,EF463685,EF463401,NA,EF463188,NA,NA,NA,NA,monophy,NA,NA,FALSE
Elaphoglossum_crinitum,EF463686,EF463402,NA,EF463189,NA,NA,NA,NA,voucher,trusty70,NA,FALSE
Elaphoglossum_crispatum,NA,PV430184,NA,NA,NA,PV430253,PV430110,NA,voucher,matosfb2502,NA,FALSE
Elaphoglossum_croatii,NA,NA,NA,NA,NA,AY540241,AY536304,NA,voucher,moran6378,NA,FALSE
Elaphoglossum_cubense,NA,KF212378,NA,NA,NA,PV430254,KF212405,NA,monophy,NA,NA,FALSE
Elaphoglossum_curtii,NA,NA,NA,NA,NA,NA,PV430112,NA,unjoined,NA,NA,FALSE
Elaphoglossum_curvans,NA,NA,NA,AY818700,NA,AY536152,AY534824,NA,publication,NA,molecular studies of representative species in the fern genus,FALSE
Elaphoglossum_cuspidatum,NA,EU907675,NA,AY534856,NA,EU907750,EU907815,NA,monophy,NA,NA,FALSE
Elaphoglossum_davidsei,NA,PV430186,NA,NA,NA,PV430255,PV430113,NA,voucher,matosfb2177,NA,FALSE
Elaphoglossum_decaryanum,NA,EF040658,NA,NA,NA,AY540243,AY536306,NA,voucher,rakotondrainibe6326,NA,FALSE
Elaphoglossum_deckenii,NA,NA,NA,NA,NA,NA,AY194072,NA,unjoined,NA,NA,FALSE
Elaphoglossum_decoratum,NA,NA,NA,KJ464429,NA,KJ464670,KJ464600,NA,voucher,nybg39177b,NA,FALSE
Elaphoglossum_decursivum,NA,PV430190,NA,NA,NA,PV430259,MG600380,NA,monophy,NA,NA,FALSE
Elaphoglossum_delgadilloanum,NA,NA,NA,KM583470,NA,NA,NA,NA,unjoined,arojas7017,A comparative analysis of island floras challenges taxonomy-based,FALSE
Elaphoglossum_deltoideum,EF463687,EF463403,NA,EF463190,NA,NA,NA,NA,voucher,moran6867,NA,FALSE
Elaphoglossum_dendricola,NA,EU907676,NA,NA,NA,EU907751,EU907816,NA,voucher,moranrc6853herbariumnyqcaqcne,NA,FALSE
Elaphoglossum_denudatum,NA,PV430191,NA,NA,NA,PV430260,PV430118,NA,voucher,andersonwr3304,NA,FALSE
Elaphoglossum_didymoglossoides,NA,NA,NA,NA,NA,NA,PV430119,NA,unjoined,NA,NA,FALSE
Elaphoglossum_dimorphum,NA,EU907678,NA,NA,NA,EU907753,EU907817,NA,voucher,eastwooda719herbarium,NA,FALSE
Elaphoglossum_discolor,NA,NA,NA,KJ628704,NA,NA,NA,NA,unjoined,NA,Phylogenetic relatedness within neotropical fern communities,FALSE
Elaphoglossum_doanense,NA,NA,NA,MW138165,NA,NA,NA,NA,unjoined,jhnitta857,A taxonomic and molecular survey of the pteridophytes of the,FALSE
Elaphoglossum_dussii,NA,EU907681,NA,NA,NA,EU907755,EU907819,NA,voucher,sanchezc138herbariumny,NA,FALSE
Elaphoglossum_edwallii,NA,NA,NA,AY818689,NA,AY536144,AY534816,NA,publication,NA,molecular studies of representative species in the fern genus,FALSE
Elaphoglossum_eggersii,NA,KF212381,NA,NA,NA,KF212431,KF212406,NA,voucher,jl157,NA,FALSE
Elaphoglossum_ellipticifolium,NA,NA,NA,PV006803,NA,NA,NA,NA,unjoined,danieltejerodiez6102,NA,FALSE
Elaphoglossum_engelii,NA,KJ528065,NA,NA,NA,KJ528162,KJ528183,NA,voucher,vasco591,NA,FALSE
Elaphoglossum_erinaceum,EF463688,EF463404,NA,EF463191,NA,NA,NA,NA,voucher,blanco2231,NA,FALSE
Elaphoglossum_eximium,NA,NA,NA,KM495092,NA,NA,NA,NA,unjoined,arojas8994,A comparative analysis of island floras challenges taxonomy-based,FALSE
Elaphoglossum_feei,NA,KJ528072,NA,NA,NA,KJ528120,KJ528184,NA,voucher,christenhusz4171,NA,FALSE
Elaphoglossum_forsythii-majoris,NA,EF040644,NA,NA,NA,EF040620,EF040606,NA,monophy,NA,NA,FALSE
Elaphoglossum_fournierianum,NA,NA,NA,NA,NA,AY540248,AY536311,NA,voucher,moran6336,NA,FALSE
Elaphoglossum_furcatum,NA,NA,NA,NA,NA,NA,AY194070,NA,unjoined,NA,NA,FALSE
Elaphoglossum_furfuraceum,NA,NA,NA,NA,NA,AY540249,AY536312,NA,voucher,moran6367,NA,FALSE
Elaphoglossum_gayanum,NA,MG600318,NA,NA,NA,MG600348,MG600376,NA,voucher,matos2024,NA,FALSE
Elaphoglossum_gemmatum,NA,PV430194,NA,NA,NA,NA,PV430122,NA,voucher,vascoa470,NA,FALSE
Elaphoglossum_glabellum,NA,NA,NA,AY818691,NA,NA,NA,NA,unjoined,NA,Molecular studies of representative species in the fern genus,FALSE
Elaphoglossum_glaucum,NA,NA,NA,AY818692,NA,AY536172,AY534844,NA,publication,NA,molecular studies of representative species in the fern genus,FALSE
Elaphoglossum_glaziovii,NA,PV430195,NA,NA,NA,PV430263,PV430123,NA,voucher,matosfb2059,NA,FALSE
Elaphoglossum_gomezianum,NA,NA,NA,KM495100,NA,NA,NA,NA,unjoined,arojas6467,A comparative analysis of island floras challenges taxonomy-based,FALSE
Elaphoglossum_gramineum,NA,EU907682,NA,NA,NA,EU907757,EU907820,NA,monophy,NA,NA,FALSE
Elaphoglossum_grayumii,NA,NA,NA,NA,NA,AY540250,AY536313,NA,voucher,moran6329,NA,FALSE
Elaphoglossum_guatemalense,NA,NA,NA,AY818693,NA,AY536164,AY534836,NA,publication,NA,molecular studies of representative species in the fern genus,FALSE
Elaphoglossum_guentheri,NA,KJ528048,NA,NA,NA,KJ528159,KJ528189,NA,monophy,NA,NA,FALSE
Elaphoglossum_herminieri,EF463690,EF463406,NA,EF463193,NA,NA,NA,NA,voucher,moransn,NA,FALSE
Elaphoglossum_heterochroum,NA,NA,NA,MW138228,NA,NA,NA,NA,unjoined,jhnitta773,A taxonomic and molecular survey of the pteridophytes of the,FALSE
Elaphoglossum_heterolepis,EF463691,EF463407,NA,EF463194,NA,NA,NA,NA,voucher,ranker1414,NA,FALSE
Elaphoglossum_hoffmannii,NA,KF212382,NA,NA,NA,KF212433,KF212408,NA,voucher,jl74,NA,FALSE
Elaphoglossum_hornei,NA,NA,NA,NA,NA,AY540253,AY536316,NA,voucher,rouhan156,NA,FALSE
Elaphoglossum_horridulum,NA,PV430196,NA,NA,NA,NA,PV430124,NA,voucher,matosfb2519,NA,FALSE
Elaphoglossum_huacsaro,EF463692,EF463408,NA,EF463195,NA,NA,NA,NA,voucher,nee52309,NA,FALSE
Elaphoglossum_humbertii,NA,EU907696,NA,NA,NA,EU907771,EU907834,NA,voucher,rouhang466herbariump,NA,FALSE
Elaphoglossum_hybridum,EF463693,EF463409,NA,EF463196,NA,NA,NA,NA,voucher,motley2912,NA,FALSE
Elaphoglossum_hystrix,NA,NA,NA,NA,NA,PV430270,PV430131,NA,voucher,vanderwerffh22709,NA,FALSE
Elaphoglossum_ipshookense,NA,EU907698,NA,NA,NA,EU907773,EU907836,NA,voucher,mickelj4748herbariumny,NA,FALSE
Elaphoglossum_kessleri,NA,PV430204,NA,NA,NA,PV430271,PV430132,NA,voucher,huayllah1078,NA,FALSE
Elaphoglossum_killipii,NA,NA,NA,NA,NA,AY540257,AY536320,NA,voucher,sundue581,NA,FALSE
Elaphoglossum_lalitae,NA,MG600317,NA,NA,NA,MG600347,MG600375,NA,voucher,matos2181,NA,FALSE
Elaphoglossum_lanatum,NA,NA,NA,NA,NA,AY540258,AY536321,NA,voucher,rouhan194,NA,FALSE
Elaphoglossum_lanceiforme,NA,NA,NA,MW138225,NA,NA,NA,NA,unjoined,jhnitta776,A taxonomic and molecular survey of the pteridophytes of the,FALSE
Elaphoglossum_lancifolium,NA,EF040640,NA,NA,NA,EF040619,EF040605,NA,voucher,rouhan187,NA,FALSE
Elaphoglossum_langsdorffii,NA,MG600307,NA,NA,NA,GU376683,GU376536,NA,voucher,labiak4113,NA,FALSE
Elaphoglossum_lankesteri,NA,NA,NA,MW138130,NA,NA,NA,NA,unjoined,jhnitta2373a,A taxonomic and molecular survey of the pteridophytes of the,FALSE
Elaphoglossum_lastii,NA,NA,NA,NA,NA,NA,AY194077,NA,unjoined,NA,NA,FALSE
Elaphoglossum_latifolium,NA,NA,NA,MW138227,NA,NA,NA,NA,unjoined,jhnitta774,A taxonomic and molecular survey of the pteridophytes of the,FALSE
Elaphoglossum_latum,NA,PV430206,NA,NA,NA,PV430273,PV430134,NA,voucher,morae1257,NA,FALSE
Elaphoglossum_lechlerianum,EF463694,EF463410,NA,EF463197,NA,NA,NA,NA,voucher,bach1399,NA,FALSE
Elaphoglossum_lehmannianum,NA,KJ528049,NA,NA,NA,KJ528163,KJ528190,NA,voucher,vasco442,NA,FALSE
Elaphoglossum_lepervanchii,NA,NA,NA,KF992526,NA,NA,NA,NA,unjoined,grouhan208,Evolutionary patterns in the assembly of fern diversity on the,FALSE
Elaphoglossum_leucolepis,NA,EF040638,NA,NA,NA,AY540261,AY536324,NA,voucher,rakotondrainibe6339,NA,FALSE
Elaphoglossum_lindenii,NA,NA,NA,AY818696,NA,NA,NA,NA,unjoined,NA,Molecular studies of representative species in the fern genus,FALSE
Elaphoglossum_lineare,NA,NA,NA,NA,NA,PV430274,PV430135,NA,voucher,matosfb2508,NA,FALSE
Elaphoglossum_lingua,NA,NA,NA,AY818697,NA,NA,NA,NA,unjoined,NA,Molecular studies of representative species in the fern genus,FALSE
Elaphoglossum_litanum,NA,MG600309,NA,NA,NA,MG600338,MG600366,NA,voucher,matos2104,NA,FALSE
Elaphoglossum_lloense,NA,KJ528084,NA,NA,NA,KJ528144,KJ528198,NA,voucher,vasco445,NA,FALSE
Elaphoglossum_lonchophyllum,NA,NA,NA,AY818698,NA,NA,NA,NA,unjoined,NA,Molecular studies of representative species in the fern genus,FALSE
Elaphoglossum_longicrure,NA,NA,NA,MW138185,NA,NA,NA,NA,unjoined,jhnitta824,A taxonomic and molecular survey of the pteridophytes of the,FALSE
Elaphoglossum_longipilosum,NA,PV430208,NA,NA,NA,PV430276,PV430137,NA,voucher,matosfb2076,NA,FALSE
Elaphoglossum_longistipitatum,NA,NA,NA,KM583469,NA,NA,NA,NA,unjoined,arojas6683,A comparative analysis of island floras challenges taxonomy-based,FALSE
Elaphoglossum_luridum,NA,NA,NA,AY534859,NA,NA,NA,NA,unjoined,NA,Molecular studies of representative species in the fern genus,FALSE
Elaphoglossum_luzonicum,NA,NA,NA,NA,NA,NA,NA,MT130636,NA,NA,NA,FALSE
Elaphoglossum_macropodium,NA,NA,NA,KF992527,NA,NA,NA,NA,unjoined,grouhan209,Evolutionary patterns in the assembly of fern diversity on the,FALSE
Elaphoglossum_maculatum,NA,PV430209,NA,NA,NA,NA,NA,NA,unjoined,NA,NA,FALSE
Elaphoglossum_malayense,NA,NA,NA,PP560115,NA,NA,NA,NA,unjoined,taifwade5081,A DNA barcode reference of Asian ferns with expert-identified,FALSE
Elaphoglossum_marginatum,NA,NA,NA,NA,NA,NA,NA,MT130569,NA,NA,NA,FALSE
Elaphoglossum_marojejyense,NA,EF040630,NA,NA,NA,AY540266,AY536329,NA,voucher,rakotondrainibe6429,NA,FALSE
Elaphoglossum_marquisearum,NA,NA,NA,MT216031,NA,AY540267,AY536330,NA,monophy,NA,NA,FALSE
Elaphoglossum_martinicense,NA,KF212387,NA,NA,NA,KF212437,KF212411,NA,monophy,NA,NA,FALSE
Elaphoglossum_maxonii,NA,KF212388,NA,NA,NA,KF212438,KF212413,NA,voucher,jl341,NA,FALSE
Elaphoglossum_mesoamericanum,NA,NA,NA,PV006802,NA,NA,NA,NA,unjoined,anastaciosotero20291,NA,FALSE
Elaphoglossum_metallicum,NA,NA,NA,AY534858,NA,AY536160,AY534832,NA,publication,NA,molecular studies of representative species in the fern genus,FALSE
Elaphoglossum_mexicanum,NA,PV430210,NA,NA,NA,PV430277,PV430138,NA,voucher,matosfb2480,NA,FALSE
Elaphoglossum_meyeri,NA,NA,NA,NA,NA,AY540287,AY536350,NA,voucher,motley2875,NA,FALSE
Elaphoglossum_micradenium,NA,NA,NA,MT657684,NA,NA,NA,NA,unjoined,krwood17416,Biogeography of Pacific pteridophytes in a global context,FALSE
Elaphoglossum_micropogon,NA,EF040643,NA,NA,NA,AY540268,AY536331,NA,voucher,moran6353,NA,FALSE
Elaphoglossum_miersii,NA,MG600323,NA,NA,NA,MG600353,MG600381,NA,voucher,matos2533,NA,FALSE
Elaphoglossum_minutissimum,NA,NA,NA,NA,NA,AY540293,AY536356,NA,voucher,moran6344,NA,FALSE
Elaphoglossum_minutum,NA,NA,NA,AY818699,NA,NA,NA,NA,unjoined,NA,Molecular studies of representative species in the fern genus,FALSE
Elaphoglossum_mitorrhizum,NA,NA,NA,MW138226,NA,NA,NA,NA,unjoined,jhnitta775,A taxonomic and molecular survey of the pteridophytes of the,FALSE
Elaphoglossum_mollissimum,NA,PV430211,NA,NA,NA,NA,PV430140,NA,voucher,matosfb2547,NA,FALSE
Elaphoglossum_montanum,NA,PV430212,NA,NA,NA,PV430278,PV430141,NA,voucher,matosfb2026,NA,FALSE
Elaphoglossum_moorei,EF463698,EF463414,NA,EF463198,NA,KJ528154,KJ528209,NA,voucher,bach1584,NA,FALSE
Elaphoglossum_moranii,NA,NA,NA,KM495101,NA,NA,NA,NA,unjoined,arojas7128,A comparative analysis of island floras challenges taxonomy-based,FALSE
Elaphoglossum_nervosum,NA,EU907701,NA,NA,NA,EU907775,EU907837,NA,voucher,eastwooda367herbarium,NA,FALSE
Elaphoglossum_nidiforme,NA,EF040662,NA,NA,NA,EF040629,EF040615,NA,monophy,NA,NA,FALSE
Elaphoglossum_nidusoides,NA,NA,NA,NA,NA,NA,NA,OR530051,NA,NA,NA,FALSE
Elaphoglossum_nigrescens,NA,NA,NA,AY818710,NA,NA,NA,NA,unjoined,NA,Molecular studies of representative species in the fern genus,FALSE
Elaphoglossum_notatum,NA,KJ528069,NA,NA,NA,GU376678,GU376532,NA,voucher,vasco739,NA,FALSE
Elaphoglossum_oblanceolatum,NA,NA,NA,KM583468,NA,AY540271,AY536334,NA,monophy,NA,NA,FALSE
Elaphoglossum_obovatum,NA,NA,NA,KJ628708,NA,NA,NA,NA,unjoined,NA,Phylogenetic relatedness within neotropical fern communities,FALSE
Elaphoglossum_obscurum,NA,NA,NA,MW620315,NA,NA,NA,NA,unjoined,ericschuettpelz1677,NA,FALSE
Elaphoglossum_ocoense,NA,NA,NA,NA,NA,KF212441,KF212414,NA,voucher,1120,NA,FALSE
Elaphoglossum_omissum,NA,PV430214,NA,NA,NA,PV430279,NA,NA,voucher,ollgaardb945,NA,FALSE
Elaphoglossum_ophioglossoides,NA,NA,NA,PP559956,NA,NA,PP561116,NA,voucher,taifwade3973,NA,FALSE
Elaphoglossum_orbignyanum,NA,EU907710,NA,AY818701,NA,EU907783,AY534819,NA,monophy,NA,NA,FALSE
Elaphoglossum_organense,NA,PV430215,NA,NA,NA,PV430280,PV430143,NA,voucher,matosfb2544,NA,FALSE
Elaphoglossum_ovalilimbatum,NA,NA,NA,NA,NA,AY540272,AY536335,NA,voucher,humbert24895,NA,FALSE
Elaphoglossum_ovatum,NA,EF040641,NA,AY818702,NA,AY540273,AY536336,NA,monophy,NA,NA,FALSE
Elaphoglossum_paleaceum,EF463699,EF463415,NA,EF463199,NA,NA,NA,NA,voucher,moransn,NA,FALSE
Elaphoglossum_palmeri,NA,KF212391,NA,NA,NA,KF212442,KF212415,NA,voucher,jl67,NA,FALSE
Elaphoglossum_papillosum,EF463700,EF463416,NA,EF463200,NA,NA,NA,NA,voucher,smith2873,NA,FALSE
Elaphoglossum_parvisquameum,NA,NA,NA,MT657687,NA,NA,NA,NA,unjoined,krwood12432,Biogeography of Pacific pteridophytes in a global context,FALSE
Elaphoglossum_peltatum,NA,NA,NA,NA,NA,NA,NA,OR530052,NA,NA,NA,FALSE
Elaphoglossum_pendulum,NA,NA,NA,NA,NA,MG600355,MG600383,NA,voucher,matos2180,NA,FALSE
Elaphoglossum_petiolatum,NA,NA,NA,PV006793,NA,NA,NA,NA,unjoined,miriamjimenez30241,NA,FALSE
Elaphoglossum_petiolosum,NA,KJ528052,NA,NA,NA,KJ528160,KJ528230,NA,voucher,vasco762,NA,FALSE
Elaphoglossum_phanerophlebium,NA,EF040646,NA,NA,NA,AY540276,AY536339,NA,voucher,rakotondrainibe6430,NA,FALSE
Elaphoglossum_phoras,NA,NA,NA,MW138198,NA,PV430281,PV430145,NA,monophy,NA,NA,FALSE
Elaphoglossum_piloselloides,EF463702,EF463418,NA,EF463202,NA,NA,NA,NA,voucher,labiak2827,NA,FALSE
Elaphoglossum_plumosum,NA,NA,NA,KJ628709,NA,NA,NA,NA,unjoined,NA,Phylogenetic relatedness within neotropical fern communities,FALSE
Elaphoglossum_poolii,NA,EF040639,NA,NA,NA,AY540278,AY536341,NA,voucher,kessler12702,NA,FALSE
Elaphoglossum_potosianum,NA,NA,NA,MW620297,NA,NA,NA,NA,unjoined,ericschuettpelz1654,NA,FALSE
Elaphoglossum_prestonii,NA,NA,NA,AY818704,NA,NA,NA,NA,unjoined,NA,Molecular studies of representative species in the fern genus,FALSE
Elaphoglossum_pringlei,NA,NA,NA,PV006791,NA,NA,NA,NA,unjoined,miriamjimenez30196,NA,FALSE
Elaphoglossum_procurrens,NA,MG600311,NA,NA,NA,MG600340,MG600368,NA,voucher,loriga490,NA,FALSE
Elaphoglossum_productum,NA,NA,NA,NA,NA,AY540279,AY536342,NA,voucher,moransn,NA,FALSE
Elaphoglossum_pseudoboryanum,NA,NA,NA,NA,NA,PV430285,PV430149,NA,voucher,sunduem1036,NA,FALSE
Elaphoglossum_pteropus,NA,NA,NA,NA,NA,AY540280,AY536343,NA,voucher,mori25579,NA,FALSE
Elaphoglossum_pusillum,NA,KF212394,NA,NA,NA,HG428762,KF212420,NA,monophy,NA,NA,FALSE
Elaphoglossum_pygmaeum,NA,NA,NA,NA,NA,AY540281,AY536344,NA,voucher,smith2826,NA,FALSE
Elaphoglossum_randii,NA,NA,NA,NA,NA,AY540282,AY536345,NA,monophy,NA,NA,FALSE
Elaphoglossum_rapense,NA,NA,NA,NA,NA,AY540283,AY536346,NA,voucher,motley2677,NA,FALSE
Elaphoglossum_raywaense,NA,PV430220,NA,NA,NA,PV430286,PV430150,NA,voucher,morisa25586,NA,FALSE
Elaphoglossum_rhomboideum,NA,NA,NA,NA,NA,KJ528137,KJ528231,NA,voucher,holmnielsen6168,NA,FALSE
Elaphoglossum_richardii,NA,NA,NA,KF992486,NA,NA,NA,NA,unjoined,shennequinr132,Evolutionary patterns in the assembly of fern diversity on the,FALSE
Elaphoglossum_rigidum,EF463689,EF463405,NA,EF463192,NA,NA,NA,NA,voucher,schuettpelz206,NA,FALSE
Elaphoglossum_rufidulum,NA,NA,NA,KF992528,NA,NA,NA,NA,unjoined,grouhan224,Evolutionary patterns in the assembly of fern diversity on the,FALSE
Elaphoglossum_russelliae,NA,NA,NA,NA,NA,AY540286,AY536349,NA,voucher,moran6360,NA,FALSE
Elaphoglossum_rzedowskii,NA,EU907718,NA,NA,NA,EU907788,EU907851,NA,voucher,bartholomeus2691herbariumny,NA,FALSE
Elaphoglossum_samoense,EF463703,EF463419,NA,KY099800,NA,NA,NA,NA,monophy,NA,NA,FALSE
Elaphoglossum_sartorii,NA,NA,NA,AY818705,NA,AY536161,AY534833,NA,publication,NA,molecular studies of representative species in the fern genus,FALSE
Elaphoglossum_savaiense,NA,NA,NA,KY099801,NA,NA,NA,NA,unjoined,nitta605,Life cycle matters: DNA barcoding reveals contrasting community,FALSE
Elaphoglossum_scolopendrifolium,NA,PV430221,NA,NA,NA,PV430287,PV430151,NA,voucher,matosfb2031,NA,FALSE
Elaphoglossum_scolopendriforme,NA,NA,NA,NA,NA,AY540288,AY536351,NA,voucher,rakotondrainibe6426,NA,FALSE
Elaphoglossum_semicylindricum,NA,NA,NA,NA,NA,NA,AY194071,NA,unjoined,NA,NA,FALSE
Elaphoglossum_semisubulatum,NA,PV430223,NA,NA,NA,PV430288,PV430153,NA,voucher,kesslerm4311,NA,FALSE
Elaphoglossum_setigerum,NA,NA,NA,NA,NA,AY540289,AY536352,NA,monophy,NA,NA,FALSE
Elaphoglossum_setosum,NA,PV430224,NA,NA,NA,NA,PV430155,NA,voucher,vascoa954,NA,FALSE
Elaphoglossum_sieberi,NA,NA,NA,NA,NA,AY540290,AY536353,NA,voucher,rouhan169,NA,FALSE
Elaphoglossum_siliquoides,NA,NA,NA,AY818706,NA,NA,NA,NA,unjoined,NA,Molecular studies of representative species in the fern genus,FALSE
Elaphoglossum_sinii,NA,NA,NA,NA,NA,NA,NA,PP654376,NA,NA,NA,FALSE
Elaphoglossum_smithii,NA,NA,NA,KM495095,NA,NA,NA,NA,unjoined,arojas6955,A comparative analysis of island floras challenges taxonomy-based,FALSE
Elaphoglossum_spatulatum,NA,PV430226,NA,KF992529,NA,AY540295,AY194075,NA,monophy,NA,NA,FALSE
Elaphoglossum_splendens,NA,NA,NA,NA,NA,AY540296,AY536359,NA,voucher,rouhan247,NA,FALSE
Elaphoglossum_sprucei,NA,PV430227,NA,NA,NA,NA,PV430157,NA,voucher,vascoa851,NA,FALSE
Elaphoglossum_squamipes,NA,NA,NA,AY818707,NA,NA,NA,NA,unjoined,NA,Molecular studies of representative species in the fern genus,FALSE
Elaphoglossum_squarrosum,NA,KJ528070,NA,NA,NA,KJ528166,KJ528238,NA,voucher,vasco748,NA,FALSE
Elaphoglossum_standleyi,NA,NA,NA,NA,NA,PV430290,PV430158,NA,voucher,matosfb2114,NA,FALSE
Elaphoglossum_stelligerum,NA,NA,NA,NA,NA,NA,NA,MT130690,NA,NA,NA,FALSE
Elaphoglossum_stenoglossum,NA,PV430229,NA,NA,NA,NA,NA,NA,unjoined,NA,NA,FALSE
Elaphoglossum_stipitatum,NA,NA,NA,KF992487,NA,NA,NA,NA,unjoined,shennequinr173,Evolutionary patterns in the assembly of fern diversity on the,FALSE
Elaphoglossum_styriacum,NA,MN781290,NA,MN781339,MN781374,MN781374,NA,NA,voucher,turtuomisto16571,NA,FALSE
Elaphoglossum_subcinnamomeum,NA,NA,NA,NA,NA,NA,AY194073,NA,unjoined,NA,NA,FALSE
Elaphoglossum_subsessile,NA,EF040660,NA,NA,NA,AY540298,AY536361,NA,voucher,rakotondrainibe6332,NA,FALSE
Elaphoglossum_succisifolium,NA,KJ528047,NA,NA,NA,AY540299,AY536362,NA,monophy,NA,NA,FALSE
Elaphoglossum_tambillense,NA,NA,NA,NA,NA,PV430291,PV430159,NA,voucher,acevedorodriguezp13020,NA,FALSE
Elaphoglossum_tectum,NA,NA,NA,AY534852,NA,AY536142,AY534813,NA,publication,NA,molecular studies of representative species in the fern genus,FALSE
Elaphoglossum_tenuiculum,NA,EU907722,NA,NA,NA,NA,EU907852,NA,voucher,vascoa558herbariumhuany,NA,FALSE
Elaphoglossum_tomentosum,NA,NA,NA,NA,NA,AY540300,AY536363,NA,voucher,rouhan174,NA,FALSE
Elaphoglossum_tonduzii,NA,MG600312,NA,NA,NA,MG600341,MG600370,NA,monophy,NA,NA,FALSE
Elaphoglossum_tosaense,NA,NA,NA,AB575181,NA,NA,NA,NA,unjoined,tns763098,Molecular species identification with rich floristic sampling: DNA,FALSE
Elaphoglossum_tovii,NA,NA,NA,MT216032,NA,NA,NA,NA,unjoined,ptbgwood17615,The Evolution of Overrepresentation: exploring the biogeography of,FALSE
Elaphoglossum_trichophorum,NA,PV430231,NA,NA,NA,PV430292,PV430160,NA,voucher,matosfb2501,NA,FALSE
Elaphoglossum_tripartitum,EF463704,EF463420,NA,EF463204,NA,KJ528148,KJ528240,NA,voucher,moran6783,NA,FALSE
Elaphoglossum_ulei,NA,PV430232,NA,NA,NA,PV430293,PV430161,NA,voucher,matosfb2520,NA,FALSE
Elaphoglossum_vagans,NA,MG600313,NA,NA,NA,MG600343,MG600371,NA,voucher,matos2224,NA,FALSE
Elaphoglossum_vascoae,NA,MG600321,NA,NA,NA,MG600351,MG600379,NA,voucher,vasco853,NA,FALSE
Elaphoglossum_vestitum,NA,NA,NA,AY534853,NA,NA,NA,NA,unjoined,NA,Molecular studies of representative species in the fern genus,FALSE
Elaphoglossum_vieillardii,NA,NA,NA,NA,NA,AY540301,AY536364,NA,voucher,munzinger1361,NA,FALSE
Elaphoglossum_vulcanicum,NA,EU907729,NA,NA,NA,EU907794,EU907857,NA,voucher,moranrc6891herbariumny,NA,FALSE
Elaphoglossum_wawrae,NA,NA,NA,MT657685,NA,NA,NA,NA,unjoined,krwood12420,Biogeography of Pacific pteridophytes in a global context,FALSE
Elaphoglossum_welwitschii,NA,NA,NA,NA,NA,AY540303,AY536366,NA,voucher,taylor9099,NA,FALSE
Elaphoglossum_wrightii,NA,KJ528075,NA,NA,NA,KJ528086,KJ528243,NA,voucher,loriga194,NA,FALSE
Elaphoglossum_xanthopodum,NA,NA,NA,MZ771316,NA,NA,NA,NA,unjoined,avm306,DNA barcoding ferns in an unexplored tropical montane cloud forest,FALSE
Elaphoglossum_yoshinagae,NA,NA,NA,NA,NA,NA,NA,ON898018,NA,NA,NA,FALSE
Elaphoglossum_yungense,NA,EU907733,NA,NA,NA,EU907798,EU907861,NA,voucher,jimenezi2676herbariumny,NA,FALSE
Elaphoglossum_zebrinum,NA,NA,NA,NA,NA,NA,PV430162,NA,unjoined,NA,NA,FALSE
Enterosora_barbatula,NA,KY711781,NA,KY711956,NA,KY712281,KY711607,NA,voucher,tamon53,NA,FALSE
Enterosora_campbellii,NA,NA,NA,MK319107,NA,NA,MK319005,NA,voucher,lellingerwhite1540,NA,FALSE
Enterosora_cornuta,NA,NA,NA,MK319139,NA,NA,MK319043,NA,voucher,lellingerwhile1062,NA,FALSE
Enterosora_devoluta,NA,KY711855,NA,KY712030,NA,KY712347,KY711679,NA,voucher,rouhan1379,NA,FALSE
Enterosora_enterosoroides,NA,GU476756,NA,NA,NA,KM106140,GU476634,NA,voucher,sundue1172,NA,FALSE
Enterosora_forsythiana,NA,KY711858,NA,KY712033,NA,KY712350,KY711682,NA,voucher,rouhan1380,NA,FALSE
Enterosora_goodmanii,NA,KY711863,NA,KY712038,NA,KY712355,KY711686,NA,voucher,rouhan424,NA,FALSE
Enterosora_humbertii,NA,KY711866,NA,KY712041,NA,KY712358,KY711688,NA,monophy,NA,NA,FALSE
Enterosora_mathewsii,NA,KY775306,NA,GU476895,NA,KY775305,GU476743,NA,monophy,NA,NA,FALSE
Enterosora_percrassa,NA,AY459468,NA,GU476882,NA,KM106141,GU476636,NA,monophy,NA,NA,FALSE
Enterosora_sectifrons,NA,NA,NA,MK319140,NA,KY775304,MK319044,NA,monophy,NA,NA,FALSE
Enterosora_subpinnata,NA,KY711875,NA,KY712050,NA,KY712367,KY711697,NA,voucher,rouhan1378,NA,FALSE
Enterosora_torulosa,NA,KY711884,NA,KF992465,NA,KY712376,KY711701,NA,monophy,NA,NA,FALSE
Enterosora_trichosora,NA,NA,NA,GU476920,NA,NA,GU476637,NA,publication,NA,systematics of grammitid ferns (polypodiaceae): using morphology,FALSE
Enterosora_trifurcata,NA,GU476754,NA,GU476909,NA,NA,GU476632,NA,voucher,sundue1774,NA,FALSE
Enterosora_villosissima,NA,KY711903,NA,KY712066,NA,KY712395,KY711713,NA,monophy,NA,NA,FALSE
Ephemeropteris_palmensis,NA,MK055813,MK055818,MK055827,NA,MK055799,NA,NA,publication,NA,"phylogenetic relationships of neotropical lady ferns (athyriaceae),",FALSE
Ephemeropteris_skinneri,JF832099,JF832156,JF832259,JF832058,NA,NA,KX656169,NA,voucher,rothfels3155,NA,FALSE
Ephemeropteris_tejeroi,NA,NA,MK055821,NA,NA,MK055802,MK055807,NA,voucher,tejero2919ny,NA,FALSE
Equisetum_arvense,NA,NA,NA,NA,NA,NA,NA,PP103314,NA,NA,NA,FALSE
Equisetum_bogotense,NA,NA,NA,AY226139,NA,NA,AY226124,NA,voucher,brucemcalpinsn,NA,FALSE
Equisetum_braunii,NA,NA,NA,AY226135,NA,NA,AY226119,NA,voucher,arsmith2575,NA,FALSE
Equisetum_diffusum,NA,NA,NA,NA,NA,NA,NA,PP501410,NA,NA,NA,FALSE
Equisetum_dycei,NA,NA,NA,MH750220,NA,NA,MH750099,NA,publication,NA,"phylogenetics, classification and typification of extant horsetails",FALSE
Equisetum_ferrissii,NA,AF313541,NA,AF313579,AF313590,AF313590,AY226113,NA,voucher,phammondsn,NA,FALSE
Equisetum_fluviatile,NA,NA,NA,NA,NA,NA,NA,PP501442,NA,NA,NA,FALSE
Equisetum_font-queri,NA,NA,NA,MH750221,MH750149,MH750149,MH750100,NA,publication,NA,"phylogenetics, classification and typification of extant horsetails",FALSE
Equisetum_giganteum,NA,NA,NA,NA,NA,NA,NA,MW282958,NA,NA,NA,FALSE
Equisetum_hyemale,NA,NA,NA,NA,NA,NA,NA,KC117177,NA,NA,NA,FALSE
Equisetum_laevigatum,NA,NA,NA,AY226130,NA,NA,AY226112,NA,voucher,wspeersn,NA,FALSE
Equisetum_litorale,NA,NA,NA,MH750222,NA,NA,NA,NA,unjoined,NA,"Phylogenetics, classification and typification of extant horsetails",FALSE
Equisetum_mackayi,NA,NA,NA,MH750227,NA,NA,MH750106,NA,publication,NA,"phylogenetics, classification and typification of extant horsetails",FALSE
Equisetum_moorei,NA,NA,NA,NA,NA,NA,NA,PP103313,NA,NA,NA,FALSE
Equisetum_myriochaetum,NA,NA,NA,AY226131,NA,NA,AY226114,NA,voucher,dldesmarais0047kmpryer,NA,FALSE
Equisetum_palustre,NA,NA,NA,NA,NA,NA,NA,PP103316,NA,NA,NA,FALSE
Equisetum_pratense,NA,NA,NA,NA,NA,NA,NA,PP501411,NA,NA,NA,FALSE
Equisetum_ramosissimum,NA,NA,NA,NA,NA,NA,NA,MW074919,NA,NA,NA,FALSE
Equisetum_schaffneri,NA,NA,NA,MH750224,NA,NA,NA,NA,unjoined,NA,"Phylogenetics, classification and typification of extant horsetails",FALSE
Equisetum_scirpoides,NA,NA,NA,NA,NA,NA,NA,PP502765,NA,NA,NA,FALSE
Equisetum_sylvaticum,NA,NA,NA,NA,NA,NA,NA,PP495823,NA,NA,NA,FALSE
Equisetum_telmateia,NA,NA,NA,NA,NA,NA,NA,MT984452,NA,NA,NA,FALSE
Equisetum_variegatum,NA,NA,NA,NA,NA,NA,NA,PP103317,NA,NA,NA,FALSE
Estrellita_mollis,PQ417580,NA,NA,PQ463148,MW245822,MW245822,MW245811,NA,monophy,NA,NA,FALSE
Eupodium_cicutifolium,NA,NA,NA,NA,NA,NA,NA,MN412590,NA,NA,NA,FALSE
Eupodium_kaulfussii,NA,NA,NA,NA,NA,NA,NA,MN412589,NA,NA,NA,FALSE
Eupodium_laeve,NA,EU439058,KM925080,EU439080,EU439107,EU439107,NA,NA,monophy,NA,NA,FALSE
Eupodium_pittieri,NA,NA,NA,KJ716402,NA,NA,NA,NA,unjoined,christenhusz6788,Molecular dates for fern tree of life,FALSE
Gaga_angustifolia,PQ417611,NA,JN647719,JN647777,NA,NA,NA,NA,voucher,vandevender971244,NA,FALSE
Gaga_apiacea,NA,NA,JN647725,JN647783,NA,NA,NA,NA,voucher,hinton23441,NA,FALSE
Gaga_arizonica,EU268727,NA,JN647726,JN647784,NA,NA,NA,NA,voucher,schuettpelz461,NA,FALSE
Gaga_chaerophylla,PQ417613,NA,JN647730,JN647788,NA,NA,NA,NA,voucher,steinmann4721,NA,FALSE
Gaga_complanata,NA,NA,JN647735,JN647793,NA,NA,NA,NA,voucher,breedlove40335,NA,FALSE
Gaga_cuneata,NA,NA,JN647736,JN647794,NA,NA,NA,NA,voucher,cjrothfels3288,NA,FALSE
Gaga_decomposita,NA,NA,JN647738,JN647796,NA,NA,NA,NA,voucher,cjrothfels3119a,NA,FALSE
Gaga_decurrens,NA,NA,JN647743,JN647801,NA,NA,NA,NA,monophy,NA,NA,FALSE
Gaga_germanotta,PQ417616,NA,JX313646,JX313546,NA,NA,NA,NA,voucher,rothfels2618,NA,FALSE
Gaga_harrisii,PQ417617,NA,NA,PQ417488,NA,NA,NA,NA,voucher,rothfels2628,NA,FALSE
Gaga_hintoniorum,PQ417618,NA,JN647748,JN647806,NA,NA,NA,NA,monophy,NA,NA,FALSE
Gaga_hirsuta,PQ417619,NA,NA,PQ417489,NA,NA,NA,NA,voucher,vandevender2008457,NA,FALSE
Gaga_kaulfussii,JQ855918,NA,JN647753,JQ855930,NA,NA,NA,NA,monophy,NA,NA,FALSE
Gaga_lerstenii,PQ417620,NA,JX313636,JX313536,NA,NA,NA,NA,voucher,mickel6238b,NA,FALSE
Gaga_marginata,MH170442,NA,JN647754,MH170426,NA,NA,NA,NA,voucher,serrano6089,NA,FALSE
Gaga_membranacea,NA,NA,JN647764,JN647822,NA,NA,NA,NA,voucher,mickel7057,NA,FALSE
Gaga_monstraparva,PQ417622,NA,JX313647,JX313547,NA,NA,NA,NA,voucher,beck1229,NA,FALSE
Gaga_pellaeopsis,PQ417623,NA,JX313641,JX313541,NA,NA,NA,NA,monophy,NA,NA,FALSE
Gaga_purpusii,PQ417624,NA,JN647767,JN647825,NA,NA,NA,NA,voucher,steinmann2528,NA,FALSE
Galactodenia_delicatula,NA,GU386961,NA,MK319102,NA,GU387123,GU476715,NA,monophy,NA,NA,FALSE
Galactodenia_parrisiae,NA,NA,NA,KM218794,NA,NA,NA,NA,unjoined,monroknapp5721,Global phylogeny and biogeography of grammitid ferns,FALSE
Galactodenia_subscabra,NA,GU476821,NA,GU476860,NA,GU387127,GU476739,NA,voucher,moran8078,NA,FALSE
Gastoniella_ascensionis,NA,NA,NA,KF680664,NA,NA,NA,NA,unjoined,k000367614,Rescue and conservation of a rediscovered island endemic fern: ex,FALSE
Gastoniella_chaerophylla,NA,NA,NA,NA,NA,NA,NA,MH173080,NA,NA,NA,FALSE
Gastoniella_novogaliciana,NA,NA,NA,AY168714,NA,NA,NA,NA,unjoined,gonzalezpalafox45mich,Molecular Phylogenetics of Anogramma Species and Related Genera,FALSE
Glabrigrammitis_nuda,NA,OQ702733,NA,OQ708563,OQ717203,OQ717203,NA,NA,monophy,NA,NA,FALSE
Glabrigrammitis_subevenosa,NA,OQ702685,NA,OQ708587,OQ717186,OQ717186,NA,NA,voucher,lbzhang8543,NA,FALSE
Glaphyropteridopsis_erubescens,NA,NA,NA,NA,NA,NA,NA,PP417916,NA,NA,NA,FALSE
Glaphyropteridopsis_rufostraminea,NA,NA,NA,JN572344,JN572181,JN572181,JN572262,NA,manual,NA,NA,FALSE
Gleichenella_pectinata,EF588671,EF588715,NA,EF588693,EF588757,EF588757,EF588802,NA,voucher,mjmchristenhusz4240,NA,FALSE
Gleichenia_abscida,NA,NA,NA,MW390791,NA,NA,NA,NA,unjoined,pjbtas19,Chloroplast phylogenies of Australasian Gleichenia ferns,FALSE
Gleichenia_alpina,NA,NA,NA,DQ910497,NA,NA,DQ910515,NA,voucher,weltp21152,NA,FALSE
Gleichenia_dicarpa,NA,AF313550,NA,AF313584,AF313599,AF313599,NA,NA,voucher,rcranfill227,NA,FALSE
Gleichenia_inclusisora,NA,NA,NA,MW390792,NA,NA,NA,NA,unjoined,lrp6217,Chloroplast phylogenies of Australasian Gleichenia ferns,FALSE
Gleichenia_mendellii,NA,NA,NA,NA,MW316462,MW316462,MW297038,NA,voucher,djo339,NA,FALSE
Gleichenia_microphylla,NA,NA,NA,MW390796,MW316461,MW316461,MW297033,NA,voucher,djo106,NA,FALSE
Gleichenia_polypodioides,NA,NA,NA,KF992489,NA,NA,NA,NA,unjoined,mkessler13836,Evolutionary patterns in the assembly of fern diversity on the,FALSE
Gleichenia_rupestris,NA,NA,NA,MW390793,MW316452,MW316452,MW297034,NA,voucher,djo146,NA,FALSE
Goniophlebium_amoenum,NA,NA,NA,NA,NA,NA,NA,MT130635,NA,NA,NA,FALSE
Goniophlebium_argutum,NA,NA,NA,NA,NA,NA,NA,MW876319,NA,NA,NA,FALSE
Goniophlebium_bourretii,NA,NA,NA,PP560112,NA,NA,PP561246,NA,voucher,taifwade5067,NA,FALSE
Goniophlebium_fieldingianum,NA,NA,NA,PP560836,NA,NA,PP561786,NA,voucher,taifkuo3832,NA,FALSE
Goniophlebium_formosanum,NA,NA,NA,NA,NA,NA,NA,MW876320,NA,NA,NA,FALSE
Goniophlebium_manmeiense,NA,NA,NA,NA,NA,NA,NA,MW876321,NA,NA,NA,FALSE
Goniophlebium_mehipitense,NA,NA,NA,EU482932,NA,NA,EU483026,NA,voucher,hovenkamp05278,NA,FALSE
Goniophlebium_mengtzeense,NA,NA,NA,NA,NA,NA,NA,MW876322,NA,NA,NA,FALSE
Goniophlebium_niponicum,NA,NA,NA,NA,NA,NA,NA,MW876323,NA,NA,NA,FALSE
Goniophlebium_percussum,NA,NA,NA,PP560804,NA,NA,PP561765,NA,voucher,taifwade2203,NA,FALSE
Goniophlebium_persicifolium,NA,NA,NA,NA,NA,NA,NA,MT130634,NA,NA,NA,FALSE
Goniophlebium_prainii,NA,NA,NA,PP560816,NA,NA,PP561777,NA,voucher,taifwade4813,NA,FALSE
Goniophlebium_pseudoconnatum,NA,NA,NA,EU482934,NA,NA,EU483029,NA,voucher,cultbgb239369030,NA,FALSE
Goniophlebium_someyae,NA,NA,NA,AB575291,NA,NA,NA,NA,unjoined,tns766624,Molecular species identification with rich floristic sampling: DNA,FALSE
Goniophlebium_subamoenum,NA,NA,NA,DQ078629,NA,NA,NA,NA,unjoined,sgluz21,Phylogenetic position of Metapolypodium manmeiense: evidence from,FALSE
Goniophlebium_subauriculatum,NA,NA,NA,PP560182,NA,NA,PP561308,NA,voucher,taifwade5406,NA,FALSE
Goniophlebium_wattii,NA,NA,NA,DQ078625,DQ078636,DQ078636,NA,NA,publication,NA,phylogenetic position of metapolypodium manmeiense: evidence from,FALSE
Goniophlebium_yunnanense,NA,NA,NA,NA,NA,NA,NA,MT130566,NA,NA,NA,FALSE
Goniopteris_abrupta,EF463876,EF463536,NA,KJ628858,NA,NA,NA,NA,manual,NA,NA,FALSE
Goniopteris_biformata,NA,NA,NA,MN781327,MN781388,MN781388,NA,NA,voucher,turtuomisto16362,NA,FALSE
Goniopteris_biolleyi,NA,NA,NA,NA,KT805063,KT805063,KT805027,NA,manual,NA,NA,FALSE
Goniopteris_cordata,NA,NA,NA,NA,NA,NA,MK552142,NA,unjoined,NA,NA,FALSE
Goniopteris_domingensis,NA,NA,MK121792,NA,NA,NA,NA,NA,manual,NA,NA,FALSE
Goniopteris_gemmulifera,EF463881,EF463541,JF832291,EF463285,NA,NA,NA,NA,manual,NA,NA,FALSE
Goniopteris_goeldii,NA,NA,NA,NA,KT805064,KT805064,KT805028,NA,manual,NA,NA,FALSE
Goniopteris_hastata,NA,NA,MK097467,NA,NA,NA,NA,NA,manual,NA,NA,FALSE
Goniopteris_imitata,NA,NA,NA,MK112898,NA,NA,NA,NA,manual,NA,NA,FALSE
Goniopteris_juruensis,NA,NA,NA,NA,KT805065,KT805065,KT805029,NA,manual,NA,NA,FALSE
Goniopteris_liebmannii,EF463888,EF463548,NA,EF463292,NA,NA,NA,NA,manual,NA,NA,FALSE
Goniopteris_lugubriformis,NA,NA,NA,MN781325,MN781393,MN781393,NA,NA,voucher,turtuomisto16619,NA,FALSE
Goniopteris_lugubris,NA,NA,NA,NA,KT805066,KT805066,KT805030,NA,manual,NA,NA,FALSE
Goniopteris_minor,NA,NA,NA,MK112899,NA,NA,NA,NA,manual,NA,NA,FALSE
Goniopteris_nicaraguensis,NA,NA,NA,KJ628860,NA,NA,NA,NA,manual,NA,NA,FALSE
Goniopteris_obliterata,NA,NA,NA,MW620336,NA,NA,NA,NA,unjoined,ericschuettpelz1702,NA,FALSE
Goniopteris_paucipinnata,NA,NA,NA,PV006850,NA,NA,NA,NA,unjoined,miriamjimenez30442,NA,FALSE
Goniopteris_pennata,NA,NA,NA,NA,KT805067,KT805067,KT805031,NA,manual,NA,NA,FALSE
Goniopteris_poiteana,EF463893,EF463553,NA,KJ628875,AF425170,AF425170,AF425133,NA,manual,NA,NA,FALSE
Goniopteris_reptans,NA,NA,NA,KX397985,NA,NA,NA,NA,manual,NA,NA,FALSE
Goniopteris_retroflexa,NA,NA,MK552143,NA,NA,NA,NA,NA,unjoined,NA,NA,FALSE
Goniopteris_scabra,NA,NA,NA,NA,KT805068,KT805068,KT805032,NA,manual,NA,NA,FALSE
Goniopteris_schunkei,NA,NA,NA,NA,MN781395,MN781395,NA,NA,voucher,turtuomisto16381,NA,FALSE
Goniopteris_sclerophylla,NA,NA,NA,MK112900,NA,NA,NA,NA,manual,NA,NA,FALSE
Goniopteris_tetragona,NA,NA,NA,NA,KT805069,KT805069,KT805033,NA,manual,NA,NA,FALSE
Goniopteris_tristis,NA,NA,NA,NA,KT805070,KT805070,KT805034,NA,manual,NA,NA,FALSE
Goniopteris_verecunda,NA,NA,NA,NA,NA,NA,MK089296,NA,unjoined,NA,NA,FALSE
Goniopteris_vivipara,NA,NA,NA,NA,KT805071,KT805071,NA,NA,manual,NA,NA,FALSE
Grammitastrum_pseudaustrale,NA,KY711867,NA,KY712042,NA,KY712359,KM106068,NA,monophy,NA,NA,FALSE
Grammitis_bryophila,NA,AF469784,NA,AF468208,NA,NA,AF469797,NA,voucher,arojas3240uc,NA,FALSE
Grammitis_bufonis,NA,NA,NA,MK319109,NA,NA,MK319007,NA,voucher,valdespinoarande179,NA,FALSE
Grammitis_cincta,NA,NA,NA,MT216033,NA,NA,NA,NA,unjoined,usschuettpelz1930,The Evolution of Overrepresentation: exploring the biogeography of,FALSE
Grammitis_copelandii,NA,KY711882,NA,KY712057,NA,KY712374,KY711703,NA,voucher,rouhan1241,NA,FALSE
Grammitis_coriaceifolia,NA,KY711796,NA,KY711971,NA,KY712294,KY711620,NA,voucher,rouhan1181,NA,FALSE
Grammitis_cryptophlebia,NA,KY711885,NA,KY712059,NA,KY712377,KY711705,NA,voucher,rakotondrainibe6912,NA,FALSE
Grammitis_ebenina,NA,KY711825,NA,KY712001,NA,KY712320,KY711650,NA,voucher,rouhan1165,NA,FALSE
Grammitis_kyimbilensis,NA,KY711814,NA,KY711989,NA,KY712311,KY711638,NA,voucher,janssen2663,NA,FALSE
Grammitis_limbata,NA,NA,NA,MK319141,NA,NA,MK319008,NA,voucher,valdespinoarande165,NA,FALSE
Grammitis_marginella,NA,NA,NA,NA,NA,NA,NA,OQ968266,NA,NA,NA,FALSE
Grammitis_marginelloides,NA,NA,NA,KY099803,NA,NA,NA,NA,unjoined,nitta666,Life cycle matters: DNA barcoding reveals contrasting community,FALSE
Grammitis_melanoloma,NA,AY459475,NA,AY460643,NA,KY712313,GU476641,NA,monophy,NA,NA,FALSE
Grammitis_nudicarpa,NA,PV011910,NA,PV011900,PV011937,PV011937,PV011928,NA,voucher,mel2532404a,NA,FALSE
Grammitis_paramicola,NA,KM218816,NA,KM218801,NA,KM106149,KM106067,NA,voucher,ijimenezsgallegos,NA,FALSE
Grammitis_turquina,NA,KM218814,NA,KM218800,NA,NA,KM106069,NA,voucher,csanchez82061,NA,FALSE
Grammitis_wattsii,NA,PV011911,NA,PV011901,PV011938,PV011938,PV011926,NA,voucher,mel2532363a,NA,FALSE
Grypothrix_crenulata,NA,NA,NA,PP560159,NA,NA,PP561289,NA,voucher,taifwade5281,NA,FALSE
Grypothrix_cuspidata,NA,NA,KF420372,NA,NA,NA,NA,NA,manual,NA,NA,FALSE
Grypothrix_longipetiolata,NA,NA,NA,PP559608,NA,NA,PP562043,NA,voucher,taifkuo931,NA,FALSE
Grypothrix_megacuspis,NA,NA,KF420384,JN572369,JN572207,JN572207,JN572284,NA,manual,NA,NA,FALSE
Grypothrix_parishii,NA,NA,KF420385,AB575046,NA,NA,NA,NA,manual,NA,NA,FALSE
Grypothrix_pseudoliukiuensis,NA,NA,NA,PP559869,NA,NA,NA,NA,unjoined,taifwade1255,A DNA barcode reference of Asian ferns with expert-identified,FALSE
Grypothrix_ramosii,NA,NA,NA,AB575029,NA,NA,NA,NA,manual,NA,NA,FALSE
Grypothrix_rubicunda,NA,NA,NA,PP560097,NA,NA,PP561233,NA,voucher,taifwade4847,NA,FALSE
Grypothrix_salicifolia,NA,NA,NA,PP560309,NA,NA,PP561409,NA,voucher,taifwade5888,NA,FALSE
Grypothrix_simplex,NA,NA,NA,NA,NA,NA,NA,PV391902,NA,NA,NA,FALSE
Grypothrix_triphylla,NA,NA,NA,NA,NA,NA,NA,MN623361,NA,NA,NA,FALSE
Gymnocarpium_appalachianum,NA,NA,JX874015,JX874062,NA,NA,NA,NA,monophy,NA,NA,FALSE
Gymnocarpium_brittonianum,NA,NA,JX874013,NA,NA,NA,NA,NA,unjoined,NA,NA,FALSE
Gymnocarpium_continentale,NA,NA,JX874023,JX874067,NA,NA,NA,NA,voucher,brinker1628dukenhicgenetic,NA,FALSE
Gymnocarpium_disjunctum,NA,NA,JX874016,JX874063,NA,NA,NA,NA,voucher,metzgar224,NA,FALSE
Gymnocarpium_dryopteris,JF832120,JF832165,JF832277,JF832068,NA,NA,NA,NA,voucher,larsson6,NA,FALSE
Gymnocarpium_jessoense,JN168061,JN168041,NA,JN168019,NA,JN168094,NA,NA,voucher,sgluk18,NA,FALSE
Gymnocarpium_oyamense,NA,NA,NA,NA,NA,NA,NA,MT130632,NA,NA,NA,FALSE
Gymnocarpium_remotipinnatum,JF832122,NA,JX874026,EF463317,NA,NA,NA,NA,voucher,yatskievych0231,NA,FALSE
Gymnocarpium_robertianum,NA,NA,JX874031,JX874069,NA,NA,NA,NA,voucher,larsson282,NA,FALSE
Gymnosphaera_acrostichoides,NA,NA,NA,NA,NA,NA,MN155659,NA,unjoined,NA,NA,FALSE
Gymnosphaera_andersonii,NA,NA,NA,NA,NA,NA,NA,PV567661,NA,NA,NA,FALSE
Gymnosphaera_andohahelensis,NA,NA,NA,AM495727,NA,NA,AM689623,NA,voucher,janssen2814,NA,FALSE
Gymnosphaera_annae,NA,NA,NA,NA,NA,NA,MN155662,NA,unjoined,NA,NA,FALSE
Gymnosphaera_austroyunnanensis,NA,NA,NA,NA,NA,NA,NA,OR575070,NA,NA,NA,FALSE
Gymnosphaera_bachmaensis,NA,NA,NA,MT295613,NA,NA,MT295699,NA,voucher,dong48803,NA,FALSE
Gymnosphaera_baileyana,NA,NA,MF178049,NA,NA,NA,MF066473,NA,monophy,NA,NA,FALSE
Gymnosphaera_biformis,NA,NA,NA,NA,NA,NA,MN155665,NA,unjoined,NA,NA,FALSE
Gymnosphaera_boivinii,NA,NA,NA,AM495749,NA,NA,AM689645,NA,voucher,janssen2574,NA,FALSE
Gymnosphaera_bonii,NA,NA,NA,MT295617,NA,NA,MT295703,NA,voucher,dong47491,NA,FALSE
Gymnosphaera_capensis,AM176421,AM176582,NA,AM177321,AM176477,AM176477,MH213731,NA,monophy,NA,NA,FALSE
Gymnosphaera_denticulata,NA,NA,NA,NA,NA,NA,NA,MT726940,NA,NA,NA,FALSE
Gymnosphaera_dimorpha,NA,NA,NA,NA,NA,NA,MN155669,NA,unjoined,NA,NA,FALSE
Gymnosphaera_gammiei,NA,NA,NA,MT295624,NA,NA,MT295710,NA,voucher,zuo1232,NA,FALSE
Gymnosphaera_glabra,NA,NA,NA,MT295630,NA,NA,MT295716,NA,voucher,dong48931,NA,FALSE
Gymnosphaera_henryi,NA,NA,NA,NA,NA,NA,AY142476,NA,unjoined,NA,NA,FALSE
Gymnosphaera_hornei,NA,NA,NA,KP338005,NA,NA,NA,NA,unjoined,wade3256,Biogeography of south-east Asian tree ferns (Cyathaceae),FALSE
Gymnosphaera_impolita,NA,NA,NA,AM495779,NA,NA,AM689677,NA,voucher,janssen2596,NA,FALSE
Gymnosphaera_khasyana,NA,NA,NA,NA,NA,NA,NA,OR575071,NA,NA,NA,FALSE
Gymnosphaera_lurida,NA,NA,NA,KP337945,NA,NA,MN155675,NA,monophy,NA,NA,FALSE
Gymnosphaera_metteniana,NA,NA,NA,NA,NA,NA,NA,MN795320,NA,NA,NA,FALSE
Gymnosphaera_ogurae,NA,NA,NA,AB574754,NA,NA,NA,NA,unjoined,tns763924,Molecular species identification with rich floristic sampling: DNA,FALSE
Gymnosphaera_olivacea,NA,NA,NA,NA,NA,NA,MN155677,NA,unjoined,NA,NA,FALSE
Gymnosphaera_phlebodes,NA,NA,NA,NA,NA,NA,MN155678,NA,unjoined,NA,NA,FALSE
Gymnosphaera_podophylla,NA,NA,NA,NA,NA,NA,NA,MG262389,NA,NA,NA,FALSE
Gymnosphaera_poolii,NA,NA,NA,AM495754,NA,NA,AM689650,NA,voucher,janssen2827,NA,FALSE
Gymnosphaera_ramispina,AM176426,AM176587,NA,AM177326,AM176482,AM176482,AM410323,NA,voucher,conant4706,NA,FALSE
Gymnosphaera_rebeccae,NA,NA,MF178050,KP338013,NA,NA,MF066474,NA,monophy,NA,NA,FALSE
Gymnosphaera_rouhaniana,NA,NA,NA,AM495799,NA,NA,AM689698,NA,voucher,janssen2606,NA,FALSE
Gymnosphaera_salletii,NA,NA,NA,MT295641,NA,NA,MT295726,NA,voucher,dong4876,NA,FALSE
Gymnosphaera_salvinii,EF463634,EF463361,NA,AM410184,FN667563,FN667563,AM410300,NA,monophy,NA,NA,FALSE
Gymnosphaera_saxicola,NA,NA,NA,MT295646,NA,NA,MT295731,NA,voucher,zuo2825,NA,FALSE
Gymnosphaera_scandens,NA,NA,NA,NA,NA,NA,MN155685,NA,unjoined,NA,NA,FALSE
Gymnosphaera_schlechteri,NA,NA,NA,NA,NA,NA,MN155686,NA,unjoined,NA,NA,FALSE
Gymnosphaera_schliebenii,NA,NA,NA,AM495768,NA,NA,AM689666,NA,voucher,janssen2652,NA,FALSE
Gymnosphaera_subdubia,NA,NA,NA,KP337998,NA,NA,NA,NA,unjoined,wade2636,Biogeography of south-east Asian tree ferns (Cyathaceae),FALSE
Haplopteris_alternans,MH359241,NA,KX896840,MH359275,NA,NA,KX896914,NA,voucher,wade4000,NA,FALSE
Haplopteris_amboinensis,KX165188,NA,NA,KX164982,NA,NA,NA,NA,voucher,cwchen2588,NA,FALSE
Haplopteris_anguste-elongata,MH359242,NA,KC812873,MH359276,NA,NA,KC812941,NA,voucher,wade1467,NA,FALSE
Haplopteris_angustifolia,KX165251,NA,NA,KX164985,NA,NA,NA,NA,voucher,dcicuzza818,NA,FALSE
Haplopteris_angustissima,MH359243,NA,MH359263,MH359277,NA,NA,MH359315,NA,monophy,NA,NA,FALSE
Haplopteris_capillaris,MH359247,NA,KX896861,MH359280,NA,NA,KX896948,NA,monophy,NA,NA,FALSE
Haplopteris_centrochinensis,NA,NA,NA,MW810047,NA,NA,MW810059,NA,voucher,yyh154421,NA,FALSE
Haplopteris_dareicarpa,MH359248,NA,KX896842,MH359282,NA,NA,KX896915,NA,voucher,wade4217,NA,FALSE
Haplopteris_elongata,NA,NA,NA,NA,NA,NA,NA,MT130678,NA,NA,NA,FALSE
Haplopteris_ensata,NA,NA,KY101285,NA,NA,NA,KY101421,NA,publication,NA,"a systematic study of east asian vittarioid ferns (pteridaceae,",FALSE
Haplopteris_ensiformis,NA,NA,NA,NA,NA,NA,NA,OM867544,NA,NA,NA,FALSE
Haplopteris_flexuosa,NA,NA,NA,NA,NA,NA,NA,MT130609,NA,NA,NA,FALSE
Haplopteris_fudzinoi,NA,NA,NA,AB574819,NA,NA,KX896920,NA,voucher,tns766642,NA,FALSE
Haplopteris_graminea,EF452102,EF452040,KX896862,EF452157,NA,NA,PX667960,NA,monophy,NA,NA,FALSE
Haplopteris_guineensis,KX165204,NA,NA,KX165006,NA,NA,NA,NA,voucher,rperezviso3723,NA,FALSE
Haplopteris_hainanensis,KX165205,NA,NA,KX165007,NA,NA,NA,NA,voucher,whwu959,NA,FALSE
Haplopteris_heterophylla,KX165206,NA,KC812903,KX165008,NA,NA,PP561992,NA,monophy,NA,NA,FALSE
Haplopteris_hirta,NA,NA,PX668040,NA,NA,NA,PX667962,NA,voucher,chenwade5861,NA,FALSE
Haplopteris_humblotii,KX165207,NA,NA,KX165010,NA,NA,NA,NA,voucher,pantilahimena3177,NA,FALSE
Haplopteris_linearifolia,KX165209,NA,NA,KX165012,NA,NA,NA,NA,voucher,ycliu9457,NA,FALSE
Haplopteris_longicoma,MH359252,NA,KX896848,MH359288,NA,NA,KX896927,NA,voucher,wade4252,NA,FALSE
Haplopteris_malayensis,KX165256,NA,KX896849,KX165013,NA,NA,MH359319,NA,monophy,NA,NA,FALSE
Haplopteris_mediosora,KX165211,NA,KY101294,KX165015,NA,NA,JX040520,NA,monophy,NA,NA,FALSE
Haplopteris_mindanaoensis,NA,NA,MG983939,NA,NA,NA,MG983959,NA,monophy,NA,NA,FALSE
Haplopteris_palustris,NA,NA,OR567125,NA,NA,NA,OR567129,NA,voucher,cicuzza3026,NA,FALSE
Haplopteris_pluridichotoma,NA,NA,OR567124,NA,NA,NA,OR567128,NA,voucher,cicuzza2226,NA,FALSE
Haplopteris_plurisulcata,KX165212,NA,NA,KX165016,NA,NA,NA,NA,voucher,zrhe2013001,NA,FALSE
Haplopteris_schliebenii,KX165213,NA,NA,KX165017,NA,NA,NA,NA,voucher,wrqluke11355,NA,FALSE
Haplopteris_scolopendrina,KX165257,NA,KX896851,KX165019,NA,NA,KX896932,NA,monophy,NA,NA,FALSE
Haplopteris_sessilifrons,MH359253,NA,PX668042,MH359291,NA,NA,PX667964,NA,monophy,NA,NA,FALSE
Haplopteris_sikkimensis,MH359254,NA,NA,MH359292,NA,NA,NA,NA,voucher,crfraserjenkins34211,NA,FALSE
Haplopteris_taeniophylla,NA,NA,NA,NA,NA,NA,NA,MT130586,NA,NA,NA,FALSE
Haplopteris_volkensii,KX165217,EU352287,MG983942,KX165023,NA,NA,KX896944,NA,monophy,NA,NA,FALSE
Haplopteris_yakushimensis,NA,NA,NA,NA,NA,NA,NA,PV121164,NA,NA,NA,FALSE
Haplopteris_zosterifolia,NA,NA,NA,U21296,NA,NA,NA,NA,unjoined,NA,Phylogeny of the Vittariaceae: convergent simplification leads to a,FALSE
Hecistopteris_pumila,EF452097,EF452036,PX668032,KC984524,AY459171,AY459171,NA,NA,monophy,NA,NA,FALSE
Helminthostachys_zeylanica,NA,NA,NA,NA,NA,NA,NA,KM817788,NA,NA,NA,FALSE
Hemidictyum_marginatum,NA,NA,NA,NA,NA,NA,NA,MT130628,NA,NA,NA,FALSE
Hemionitis_levyi,NA,NA,NA,U27725,NA,NA,NA,NA,unjoined,NA,Phylogeny and generic circumscriptions of cheilanthoid ferns,FALSE
Hemionitis_palmata,MH170436,EF452037,NA,KC984525,NA,NA,NA,NA,monophy,NA,NA,FALSE
Hemionitis_rufa,PQ417625,NA,NA,PQ417491,NA,NA,NA,NA,monophy,NA,NA,FALSE
Hemionitis_tomentosa,PQ417626,NA,NA,AY357709,NA,NA,MW245814,NA,monophy,NA,NA,FALSE
Histiopteris_herbacea,NA,NA,NA,NA,NA,NA,NA,OP081129,NA,NA,NA,FALSE
Histiopteris_incisa,NA,NA,NA,NA,NA,NA,NA,MT130622,NA,NA,NA,FALSE
Histiopteris_stipulacea,NA,NA,NA,NA,NA,NA,NA,OP081108,NA,NA,NA,FALSE
Hiya_brooksiae,NA,NA,NA,NA,NA,NA,NA,OP081135,NA,NA,NA,FALSE
Hiya_distans,NA,NA,NA,MH918672,NA,NA,MT593239,NA,monophy,NA,NA,FALSE
Hiya_nigrescens,MH289674,NA,NA,MH289641,MH289703,MH289703,MT593240,NA,voucher,ms3626,NA,FALSE
Hiya_scabristipes,NA,NA,NA,PP560063,NA,NA,PP561207,NA,voucher,taifwade4710,NA,FALSE
Hoiokula_pendens,NA,NA,NA,MT657525,NA,NA,NA,NA,unjoined,krwood13758,Biogeography of Pacific pteridophytes in a global context,FALSE
Hoiokula_sandwicensis,NA,NA,NA,MT657526,NA,NA,NA,NA,unjoined,krwood16091,Biogeography of Pacific pteridophytes in a global context,FALSE
Hovenkampia_liebuschii,NA,NA,NA,NA,NA,NA,DQ642253,NA,unjoined,NA,NA,FALSE
Hovenkampia_schimperiana,NA,NA,NA,NA,NA,NA,NA,MW876325,NA,NA,NA,FALSE
Howeogrammitis_diminuta,NA,PV011909,NA,PV011899,PV011939,PV011939,PV011929,NA,voucher,mel2532361a,NA,FALSE
Hymenasplenium_amoenum,NA,NA,NA,NA,NA,NA,NA,PQ187894,NA,NA,NA,FALSE
Hymenasplenium_apogamum,NA,NA,NA,NA,NA,NA,NA,PQ187901,NA,NA,NA,FALSE
Hymenasplenium_cardiophyllum,NA,MH065454,NA,MH065387,MH065306,MH065306,MH065534,NA,voucher,sysu2,NA,FALSE
Hymenasplenium_cheilosorum,NA,NA,NA,NA,NA,NA,NA,PQ187910,NA,NA,NA,FALSE
Hymenasplenium_chingii,NA,NA,NA,NA,NA,NA,NA,PQ187913,NA,NA,NA,FALSE
Hymenasplenium_delitescens,NA,MH065522,NA,MH065443,MH065338,MH065338,MH065609,NA,voucher,jones1078,NA,FALSE
Hymenasplenium_distans,NA,MH065507,NA,NA,MH065335,MH065335,MH065591,NA,voucher,zhang6296,NA,FALSE
Hymenasplenium_excisum,NA,NA,NA,NA,NA,NA,NA,PQ187914,NA,NA,NA,FALSE
Hymenasplenium_filipes,NA,NA,NA,PP560990,NA,NA,PP561946,NA,voucher,taifhsu8903,NA,FALSE
Hymenasplenium_furfuraceum,NA,NA,NA,NA,NA,NA,NA,PQ187895,NA,NA,NA,FALSE
Hymenasplenium_guineense,NA,NA,NA,NA,PV134117,PV134117,PV134206,NA,voucher,jongkinddiabate,NA,FALSE
Hymenasplenium_hastifolium,NA,MH065469,NA,MH065398,MH065313,MH065313,MH065547,NA,monophy,NA,NA,FALSE
Hymenasplenium_hoffmannii,NA,MH065521,NA,MH065442,MH065337,MH065337,MH065608,NA,voucher,monroanddouglas3463,NA,FALSE
Hymenasplenium_hondoense,NA,NA,NA,MH884814,MH884833,MH884833,NA,NA,voucher,chang1062,NA,FALSE
Hymenasplenium_kenyense,NA,NA,NA,NA,NA,NA,PV134151,NA,unjoined,NA,NA,FALSE
Hymenasplenium_kinabaluense,NA,NA,NA,NA,PV134118,PV134118,PV134263,NA,voucher,chen4648,NA,FALSE
Hymenasplenium_laetum,NA,KM114105,NA,KJ628715,NA,NA,NA,NA,monophy,NA,NA,FALSE
Hymenasplenium_laterepens,NA,NA,NA,NA,NA,NA,NA,PQ187905,NA,NA,NA,FALSE
Hymenasplenium_latidens,NA,NA,NA,MW194204,MW194219,MW194219,NA,NA,voucher,chang1029,NA,FALSE
Hymenasplenium_madagascariense,NA,NA,NA,NA,NA,NA,PV134205,NA,unjoined,NA,NA,FALSE
Hymenasplenium_murakami-hatanakae,NA,NA,NA,NA,NA,NA,NA,PQ187900,NA,NA,NA,FALSE
Hymenasplenium_ngheanense,NA,MH065500,NA,MH065426,MH065331,MH065331,MH065583,NA,voucher,zhang6532,NA,FALSE
Hymenasplenium_nigricostatum,NA,NA,NA,PP560062,NA,NA,PP561206,NA,voucher,taifwade4702,NA,FALSE
Hymenasplenium_obliquissimum,NA,NA,NA,NA,NA,NA,NA,MT130674,NA,NA,NA,FALSE
Hymenasplenium_obscurum,NA,NA,NA,NA,NA,NA,NA,OM419355,NA,NA,NA,FALSE
Hymenasplenium_obtusidentatum,NA,NA,NA,NA,NA,NA,NA,PQ187908,NA,NA,NA,FALSE
Hymenasplenium_oligosorum,NA,NA,NA,NA,NA,NA,PV134208,NA,unjoined,NA,NA,FALSE
Hymenasplenium_phamhoanghoi,NA,MH065506,NA,MH065432,MH065334,MH065334,MH065590,NA,voucher,zhang8819,NA,FALSE
Hymenasplenium_praestans,NA,NA,NA,MT936350,NA,MT936351,MT936352,NA,voucher,gh01005665,NA,FALSE
Hymenasplenium_pseudobscurum,NA,NA,NA,MH884827,MH884836,MH884836,NA,NA,voucher,chang1010,NA,FALSE
Hymenasplenium_quangnamense,NA,MH065484,NA,MH065412,MH065355,MH065355,MH065568,NA,voucher,zhang7884,NA,FALSE
Hymenasplenium_quercicola,NA,NA,NA,MW194205,MW194220,MW194220,NA,NA,voucher,chang1064,NA,FALSE
Hymenasplenium_repandulum,NA,NA,NA,NA,PV134125,PV134125,PV134242,NA,voucher,rothfels5067,NA,FALSE
Hymenasplenium_riparium,NA,NA,NA,MW620413,NA,NA,NA,NA,unjoined,ericschuettpelz1801,NA,FALSE
Hymenasplenium_sabahense,NA,NA,NA,PP560061,NA,NA,PV134267,NA,monophy,NA,NA,FALSE
Hymenasplenium_samoaense,NA,NA,NA,NA,PV134126,PV134126,PV134275,NA,voucher,wood16952,NA,FALSE
Hymenasplenium_sinense,NA,NA,NA,NA,NA,NA,NA,PQ187911,NA,NA,NA,FALSE
Hymenasplenium_solomonense,NA,NA,NA,NA,PV134127,PV134127,PV134276,NA,voucher,lperriemrennerlrp7285,NA,FALSE
Hymenasplenium_speluncicola,NA,MH065509,NA,NA,MH065368,MH065368,MH065594,NA,voucher,zhang6035,NA,FALSE
Hymenasplenium_subnormale,NA,NA,NA,PP560539,NA,NA,PP561573,NA,voucher,taiflu26302,NA,FALSE
Hymenasplenium_szechuanense,NA,NA,NA,MW194206,MW194222,MW194222,NA,NA,voucher,chang1098,NA,FALSE
Hymenasplenium_tholiforme,NA,ON859871,NA,ON859868,NA,NA,ON859877,NA,monophy,NA,NA,FALSE
Hymenasplenium_triquetrum,NA,KT329388,NA,KT329398,NA,KT329411,NA,NA,voucher,lsylvestre2208,NA,FALSE
Hymenasplenium_unilaterale,NA,NA,NA,NA,NA,NA,NA,KY427350,NA,NA,NA,FALSE
Hymenasplenium_volubile,NA,NA,NA,MW138262,NA,NA,NA,NA,unjoined,jhnitta723,A taxonomic and molecular survey of the pteridophytes of the,FALSE
Hymenasplenium_wangpeishanii,NA,NA,NA,NA,NA,NA,NA,PQ187902,NA,NA,NA,FALSE
Hymenasplenium_wildii,NA,NA,NA,KP774927,KP851877,KP851877,KP851919,NA,voucher,djo246,NA,FALSE
Hymenasplenium_wusugongii,NA,NA,NA,NA,NA,NA,PV134217,NA,unjoined,NA,NA,FALSE
Hymenophyllum_acanthoides,NA,NA,NA,AB083282,GU200681,GU200681,NA,NA,voucher,ebiharakinabalu030,NA,FALSE
Hymenophyllum_acutum,NA,NA,NA,PP560521,NA,NA,PP561562,NA,voucher,taifzxc002788,NA,FALSE
Hymenophyllum_apiculatum,EF463748,EF463457,NA,AF275642,AY095131,AY095131,NA,NA,monophy,NA,NA,FALSE
Hymenophyllum_armstrongii,EF463749,EF463458,NA,AB162691,AY095128,AY095128,NA,NA,monophy,NA,NA,FALSE
Hymenophyllum_asperulum,NA,NA,NA,KY688277,KY688287,KY688287,NA,NA,voucher,silarsen164,NA,FALSE
Hymenophyllum_asplenioides,NA,NA,NA,MN266593,MN266502,MN266502,NA,NA,voucher,tnsdtvasquesdv20150008,NA,FALSE
Hymenophyllum_australe,NA,NA,NA,KC962155,NA,NA,KC986872,NA,voucher,bushblitz129,NA,FALSE
Hymenophyllum_badium,NA,NA,NA,PP559831,NA,NA,PP562293,NA,voucher,taifkuo3949,NA,FALSE
Hymenophyllum_baileyanum,EF463750,EF463459,NA,AB191441,AY095129,AY095129,NA,NA,monophy,NA,NA,FALSE
Hymenophyllum_balfourii,NA,NA,NA,KF992498,NA,NA,NA,NA,unjoined,frakotondrainibe6981,Evolutionary patterns in the assembly of fern diversity on the,FALSE
Hymenophyllum_barbatum,NA,NA,NA,NA,NA,NA,NA,OM419349,NA,NA,NA,FALSE
Hymenophyllum_bifurcatum,NA,NA,NA,PV441475,PV454652,PV454652,NA,NA,voucher,zuo2675,NA,FALSE
Hymenophyllum_bivalve,NA,NA,NA,AB496573,AB496593,AB496593,NA,NA,voucher,aebihara01121605,NA,FALSE
Hymenophyllum_blandum,NA,NA,NA,ON773829,ON773147,ON773147,NA,NA,voucher,kuo2377,NA,FALSE
Hymenophyllum_bradeanum,NA,NA,NA,NA,MW584888,MW584888,NA,NA,voucher,hucsgonzatti5280,NA,FALSE
Hymenophyllum_braithwaitei,NA,NA,NA,AB162686,MF144591,MF144591,NA,NA,voucher,ebihara00122504,NA,FALSE
Hymenophyllum_caespitosum,NA,NA,NA,AB191456,AY095130,AY095130,NA,NA,monophy,NA,NA,FALSE
Hymenophyllum_capense,NA,NA,NA,MF144681,NA,MF144618,NA,NA,voucher,rouhan1494,NA,FALSE
Hymenophyllum_capillare,NA,NA,NA,KF992499,NA,NA,NA,NA,unjoined,shennequinr31,Evolutionary patterns in the assembly of fern diversity on the,FALSE
Hymenophyllum_caudatum,NA,NA,NA,MT134945,MT134948,MT134948,NA,NA,voucher,biganzoli1843,NA,FALSE
Hymenophyllum_caudiculatum,NA,NA,NA,MT134942,MT134955,MT134955,NA,NA,voucher,gonzatti3235,NA,FALSE
Hymenophyllum_chamaecyparicola,NA,NA,NA,NA,ON773149,ON773149,NA,NA,voucher,zxc001438,NA,FALSE
Hymenophyllum_cocosense,NA,NA,NA,KM495203,NA,NA,NA,NA,unjoined,NA,A comparative analysis of island floras challenges taxonomy-based,FALSE
Hymenophyllum_consanguineum,NA,NA,NA,MW138294,NA,NA,NA,NA,unjoined,jhnitta118,A taxonomic and molecular survey of the pteridophytes of the,FALSE
Hymenophyllum_cordobense,NA,NA,NA,KY688279,KY688289,KY688289,NA,NA,voucher,silarsen107,NA,FALSE
Hymenophyllum_corrugatum,NA,NA,NA,PV454650,PV454651,PV454651,NA,NA,voucher,zuo2613,NA,FALSE
Hymenophyllum_crassipetiolatum,NA,NA,NA,NA,NA,NA,NA,OM419354,NA,NA,NA,FALSE
Hymenophyllum_crispatum,NA,NA,NA,PP560982,NA,NA,PP561937,NA,voucher,taifhsu7949,NA,FALSE
Hymenophyllum_crispum,NA,NA,NA,NA,MN257856,MN257856,NA,NA,voucher,hucsgonzatti2493,NA,FALSE
Hymenophyllum_cruentum,EF463751,EF463460,NA,AB191455,AY095133,AY095133,NA,NA,monophy,NA,NA,FALSE
Hymenophyllum_cuneatum,NA,NA,NA,AY775401,AY775415,AY775415,NA,NA,voucher,pdantonsn,NA,FALSE
Hymenophyllum_cupressiforme,NA,NA,NA,AB496560,AB496582,AB496582,NA,NA,voucher,aebihara01091501,NA,FALSE
Hymenophyllum_delicatulum,NA,NA,NA,NA,MN257857,MN257857,NA,NA,voucher,hucsgonzatti2607,NA,FALSE
Hymenophyllum_demissum,NA,NA,NA,KF113271,AY775416,AY775416,KF113288,NA,monophy,NA,NA,FALSE
Hymenophyllum_dentatum,NA,NA,NA,AB496563,AB496583,AB496583,NA,NA,voucher,aebihara02122205,NA,FALSE
Hymenophyllum_denticulatum,NA,NA,NA,ON773827,ON773146,ON773146,NA,NA,monophy,NA,NA,FALSE
Hymenophyllum_deplanchei,NA,NA,NA,MF144659,MF144595,MF144595,NA,NA,voucher,munzinger367,NA,FALSE
Hymenophyllum_devolii,NA,MN266840,NA,MN266660,MN266569,MF144616,NA,NA,monophy,NA,NA,FALSE
Hymenophyllum_dicranotrichum,NA,NA,NA,AB496562,GU200682,GU200682,NA,NA,publication,NA,"chromosome number evolution in hymenophyllum (hymenophyllaceae),",FALSE
Hymenophyllum_digitatum,NA,NA,NA,AY095114,AY095120,AY095120,NA,NA,voucher,jydubuissonhr199911,NA,FALSE
Hymenophyllum_dilatatum,EF463753,EF463462,NA,AB191444,AY095138,AY095138,NA,NA,monophy,NA,NA,FALSE
Hymenophyllum_dimidiatum,NA,NA,NA,AB064289,GU200683,GU200683,NA,NA,voucher,ebihara00122508,NA,FALSE
Hymenophyllum_ectocarpon,NA,NA,NA,MW138283,NA,NA,NA,NA,unjoined,jhnitta134,A taxonomic and molecular survey of the pteridophytes of the,FALSE
Hymenophyllum_elegans,NA,NA,NA,MW138286,NA,NA,NA,NA,unjoined,jhnitta129,A taxonomic and molecular survey of the pteridophytes of the,FALSE
Hymenophyllum_exquisitum,NA,NA,NA,PP561009,NA,NA,PP561965,NA,voucher,taifhsu11985,NA,FALSE
Hymenophyllum_exsertum,NA,NA,NA,NA,NA,NA,NA,PX673994,NA,NA,NA,FALSE
Hymenophyllum_falklandicum,NA,NA,NA,OQ969928,OQ973305,OQ973305,NA,NA,voucher,larsen128,NA,FALSE
Hymenophyllum_feejeense,NA,NA,NA,GU200663,GU200684,GU200684,NA,NA,voucher,jgamesn,NA,FALSE
Hymenophyllum_ferrugineum,NA,NA,NA,AB191445,AF537124,AF537124,NA,NA,monophy,NA,NA,FALSE
Hymenophyllum_fimbriatum,NA,NA,NA,PP560895,NA,NA,PP561841,NA,voucher,taiflu26263,NA,FALSE
Hymenophyllum_flabellatum,NA,NA,NA,AB083279,NA,NA,NA,NA,unjoined,ebihara01121602,"Hymenophyllum paniense (Hymenophyllaceae), A New Species of Filmy",FALSE
Hymenophyllum_flexuosum,NA,NA,NA,KF113275,DQ077943,DQ077943,KF113290,NA,monophy,NA,NA,FALSE
Hymenophyllum_fragile,NA,NA,NA,MF144665,MF144602,MF144602,NA,NA,voucher,almeida3358,NA,FALSE
Hymenophyllum_frankliniae,NA,NA,NA,AB496569,AB496590,AB496590,KF591322,NA,monophy,NA,NA,FALSE
Hymenophyllum_fuciforme,NA,NA,NA,AB191446,AY775418,AY775418,NA,NA,publication,NA,new insights into the phylogeny of the genus hymenophyllum s.l.,FALSE
Hymenophyllum_fucoides,NA,NA,NA,AB496575,AB496595,AB496595,NA,NA,voucher,aebihara04011901,NA,FALSE
Hymenophyllum_fujisanense,NA,NA,NA,NA,NA,NA,NA,PV121160,NA,NA,NA,FALSE
Hymenophyllum_fumarioides,NA,NA,NA,NA,NA,NA,NA,MN583335,NA,NA,NA,FALSE
Hymenophyllum_fuscum,NA,NA,NA,AB083285,AY775408,AY775408,NA,NA,monophy,NA,NA,FALSE
Hymenophyllum_gracilescens,NA,NA,NA,KC962154,NA,NA,KC986875,NA,voucher,bushblitz67,NA,FALSE
Hymenophyllum_heimii,NA,NA,NA,AY775404,AY775419,AY775419,NA,NA,voucher,frakotondrainibe6008,NA,FALSE
Hymenophyllum_hirsutum,NA,AF313538,NA,AF275645,AF313587,AF313587,NA,NA,voucher,mkessler9756,NA,FALSE
Hymenophyllum_holochilum,NA,NA,NA,NA,NA,NA,NA,PV121161,NA,NA,NA,FALSE
Hymenophyllum_humbertii,NA,NA,NA,MF144669,NA,MF144606,NA,NA,voucher,rouhan1635,NA,FALSE
Hymenophyllum_hygrometricum,NA,NA,NA,AY095113,AY095118,AY095118,NA,NA,voucher,jydubuissonhr199913,NA,FALSE
Hymenophyllum_imbricatum,NA,NA,NA,AB496566,AB496587,AB496587,NA,NA,voucher,smatsumoto01758,NA,FALSE
Hymenophyllum_inaequale,NA,NA,NA,AY095112,AY095122,AY095122,NA,NA,voucher,jydubuissonhr19999,NA,FALSE
Hymenophyllum_ivohibense,NA,NA,NA,MF144670,NA,MF144607,NA,NA,voucher,janssen2448,NA,FALSE
Hymenophyllum_javanicum,NA,NA,NA,KC962153,NA,NA,KC986876,NA,voucher,bushblitz66,NA,FALSE
Hymenophyllum_kuhnii,NA,NA,NA,AB496577,AB496597,AB496597,NA,NA,voucher,grouhan517,NA,FALSE
Hymenophyllum_lanceolatum,NA,NA,NA,MT657833,AY095119,AY095119,NA,NA,monophy,NA,NA,FALSE
Hymenophyllum_latifrons,NA,NA,NA,MF144672,MF144609,MF144609,NA,NA,voucher,chaussidon272007,NA,FALSE
Hymenophyllum_leratii,NA,NA,NA,AB191448,AY775421,AY775421,NA,NA,publication,NA,new insights into the phylogeny of the genus hymenophyllum s.l.,FALSE
Hymenophyllum_longissimum,NA,NA,NA,MH211069,MH211098,MH211098,NA,NA,voucher,tchsu5773,NA,FALSE
Hymenophyllum_lyallii,NA,NA,NA,AB162684,AB496589,AB496589,KF591336,NA,monophy,NA,NA,FALSE
Hymenophyllum_macgillivrayi,NA,NA,NA,MT657831,NA,NA,NA,NA,unjoined,gmplunkett2857,Biogeography of Pacific pteridophytes in a global context,FALSE
Hymenophyllum_malingii,NA,NA,NA,AB496568,GU200685,GU200685,NA,NA,publication,NA,"chromosome number evolution in hymenophyllum (hymenophyllaceae),",FALSE
Hymenophyllum_marginatum,NA,NA,NA,AB162692,AY775409,AY775409,NA,NA,monophy,NA,NA,FALSE
Hymenophyllum_maxonii,NA,NA,NA,PV007166,NA,NA,NA,NA,unjoined,danieltejerodiez5882,NA,FALSE
Hymenophyllum_megachilum,NA,NA,NA,NA,MW584886,MW584886,NA,NA,voucher,hucsgonzatti3140,NA,FALSE
Hymenophyllum_microcarpum,NA,NA,NA,AB083289,MN257868,MN257868,NA,NA,monophy,NA,NA,FALSE
Hymenophyllum_mikawanum,NA,NA,NA,MN266599,MN266508,MN266508,NA,NA,voucher,tnsaebiharasserizawahmiyazakiac20092172,NA,FALSE
Hymenophyllum_minimum,NA,NA,NA,AB496572,AB496592,AB496592,KT598693,NA,monophy,NA,NA,FALSE
Hymenophyllum_mnioides,NA,NA,NA,AB217849,DQ077944,DQ077944,NA,NA,publication,NA,new insights into the phylogeny of the genus hymenophyllum s.l.,FALSE
Hymenophyllum_multifidum,NA,NA,NA,KY099813,GU200686,GU200686,KT598694,NA,monophy,NA,NA,FALSE
Hymenophyllum_myriocarpum,NA,NA,NA,MN266623,MN266532,MN266532,NA,NA,voucher,tnsjnitta110,NA,FALSE
Hymenophyllum_neocaledonicum,NA,NA,NA,AB162685,MF144611,MF144611,NA,NA,voucher,ebihara00122806,NA,FALSE
Hymenophyllum_nephrophyllum,EF463758,EF463466,NA,NA,NA,NA,NA,NA,voucher,smith2606,NA,FALSE
Hymenophyllum_nitidulum,NA,NA,NA,AB162683,NA,NA,PP561962,NA,monophy,NA,NA,FALSE
Hymenophyllum_novoguineense,NA,NA,NA,MN266598,MN266507,MN266507,NA,NA,voucher,krjjohns9637,NA,FALSE
Hymenophyllum_obtusum,NA,NA,NA,MT657834,NA,NA,NA,NA,unjoined,krwood18278,Biogeography of Pacific pteridophytes in a global context,FALSE
Hymenophyllum_okadae,NA,NA,NA,ON773826,ON773145,ON773145,NA,NA,voucher,kuo2329,NA,FALSE
Hymenophyllum_oligosorum,NA,NA,NA,MH211073,MH211102,MH211102,NA,NA,voucher,tchsu5646,NA,FALSE
Hymenophyllum_ooides,NA,NA,NA,AB191449,NA,NA,NA,NA,unjoined,mha21589,New Insights into the Phylogeny of the Genus Hymenophyllum s.l.,FALSE
Hymenophyllum_pachydermicum,NA,NA,NA,ON773834,ON773152,ON773152,NA,NA,monophy,NA,NA,FALSE
Hymenophyllum_pallidum,NA,NA,NA,NA,NA,NA,NA,PV121162,NA,NA,NA,FALSE
Hymenophyllum_palmatifidum,NA,NA,NA,PP560977,NA,NA,PP561930,NA,voucher,taifhsu7150,NA,FALSE
Hymenophyllum_paniculiflorum,NA,NA,NA,MH211066,MH211095,MH211095,NA,NA,voucher,lykuo3551,NA,FALSE
Hymenophyllum_paniense,NA,NA,NA,AB083275,NA,NA,NA,NA,unjoined,ebihara00122502,"Hymenophyllum paniense (Hymenophyllaceae), A New Species of Filmy",FALSE
Hymenophyllum_parallelocarpum,NA,NA,NA,MH211071,MH211100,MH211100,NA,NA,voucher,tchsu6121,NA,FALSE
Hymenophyllum_paramnioides,NA,MW478756,MW478757,MW478758,MW478759,MW478759,NA,NA,voucher,chenwade5785,NA,FALSE
Hymenophyllum_pectinatum,NA,NA,NA,AB191450,AY095134,AY095134,NA,NA,monophy,NA,NA,FALSE
Hymenophyllum_peltatum,NA,NA,NA,AB496564,AB496585,AB496585,NA,NA,voucher,tarikawa298,NA,FALSE
Hymenophyllum_perrieri,NA,NA,NA,AB496578,AB496598,AB496598,NA,NA,voucher,grouhan456,NA,FALSE
Hymenophyllum_pilosissimum,NA,NA,NA,PP560535,NA,NA,PP561571,NA,voucher,taiflu25987,NA,FALSE
Hymenophyllum_plicatum,NA,NA,NA,AB496561,GU200688,GU200688,NA,NA,publication,NA,"chromosome number evolution in hymenophyllum (hymenophyllaceae),",FALSE
Hymenophyllum_plumosum,NA,NA,NA,NA,MN257869,MN257869,NA,NA,voucher,hucsgonzatti4372,NA,FALSE
Hymenophyllum_pluviatile,NA,NA,NA,KF113282,NA,NA,KF113301,NA,monophy,NA,NA,FALSE
Hymenophyllum_polyanthos,NA,NA,NA,NA,NA,NA,NA,MN583336,NA,NA,NA,FALSE
Hymenophyllum_poolii,NA,NA,NA,MF144682,NA,MF144619,NA,NA,voucher,rouhan1639,NA,FALSE
Hymenophyllum_praetervisum,NA,NA,NA,MT657832,NA,NA,NA,NA,unjoined,krwood17045,Biogeography of Pacific pteridophytes in a global context,FALSE
Hymenophyllum_pulchellum,NA,NA,NA,OP711058,NA,NA,NA,NA,unjoined,canekledesma20433,NA,FALSE
Hymenophyllum_pulcherrimum,NA,NA,NA,AB191451,AY775426,AY775426,NA,NA,publication,NA,new insights into the phylogeny of the genus hymenophyllum s.l.,FALSE
Hymenophyllum_pumilio,NA,NA,NA,KT598700,NA,NA,KT598696,NA,monophy,NA,NA,FALSE
Hymenophyllum_pumilum,NA,NA,NA,AB496574,AB496594,AB496594,NA,NA,voucher,aebihara04012601,NA,FALSE
Hymenophyllum_punctisorum,NA,NA,NA,MH211052,MH211081,MH211081,NA,NA,voucher,tchsu3253,NA,FALSE
Hymenophyllum_rarum,NA,MN266853,NA,AB496571,GU200689,GU200689,NA,NA,monophy,NA,NA,FALSE
Hymenophyllum_recurvum,NA,NA,NA,MT657835,NA,MF144620,NA,NA,monophy,NA,NA,FALSE
Hymenophyllum_revolutum,NA,NA,NA,GU200666,GU200690,GU200690,NA,NA,voucher,dcallensn,NA,FALSE
Hymenophyllum_riukiuense,NA,NA,NA,AB574723,NA,NA,NA,NA,unjoined,tns1108358,Molecular species identification with rich floristic sampling: DNA,FALSE
Hymenophyllum_rolandi-principis,NA,NA,NA,AY095110,AY095143,AY095143,NA,NA,voucher,hvanderwerff16045,NA,FALSE
Hymenophyllum_rufescens,NA,NA,NA,AB496570,AB496591,AB496591,NA,NA,voucher,aebihara01122108,NA,FALSE
Hymenophyllum_rufum,NA,NA,NA,NA,MN257871,MN257871,NA,NA,voucher,hucsgonzatti2827,NA,FALSE
Hymenophyllum_rugosum,NA,NA,NA,GU200667,GU200691,GU200691,NA,NA,voucher,pdantonsn,NA,FALSE
Hymenophyllum_saenzianum,NA,NA,NA,MW138288,NA,NA,NA,NA,unjoined,jhnitta127,A taxonomic and molecular survey of the pteridophytes of the,FALSE
Hymenophyllum_sanguinolentum,NA,NA,NA,AB191452,AY775427,AY775427,NA,NA,publication,NA,new insights into the phylogeny of the genus hymenophyllum s.l.,FALSE
Hymenophyllum_scabrum,NA,NA,NA,AB083278,NA,NA,NA,NA,unjoined,ebihara01122305,"Hymenophyllum paniense (Hymenophyllaceae), A New Species of Filmy",FALSE
Hymenophyllum_schomburgkii,NA,MW923797,NA,MW923811,NA,NA,NA,NA,voucher,hucsgonzatti3873,NA,FALSE
Hymenophyllum_secundum,NA,NA,NA,AF275648,AY095125,AY095125,NA,NA,voucher,wctaylor6075,NA,FALSE
Hymenophyllum_semialatum,NA,NA,NA,NA,NA,NA,NA,PV121163,NA,NA,NA,FALSE
Hymenophyllum_semiglabrum,NA,NA,NA,MW138134,NA,NA,NA,NA,unjoined,jhnitta2315,A taxonomic and molecular survey of the pteridophytes of the,FALSE
Hymenophyllum_serrulatum,NA,NA,NA,AB496565,AB496586,AB496586,NA,NA,voucher,aebihara000223009,NA,FALSE
Hymenophyllum_seselifolium,NA,NA,NA,MF144679,MF144617,MF144617,NA,NA,voucher,salino14739,NA,FALSE
Hymenophyllum_sibthorpioides,NA,NA,NA,NA,NA,NA,NA,OM419366,NA,NA,NA,FALSE
Hymenophyllum_sieberi,NA,NA,NA,MW138285,NA,NA,NA,NA,unjoined,jhnitta130,A taxonomic and molecular survey of the pteridophytes of the,FALSE
Hymenophyllum_simonsianum,NA,NA,NA,PP559849,ON773150,ON773150,PP562360,NA,monophy,NA,NA,FALSE
Hymenophyllum_soriemersum,NA,NA,NA,MF144661,MF144598,MF144598,NA,NA,voucher,mackee21864,NA,FALSE
Hymenophyllum_splendidum,NA,NA,NA,MF144684,NA,NA,NA,NA,unjoined,deblauwe228,Origins of the fern genus Hymenophyllum (Hymenophyllaceae) in New,FALSE
Hymenophyllum_sturmii,NA,MW923805,NA,MW923816,NA,NA,NA,NA,voucher,hucsgonzatti3869,NA,FALSE
Hymenophyllum_subobtusum,NA,NA,NA,AB083288,NA,NA,NA,NA,unjoined,ebihara00122506,"Hymenophyllum paniense (Hymenophyllaceae), A New Species of Filmy",FALSE
Hymenophyllum_taiwanense,NA,NA,NA,PP560997,NA,NA,PP561954,NA,voucher,taifhsu10190,NA,FALSE
Hymenophyllum_tomaniiviense,NA,NA,NA,NA,NA,MF144621,NA,NA,unjoined,NA,NA,FALSE
Hymenophyllum_tortuosum,NA,NA,NA,GU200668,GU200692,GU200692,NA,NA,voucher,bhoshizakisn,NA,FALSE
Hymenophyllum_trapezoidale,NA,NA,NA,PV007167,NA,NA,NA,NA,unjoined,danieltejerodiez5878,NA,FALSE
Hymenophyllum_triangulare,NA,NA,NA,MF144685,NA,MF144622,NA,NA,voucher,deblauwe260,NA,FALSE
Hymenophyllum_trichophyllum,NA,NA,NA,NA,MN257872,MN257872,NA,NA,voucher,hucsgonzatti3636,NA,FALSE
Hymenophyllum_trifoliatum,NA,NA,NA,MF144673,MF144610,MF144610,NA,NA,monophy,NA,NA,FALSE
Hymenophyllum_tunbrigense,NA,NA,NA,AB496576,AB496596,AB496596,NA,NA,voucher,grouhan505,NA,FALSE
Hymenophyllum_undulatum,NA,NA,NA,MN266653,MN266562,MN266562,NA,NA,voucher,huhjnittaanddavidbarrington2019,NA,FALSE
Hymenophyllum_vestitum,NA,NA,NA,NA,MN257877,MN257877,NA,NA,voucher,hucsgonzatti4177,NA,FALSE
Hymenophyllum_villosum,NA,NA,NA,AB191454,AY775429,AY775429,NA,NA,publication,NA,new insights into the phylogeny of the genus hymenophyllum s.l.,FALSE
Hymenophyllum_viridissimum,NA,MW923801,NA,MW923815,NA,NA,NA,NA,voucher,hucsgonzatti4060,NA,FALSE
Hymenophyllum_wilsonii,NA,NA,NA,GU200669,GU200693,GU200693,NA,NA,voucher,fkatzer1,NA,FALSE
Hymenophyllum_wrightii,NA,NA,NA,NA,NA,NA,NA,MN583337,NA,NA,NA,FALSE
Hypodematium_angustifolium,NA,NA,NA,NA,NA,NA,NA,PZ609847,NA,NA,NA,FALSE
Hypodematium_boonkerdii,NA,MZ957451,MZ957548,MZ957219,MZ957668,MZ957668,MZ957341,NA,voucher,bcuboonkerd2011695,NA,FALSE
Hypodematium_brevipilosum,NA,MZ957089,MZ957531,MZ957203,MZ957651,MZ957651,MZ957324,NA,voucher,cdbixpfan44,NA,FALSE
Hypodematium_chrysolepis,NA,MZ957069,MZ957512,MZ957183,MZ957630,MZ957630,MZ957302,NA,voucher,monkilian2923,NA,FALSE
Hypodematium_confertivillosum,NA,MZ957059,NA,MZ957168,MZ957615,MZ957615,MZ957286,NA,voucher,sdcmjxli02025,NA,FALSE
Hypodematium_crenatum,NA,NA,NA,NA,NA,NA,NA,MT130540,NA,NA,NA,FALSE
Hypodematium_daochengense,NA,MZ957072,MZ957515,MZ957187,MZ957634,MZ957634,MZ957306,NA,voucher,cdbilzhang1658,NA,FALSE
Hypodematium_delicatulum,NA,MZ957066,MZ957505,MZ957176,MZ957623,MZ957623,MZ957294,NA,voucher,ucusacastone2641,NA,FALSE
Hypodematium_eglandulosum,NA,MZ957097,MZ957539,MZ957211,MZ957659,MZ957659,MZ957332,NA,voucher,cdbilbzhang6920,NA,FALSE
Hypodematium_fordii,NA,MZ957064,MZ957503,MZ957174,MZ957621,MZ957621,MZ957292,NA,voucher,cdbixpfan05,NA,FALSE
Hypodematium_glabrum,NA,MZ957091,MZ957533,MZ957205,MZ957653,MZ957653,MZ957326,NA,voucher,cdbixpfan109,NA,FALSE
Hypodematium_glandulosopilosum,NA,MZ957040,MZ957480,MZ957148,MZ957596,MZ957596,MZ957266,NA,voucher,cdbixpfan70,NA,FALSE
Hypodematium_glandulosum,NA,MZ957051,MZ957490,MZ957159,MZ957606,MZ957606,MZ957277,NA,voucher,ctshhe1333,NA,FALSE
Hypodematium_gracile,NA,MZ957057,MZ957496,MZ957166,MZ957613,MZ957613,MZ957284,NA,voucher,cdbixpfan7b,NA,FALSE
Hypodematium_hirsutum,NA,MZ957928,MZ957840,MZ957796,MZ957751,MZ957751,MZ957705,NA,voucher,cdbixpfan104,NA,FALSE
Hypodematium_parvisorum,NA,MZ957094,MZ957536,MZ957208,MZ957656,MZ957656,MZ957329,NA,voucher,cdbixpfan62,NA,FALSE
Hypodematium_ryukyuense,NA,MZ957049,MZ957489,MZ957157,MZ957605,MZ957605,MZ957275,NA,voucher,tnstns763905,NA,FALSE
Hypodematium_shingii,NA,MZ957107,MZ957550,MZ957221,MZ957671,MZ957671,MZ957344,NA,voucher,knapp4166,NA,FALSE
Hypodematium_sinense,NA,MZ957923,MZ957835,MZ957791,MZ957746,MZ957746,MZ957700,NA,voucher,cdbixpfan69,NA,FALSE
Hypodematium_squamulosopilosum,NA,MZ957920,MZ957832,MZ957788,MZ957743,MZ957743,MZ957697,NA,voucher,cdbixpfan133,NA,FALSE
Hypodematium_subglabrum,NA,MZ957093,MZ957535,MZ957207,MZ957655,MZ957655,MZ957328,NA,voucher,cdbixpfan58,NA,FALSE
Hypodematium_truncatum,NA,MZ957090,MZ957532,MZ957204,MZ957652,MZ957652,MZ957325,NA,voucher,cdbixpfan42,NA,FALSE
Hypodematium_villosum,NA,MZ957054,MZ957493,MZ957162,MZ957609,MZ957609,MZ957280,NA,voucher,cdbixpfan02,NA,FALSE
Hypoderris_brauniana,NA,NA,NA,NA,NA,NA,NA,PV137968,NA,NA,NA,FALSE
Hypoderris_brownii,KF898001,NA,NA,KF887164,NA,NA,KF897949,NA,voucher,recartfalcon95,NA,FALSE
Hypoderris_nicotianifolia,NA,NA,NA,KF667654,NA,KF667569,KF667627,NA,monophy,NA,NA,FALSE
Hypolepis_acantha,NA,NA,NA,NA,NA,MT559734,MT593244,NA,voucher,schwartsburd2279,NA,FALSE
Hypolepis_alpina,NA,NA,NA,NA,NA,NA,NA,OP081110,NA,NA,NA,FALSE
Hypolepis_ambigua,NA,NA,NA,NA,NA,NA,MT593245,NA,unjoined,NA,NA,FALSE
Hypolepis_barringtonii,NA,NA,NA,NA,NA,NA,MT593250,NA,unjoined,NA,NA,FALSE
Hypolepis_blepharochlaena,MH289676,NA,NA,MH289630,MH289706,MH289706,MT593251,NA,voucher,ms4069,NA,FALSE
Hypolepis_crassa,NA,NA,NA,NA,NA,MT559738,MT593252,NA,voucher,sundue2600,NA,FALSE
Hypolepis_dicksonioides,NA,NA,NA,KY099814,NA,NA,NA,NA,unjoined,nitta260,Life cycle matters: DNA barcoding reveals contrasting community,FALSE
Hypolepis_elegans,NA,NA,NA,KT983825,NA,NA,NA,NA,unjoined,weltp026232,An expanded phylogeny of the Dennstaedtiaceae ferns: Oenotrichia,FALSE
Hypolepis_flexuosa,NA,NA,NA,NA,NA,NA,MT593256,NA,unjoined,NA,NA,FALSE
Hypolepis_galapagensis,NA,NA,NA,NA,NA,MT593219,MT593257,NA,voucher,werff955,NA,FALSE
Hypolepis_grandis,NA,NA,NA,MW138239,NA,NA,NA,NA,unjoined,jhnitta758,A taxonomic and molecular survey of the pteridophytes of the,FALSE
Hypolepis_hawaiiensis,NA,NA,NA,MT657709,NA,NA,NA,NA,unjoined,krwood17921,Biogeography of Pacific pteridophytes in a global context,FALSE
Hypolepis_hostilis,NA,NA,NA,NA,NA,MT593220,MT593260,NA,voucher,mcdaniel32914,NA,FALSE
Hypolepis_millefolium,NA,NA,NA,EF469956,NA,NA,NA,NA,unjoined,weltp20798lrp3029,Molecular evidence for long-distance dispersal in the New Zealand,FALSE
Hypolepis_muelleri,NA,NA,NA,U05927,NA,NA,NA,NA,unjoined,NA,Phylogenetic relationships of dennstaedtioid ferns: evidence from,FALSE
Hypolepis_pallida,NA,NA,NA,PP560346,NA,NA,PP561442,NA,voucher,taifwade6073,NA,FALSE
Hypolepis_parallelogramma,NA,NA,NA,NA,NA,MT559743,MT593267,NA,voucher,rodriguez5090,NA,FALSE
Hypolepis_paulistana,NA,NA,NA,NA,NA,MT593229,MT593302,NA,voucher,schwartsburd2298,NA,FALSE
Hypolepis_pedropaloensis,NA,NA,NA,OK092547,NA,OK092486,OK092359,NA,voucher,latriana1011,NA,FALSE
Hypolepis_poeppigii,NA,NA,NA,NA,NA,MT563107,NA,NA,unjoined,NA,NA,FALSE
Hypolepis_polypodioides,MH289658,NA,NA,MG944783,MH289690,MH289690,MG944802,NA,voucher,siws28,NA,FALSE
Hypolepis_punctata,NA,NA,NA,NA,NA,NA,NA,OP081123,NA,NA,NA,FALSE
Hypolepis_repens,NA,NA,NA,NA,NA,NA,NA,OP081118,NA,NA,NA,FALSE
Hypolepis_resistens,NA,NA,NA,NA,NA,NA,NA,OP168858,NA,NA,NA,FALSE
Hypolepis_rigescens,NA,NA,NA,NA,NA,MT563104,MT593275,NA,voucher,schwartsburdvv231,NA,FALSE
Hypolepis_rugosula,NA,NA,NA,NA,NA,NA,NA,OP081125,NA,NA,NA,FALSE
Hypolepis_sparsisora,NA,NA,NA,NA,NA,NA,NA,MN542894,NA,NA,NA,FALSE
Hypolepis_stolonifera,NA,NA,NA,MT633751,NA,MT593226,MT593293,NA,voucher,schwartsburd3823,NA,FALSE
Hypolepis_stuebelii,NA,NA,NA,NA,NA,MT593228,MT593297,NA,voucher,smith2847,NA,FALSE
Hypolepis_tenuifolia,MH289669,EF463375,NA,U18634,MH289701,MH289701,PP561898,NA,monophy,NA,NA,FALSE
Hypolepis_trichochlaena,NA,NA,NA,NA,NA,MT563117,MT593299,NA,voucher,sundue5040,NA,FALSE
Hypolepis_viscosa,NA,NA,NA,OK092548,NA,OK092487,OK092360,NA,voucher,latriana1012,NA,FALSE
Hypolepis_woodii,NA,NA,NA,MT633746,NA,NA,MT593301,NA,voucher,teran2526,NA,FALSE
Icarus_filiformis,NA,NA,NA,KF975789,KF975745,KF975745,DQ683386,NA,monophy,NA,NA,FALSE
Jamesonia_alstonii,KJ416273,NA,NA,KJ416329,KJ416356,KJ416356,NA,NA,voucher,moran8248,NA,FALSE
Jamesonia_blepharum,KJ416274,NA,NA,EF452154,KJ416357,KJ416357,NA,NA,voucher,schuettpelz269,NA,FALSE
Jamesonia_bogotensis,NA,NA,NA,NA,AF321740,AF321740,NA,NA,monophy,NA,NA,FALSE
Jamesonia_brasiliensis,NA,NA,NA,NA,NA,NA,NA,MH173077,NA,NA,NA,FALSE
Jamesonia_canescens,NA,NA,NA,AY168710,NA,NA,NA,NA,unjoined,sanchezbaracaldo332uc,Molecular Phylogenetics of Anogramma Species and Related Genera,FALSE
Jamesonia_cheilanthoides,EF452095,EF452034,NA,EF452152,NA,NA,NA,NA,voucher,moran7579,NA,FALSE
Jamesonia_cinnamomea,NA,NA,NA,NA,AF321735,AF321735,NA,NA,voucher,sanchezbaracado304,NA,FALSE
Jamesonia_congesta,KJ416277,NA,NA,KJ416332,KJ416360,KJ416360,NA,NA,voucher,grusz08036,NA,FALSE
Jamesonia_cuatrecasasii,NA,NA,NA,NA,AF321718,AF321718,NA,NA,voucher,cuadros2708,NA,FALSE
Jamesonia_elongata,KM007561,KM007678,NA,KJ416333,KM007791,KJ416361,KM008018,NA,voucher,rothfels3602,NA,FALSE
Jamesonia_flexuosa,KM007562,KM007680,NA,KJ416334,KM007793,KM007793,KM008020,NA,voucher,rothfels08042,NA,FALSE
Jamesonia_goudotii,KM007565,KM007682,NA,KM008134,KM007795,KM007795,KM008022,NA,voucher,rothfels3694,NA,FALSE
Jamesonia_hirsutula,NA,NA,NA,NA,AF321737,AF321737,NA,NA,voucher,sanchezbaracado276,NA,FALSE
Jamesonia_hirta,KM007564,KM007681,NA,KM008133,KM007794,KM007794,KM008021,NA,voucher,rothfels3668,NA,FALSE
Jamesonia_hispidula,NA,NA,NA,NA,AF321716,AF321716,NA,NA,voucher,sanchezbaracado281,NA,FALSE
Jamesonia_imbricata,NA,NA,NA,NA,AF321755,AF321755,NA,NA,voucher,sanchezbaracado229,NA,FALSE
Jamesonia_insignis,NA,NA,NA,NA,AF321708,AF321708,NA,NA,voucher,salino3010,NA,FALSE
Jamesonia_laxa,NA,NA,NA,NA,AF321763,AF321763,NA,NA,voucher,sanchezbaracado348,NA,FALSE
Jamesonia_lindigii,NA,NA,NA,NA,AF321717,AF321717,NA,NA,voucher,sanchezbaracado243,NA,FALSE
Jamesonia_longipetiolata,NA,NA,NA,NA,AF321727,AF321727,NA,NA,voucher,clark2194,NA,FALSE
Jamesonia_maxonii,KT722753,NA,NA,KT722755,KT722756,KT722756,NA,NA,publication,NA,nephopteris out of the clouds: molecular evidence places the,FALSE
Jamesonia_novogranatensis,NA,NA,NA,NA,AF321725,AF321725,NA,NA,voucher,sanchezbaracado278,NA,FALSE
Jamesonia_osteniana,NA,NA,NA,AY168711,NA,NA,NA,NA,unjoined,sehnemsn11572ind,Molecular Phylogenetics of Anogramma Species and Related Genera,FALSE
Jamesonia_peruviana,NA,NA,NA,NA,AF321733,AF321733,NA,NA,voucher,kessler2925,NA,FALSE
Jamesonia_pulchra,NA,NA,NA,NA,AF321745,AF321745,NA,NA,voucher,sanchezbaracado295,NA,FALSE
Jamesonia_rotundifolia,KJ416282,NA,NA,KJ416337,KJ416365,KJ416365,NA,NA,voucher,sundue1357,NA,FALSE
Jamesonia_rufescens,NA,NA,NA,NA,AF321720,AF321720,NA,NA,voucher,leon1,NA,FALSE
Jamesonia_scammaniae,KM007566,KM007683,NA,KJ416338,KJ416366,KM007796,KM008023,NA,voucher,rothfels2631,NA,FALSE
Jamesonia_setulosa,NA,NA,NA,NA,AF321721,AF321721,NA,NA,voucher,sanchezbaracado287,NA,FALSE
Jamesonia_verticalis,KM007567,KM007684,NA,KJ416339,KM007797,KM007797,KM008024,NA,voucher,rothfels3638,NA,FALSE
Jamesonia_warscewiczii,KJ416285,NA,NA,KJ416340,KJ416368,KJ416368,NA,NA,voucher,grusz08039,NA,FALSE
Japanobotrychium_chamaeconium,NA,NA,NA,DQ849188,NA,NA,NA,NA,unjoined,NA,A Phylogenetic Investigation of Botrychium s. s. (Ophioglossaceae):,FALSE
Japanobotrychium_lanuginosum,NA,NA,NA,NA,NA,NA,NA,MZ727567,NA,NA,NA,FALSE
Kirkpatrickia_breweri,EU268764,NA,NA,EU268808,DQ914079,EU831113,DQ914179,NA,monophy,NA,NA,FALSE
Lastreopsis_abscondita,NA,NA,NA,MW183340,PX223379,PX223379,MW183345,NA,monophy,NA,NA,FALSE
Lastreopsis_amplissima,NA,NA,NA,KJ464434,NA,KJ464676,KJ464606,NA,monophy,NA,NA,FALSE
Lastreopsis_davallioides,NA,NA,NA,KY886934,PX223381,PX223381,MW183354,NA,monophy,NA,NA,FALSE
Lastreopsis_decomposita,NA,NA,NA,KJ464439,NA,KJ464684,NA,NA,voucher,kessler14191,NA,FALSE
Lastreopsis_hispida,EF463708,EF463424,NA,EF463207,NA,KJ464692,KJ464615,NA,voucher,schneidersn,NA,FALSE
Lastreopsis_killipii,NA,NA,NA,KJ464448,NA,KJ464693,NA,NA,voucher,altamirano952,NA,FALSE
Lastreopsis_marginans,NA,NA,NA,KJ464450,NA,KJ464695,KJ464616,NA,voucher,kessler14354,NA,FALSE
Lastreopsis_poecilophlebia,KP164480,KP164487,NA,KJ464424,NA,KJ464665,KJ464595,NA,monophy,NA,NA,FALSE
Lastreopsis_silvestris,NA,NA,NA,NA,NA,KJ464713,NA,NA,unjoined,NA,NA,FALSE
Lastreopsis_subrecedens,NA,NA,NA,NA,NA,NA,NA,OR530053,NA,NA,NA,FALSE
Lastreopsis_subsericea,NA,NA,NA,KY886941,PX223388,PX223388,MW183351,NA,monophy,NA,NA,FALSE
Lastreopsis_tenera,NA,NA,NA,KJ464467,NA,KJ464717,KJ464636,NA,voucher,collunkn,NA,FALSE
Lastreopsis_tripinnata,KP164482,KP164489,NA,KJ464492,NA,KJ464740,NA,NA,monophy,NA,NA,FALSE
Lastreopsis_velutina,NA,NA,NA,KY886943,PX223390,PX223390,MW183353,NA,monophy,NA,NA,FALSE
Lastreopsis_vieillardii,NA,NA,NA,MW183343,PX223391,PX223391,MW183350,NA,voucher,weltp028699,NA,FALSE
Lastreopsis_walleri,NA,NA,NA,KJ464472,NA,KJ464723,NA,NA,publication,NA,phylogeny and historical biogeography of the lastreopsid ferns,FALSE
Lastreopsis_wurunuran,NA,NA,NA,KJ464475,NA,KJ464725,NA,NA,monophy,NA,NA,FALSE
Lecanopteris_balgooyi,NA,NA,NA,NA,NA,NA,NA,PP496839,NA,NA,NA,FALSE
Lecanopteris_carnosa,NA,NA,NA,NA,NA,NA,NA,PP496851,NA,NA,NA,FALSE
Lecanopteris_celebica,NA,NA,NA,NA,NA,NA,NA,PP496850,NA,NA,NA,FALSE
Lecanopteris_crustacea,NA,NA,NA,NA,NA,NA,NA,PP496833,NA,NA,NA,FALSE
Lecanopteris_darnaedii,NA,NA,NA,NA,NA,NA,NA,PP496844,NA,NA,NA,FALSE
Lecanopteris_deparioides,NA,NA,NA,NA,NA,NA,NA,PP496836,NA,NA,NA,FALSE
Lecanopteris_holttumii,NA,NA,NA,NA,NA,NA,NA,PP496842,NA,NA,NA,FALSE
Lecanopteris_lomarioides,NA,NA,NA,NA,NA,NA,NA,PP496852,NA,NA,NA,FALSE
Lecanopteris_luzonensis,NA,NA,NA,NA,NA,NA,NA,PP496854,NA,NA,NA,FALSE
Lecanopteris_mirabilis,NA,NA,NA,NA,NA,NA,NA,PP496835,NA,NA,NA,FALSE
Lecanopteris_pumila,NA,NA,NA,NA,NA,NA,NA,PP496838,NA,NA,NA,FALSE
Lecanopteris_sinuosa,NA,NA,NA,NA,NA,NA,NA,PP496848,NA,NA,NA,FALSE
Lecanopteris_spinosa,NA,NA,NA,NA,NA,NA,NA,PP496840,NA,NA,NA,FALSE
Lellingeria_affinis,NA,GU376570,NA,GU386982,NA,GU387044,GU387212,NA,voucher,jimenez368,NA,FALSE
Lellingeria_apiculata,NA,GU376573,NA,GU387025,NA,GU387047,GU387215,NA,voucher,labiak4223,NA,FALSE
Lellingeria_bishopii,NA,GU376574,NA,GU476878,NA,GU387048,GU387216,NA,voucher,sundue1159,NA,FALSE
Lellingeria_brenesii,NA,GU376609,NA,GU387039,NA,GU387091,GU387254,NA,voucher,valdespino345,NA,FALSE
Lellingeria_brevistipes,NA,NA,NA,NA,NA,NA,NA,MZ357088,NA,NA,NA,FALSE
Lellingeria_calolepis,NA,GU376577,NA,GU386979,NA,GU387051,GU387219,NA,voucher,jimenez1731,NA,FALSE
Lellingeria_cantarensis,NA,MZ147036,NA,MZ147035,NA,MZ147034,MZ147039,NA,monophy,NA,NA,FALSE
Lellingeria_ciliolepis,NA,GU376578,NA,GU387016,NA,GU387052,GU387220,NA,voucher,labiak2904,NA,FALSE
Lellingeria_depressa,NA,GU376579,NA,GU387017,NA,GU387053,GU387221,NA,voucher,labiak3570,NA,FALSE
Lellingeria_dissimulans,NA,GU376580,NA,GU387043,NA,GU387054,GU387222,NA,voucher,willians40423,NA,FALSE
Lellingeria_flagellipinnata,NA,GU376581,NA,GU387015,NA,GU387055,GU387223,NA,voucher,labiak2866,NA,FALSE
Lellingeria_hombersleyi,NA,NA,NA,MW138141,NA,NA,NA,NA,unjoined,jhnitta1867,A taxonomic and molecular survey of the pteridophytes of the,FALSE
Lellingeria_humilis,NA,GU476763,NA,GU476897,NA,NA,GU476649,NA,voucher,sunduevasco1289,NA,FALSE
Lellingeria_isidrensis,NA,GU376586,NA,GU387042,NA,GU387061,GU387228,NA,voucher,wagner83020,NA,FALSE
Lellingeria_itatimensis,NA,GU376587,NA,GU387020,NA,GU387062,GU387229,NA,voucher,labiak3872,NA,FALSE
Lellingeria_jimenezii,NA,GU376589,NA,GU386986,NA,GU387064,GU387230,NA,voucher,lehnert466,NA,FALSE
Lellingeria_kaieteura,NA,GU376590,NA,GU386978,NA,GU387065,GU387231,NA,voucher,hombersley120,NA,FALSE
Lellingeria_major,NA,GU376592,NA,GU476876,NA,GU387069,GU387233,NA,voucher,sundue1147,NA,FALSE
Lellingeria_melanotrichia,NA,GU376593,NA,GU386973,NA,GU387070,GU387234,NA,voucher,contreras300,NA,FALSE
Lellingeria_oreophila,NA,GU386919,NA,GU386974,NA,GU387080,GU387243,NA,voucher,contreras159,NA,FALSE
Lellingeria_paramicola,NA,GU376601,NA,GU387014,NA,GU387081,GU387244,NA,voucher,ollgaard8403,NA,FALSE
Lellingeria_pendula,NA,GU376602,NA,GU387036,NA,GU387083,GU387246,NA,voucher,proctor20310,NA,FALSE
Lellingeria_phlegmaria,NA,GU376603,NA,GU387008,NA,GU387084,GU387247,NA,voucher,sundue1345,NA,FALSE
Lellingeria_pseudocapillaris,NA,GU376607,NA,GU386983,NA,GU387088,GU387251,NA,voucher,laegaard20186,NA,FALSE
Lellingeria_reunionensis,NA,NA,NA,HQ599526,NA,NA,NA,NA,unjoined,pfrarakotondrainibe6882,New insights into the phylogeny and historical biogeography of the,FALSE
Lellingeria_simacensis,NA,GU376610,NA,GU387001,NA,GU387092,GU387255,NA,voucher,sundue1169,NA,FALSE
Lellingeria_subimpressa,NA,GU376611,NA,GU386967,NA,GU387093,GU387256,NA,voucher,arauz368,NA,FALSE
Lellingeria_subsessilis,NA,GU376613,NA,GU386997,NA,GU387095,GU387258,NA,voucher,sundue1139,NA,FALSE
Lellingeria_suprasculpta,NA,GU376614,NA,GU386987,NA,GU387096,GU387259,NA,voucher,lellinger989,NA,FALSE
Lellingeria_suspensa,NA,GU376617,NA,GU386976,NA,GU387099,GU387262,NA,voucher,granville15398,NA,FALSE
Lellingeria_tamandarei,NA,GU376621,NA,GU387027,NA,GU387103,GU387266,NA,voucher,labiak4430,NA,FALSE
Lellingeria_tenuicula,NA,GU376622,NA,GU386977,NA,GU387104,GU387267,NA,voucher,hill28165,NA,FALSE
Lellingeria_tmesipteris,NA,NA,NA,MK319112,NA,NA,MK319010,NA,voucher,evanslellingerbowes171,NA,FALSE
Lepisorus_accedens,NA,KX891382,NA,KX891368,NA,NA,KX891354,NA,voucher,kuo2072kuoly,NA,FALSE
Lepisorus_affinis,NA,NA,NA,NA,NA,NA,NA,MT130664,NA,NA,NA,FALSE
Lepisorus_alberti,NA,GQ256130,NA,GQ256292,GQ256366,GQ256366,GQ256217,NA,voucher,mzwang60667,NA,FALSE
Lepisorus_angustus,NA,GQ256127,NA,GQ256290,GQ256364,GQ256364,GQ256214,NA,voucher,zhshens25,NA,FALSE
Lepisorus_annamensis,NA,GQ256079,NA,GQ256252,GQ256324,GQ256324,GQ256166,NA,voucher,dli873,NA,FALSE
Lepisorus_annuifrons,NA,GQ256089,NA,GQ256258,GQ256331,GQ256331,GQ256176,NA,monophy,NA,NA,FALSE
Lepisorus_asterolepis,NA,GQ256090,NA,GQ256259,GQ256332,GQ256332,GQ256177,NA,voucher,zhang5171,NA,FALSE
Lepisorus_bicolor,NA,GQ256092,NA,GQ256261,GQ256334,GQ256334,GQ256179,NA,voucher,zhang5157,NA,FALSE
Lepisorus_boninensis,NA,GQ256093,NA,GQ256262,GQ256335,GQ256335,GQ256180,NA,monophy,NA,NA,FALSE
Lepisorus_buergerianus,NA,NA,NA,NA,NA,NA,NA,MN623364,NA,NA,NA,FALSE
Lepisorus_carnosus,NA,NA,NA,NA,NA,NA,NA,MT968973,NA,NA,NA,FALSE
Lepisorus_clathratus,NA,NA,NA,NA,NA,NA,NA,KY419704,NA,NA,NA,FALSE
Lepisorus_confluens,NA,NA,NA,NA,NA,NA,NA,MT130651,NA,NA,NA,FALSE
Lepisorus_contortus,NA,GQ256148,NA,GQ256308,GQ256384,GQ256384,GQ256235,NA,voucher,zhang4699,NA,FALSE
Lepisorus_crassipes,NA,GQ256105,NA,GQ256271,GQ256345,GQ256345,GQ256192,NA,voucher,qrliusn,NA,FALSE
Lepisorus_distans,NA,GQ256152,NA,GQ256312,GQ256388,GQ256388,GQ256239,NA,voucher,sayumifujimotosf05051602,NA,FALSE
Lepisorus_eilophyllus,NA,GQ256137,NA,GQ256299,GQ256373,GQ256373,GQ256224,NA,voucher,zhang4518,NA,FALSE
Lepisorus_elegans,NA,GQ256100,NA,GQ256268,GQ256342,GQ256342,GQ256187,NA,voucher,zhang4444,NA,FALSE
Lepisorus_ensatus,MH113549,MH113583,MH113616,MH051184,MH113483,MH113483,MH113516,NA,voucher,ccchen1011,NA,FALSE
Lepisorus_excavatus,NA,GQ256091,NA,GQ256260,GQ256333,GQ256333,GQ256178,NA,voucher,rviane11233,NA,FALSE
Lepisorus_fortuni,NA,NA,NA,NA,NA,NA,NA,MT373087,NA,NA,NA,FALSE
Lepisorus_hachijoensis,NA,GQ256103,NA,GQ256269,GQ256343,GQ256343,GQ256190,NA,voucher,zhang4358,NA,FALSE
Lepisorus_henryi,NA,GQ256080,NA,GQ256253,GQ256325,GQ256325,GQ256167,NA,monophy,NA,NA,FALSE
Lepisorus_heterolepis,NA,GQ256104,NA,GQ256270,GQ256344,GQ256344,GQ256191,NA,voucher,zhang5064,NA,FALSE
Lepisorus_jakonensis,NA,NA,NA,NA,NA,NA,NA,MW876326,NA,NA,NA,FALSE
Lepisorus_kawakamii,NA,GQ256106,NA,EU482940,NA,NA,GQ256193,NA,voucher,ranker2051,NA,FALSE
Lepisorus_kuchenensis,NA,GQ256107,NA,GQ256272,GQ256346,GQ256346,GQ256194,NA,voucher,jmxi08188,NA,FALSE
Lepisorus_kuratae,NA,NA,NA,PP661885,PP662192,PP662192,PP661982,NA,voucher,zlliang1517a,NA,FALSE
Lepisorus_lepidotus,NA,NA,NA,PP661906,PP662212,PP662212,PP662002,NA,voucher,zlliang2053,NA,FALSE
Lepisorus_lewisii,NA,GQ256108,MF446985,GQ256273,GQ256347,GQ256347,GQ256195,NA,monophy,NA,NA,FALSE
Lepisorus_likiangensis,NA,GQ256099,NA,GQ256267,GQ256341,GQ256341,GQ256186,NA,voucher,zhang4468,NA,FALSE
Lepisorus_lineariformis,NA,GQ256112,NA,GQ256277,GQ256351,GQ256351,GQ256199,NA,voucher,zhang4437,NA,FALSE
Lepisorus_longifolius,NA,NA,NA,NA,NA,NA,NA,MW876327,NA,NA,NA,FALSE
Lepisorus_loriformis,NA,GQ256153,NA,GQ256313,GQ256389,GQ256389,GQ256240,NA,voucher,cdxua0303,NA,FALSE
Lepisorus_luchunensis,NA,HQ712007,NA,HQ712000,HQ712008,HQ712008,HQ712019,NA,voucher,qi097,NA,FALSE
Lepisorus_macrosphaerus,NA,GQ256116,NA,GQ256280,GQ256354,GQ256354,GQ256203,NA,voucher,zhang4794,NA,FALSE
Lepisorus_maculosus,NA,MT169864,MT169800,MT169824,MT169894,MT169894,MT169932,NA,voucher,zhangliang2991,NA,FALSE
Lepisorus_marginatus,NA,GQ256117,NA,GQ256281,GQ256355,GQ256355,GQ256204,NA,voucher,zhang3360,NA,FALSE
Lepisorus_medioximus,NA,LC710541,NA,LC710540,LC710544,LC710544,LC710546,NA,monophy,NA,NA,FALSE
Lepisorus_medogensis,NA,GQ256118,NA,GQ256282,GQ256356,GQ256356,GQ256205,NA,voucher,zdfangxz266,NA,FALSE
Lepisorus_megasorus,NA,NA,NA,DQ642158,DQ642196,DQ642196,DQ642240,NA,voucher,taiwancranfilltw069,NA,FALSE
Lepisorus_microphyllus,NA,NA,NA,NA,NA,NA,NA,MN623356,NA,NA,NA,FALSE
Lepisorus_mikawanus,NA,NA,NA,LC331943,LC332112,LC332112,NA,NA,voucher,personaltaofujiwarano16120817,NA,FALSE
Lepisorus_miyoshianus,NA,NA,NA,NA,NA,NA,NA,MW876328,NA,NA,NA,FALSE
Lepisorus_monilisorus,NA,GQ256120,NA,GQ256283,GQ256357,GQ256357,GQ256207,NA,voucher,hmzhang20050117,NA,FALSE
Lepisorus_morrisonensis,NA,GQ256122,NA,GQ256285,GQ256359,GQ256359,GQ256209,NA,voucher,zhang4736,NA,FALSE
Lepisorus_mucronatus,NA,MT169854,MT169790,MT169814,MT169884,MT169884,MT169922,NA,voucher,zhangliang2813,NA,FALSE
Lepisorus_nigripes,NA,NA,NA,LC331927,LC332095,LC332095,NA,NA,voucher,personaltaofujiwarano15022705,NA,FALSE
Lepisorus_normalis,NA,MT169865,MT169801,MT169825,MT169895,MT169895,MT169933,NA,voucher,zhangliang2700,NA,FALSE
Lepisorus_nudus,NA,MT169858,MT169794,MT169818,MT169888,MT169888,MT169926,NA,voucher,zhanglb10216,NA,FALSE
Lepisorus_obscure-venulosus,NA,GQ256123,NA,GQ256286,GQ256360,GQ256360,GQ256210,NA,voucher,zhang4151,NA,FALSE
Lepisorus_oligolepidus,NA,GQ256124,NA,GQ256287,GQ256361,GQ256361,GQ256211,NA,voucher,zhang5082,NA,FALSE
Lepisorus_onoei,NA,GQ256125,NA,GQ256288,GQ256362,GQ256362,GQ256212,NA,voucher,zhang4352,NA,FALSE
Lepisorus_ovatus,NA,NA,NA,NA,NA,NA,NA,MT130595,NA,NA,NA,FALSE
Lepisorus_palmatopedatus,NA,NA,NA,NA,NA,NA,NA,MH707375,NA,NA,NA,FALSE
Lepisorus_perrierianus,NA,HQ712003,NA,HQ711995,NA,NA,HQ712017,NA,voucher,eb245,NA,FALSE
Lepisorus_platyrhynchos,NA,NA,NA,DQ642152,DQ642190,DQ642190,DQ642233,NA,voucher,cultbotgardzurichkreiersn,NA,FALSE
Lepisorus_pseudonudus,NA,GQ256128,NA,GQ256291,GQ256365,GQ256365,GQ256215,NA,voucher,zhang4249,NA,FALSE
Lepisorus_pseudoussuriensis,NA,NA,NA,EU482943,NA,NA,EU483038,NA,voucher,rankertw093,NA,FALSE
Lepisorus_pyriformis,NA,GU126703,NA,GU126695,GU126714,GU126714,GU126725,NA,voucher,zhang4363,NA,FALSE
Lepisorus_rostratus,NA,GU126705,NA,GU126697,GU126716,GU126716,GU126727,NA,voucher,shui80676,NA,FALSE
Lepisorus_rufofuscus,NA,LC732056,NA,LC732052,LC732061,LC732061,LC732064,NA,voucher,tnstfujiwarakyoneoka22051101,NA,FALSE
Lepisorus_schraderi,NA,NA,NA,NA,NA,NA,NA,MW876329,NA,NA,NA,FALSE
Lepisorus_scolopendrium,NA,GQ256132,NA,GQ256294,GQ256368,GQ256368,GQ256219,NA,voucher,ydtangyd076,NA,FALSE
Lepisorus_sinensis,NA,GQ256134,MT169795,MT169819,MT169889,GQ256370,MT169927,NA,monophy,NA,NA,FALSE
Lepisorus_sordidus,NA,GQ256136,NA,GQ256298,GQ256372,GQ256372,GQ256223,NA,voucher,zhang0612,NA,FALSE
Lepisorus_soulieanus,NA,GQ256163,NA,GQ256321,GQ256399,GQ256399,GQ256249,NA,voucher,zhang5168,NA,FALSE
Lepisorus_spicatus,NA,NA,NA,NA,NA,NA,NA,MW876330,NA,NA,NA,FALSE
Lepisorus_squamatus,NA,GU126699,NA,GU126692,GU126710,GU126710,GU126721,NA,voucher,wbxu07087,NA,FALSE
Lepisorus_subhemionitideus,NA,GU126701,NA,GU126693,GU126712,GU126712,GU126723,NA,voucher,zhang4111,NA,FALSE
Lepisorus_sublinearis,NA,GQ256139,NA,GQ256301,GQ256375,GQ256375,GQ256226,NA,voucher,shui80595,NA,FALSE
Lepisorus_suboligolepidus,NA,NA,NA,NA,NA,NA,NA,MT130652,NA,NA,NA,FALSE
Lepisorus_subsessilis,NA,GQ256141,NA,NA,GQ256377,GQ256377,GQ256228,NA,voucher,zhang1075,NA,FALSE
Lepisorus_superficialis,NA,NA,NA,NA,NA,NA,NA,MT130546,NA,NA,NA,FALSE
Lepisorus_tajimaensis,NA,NA,NA,LC858966,LC858990,LC858990,NA,NA,monophy,NA,NA,FALSE
Lepisorus_thunbergianus,MT137061,MT137062,MT137063,MT137054,MT137057,MT137057,MT137059,NA,voucher,ccchen1064,NA,FALSE
Lepisorus_tibeticus,NA,GQ256147,NA,GQ256307,GQ256383,GQ256383,GQ256234,NA,voucher,zhang4694,NA,FALSE
Lepisorus_tosaensis,NA,GQ256149,NA,GQ256309,GQ256385,GQ256385,GQ256236,NA,voucher,sayumifujimoto2005042904,NA,FALSE
Lepisorus_triglossus,NA,HQ597024,NA,HQ597010,NA,NA,HQ597019,NA,publication,NA,systematic position of the chinese endemic fern genus,FALSE
Lepisorus_uchiyamae,NA,GQ256150,NA,GQ256310,GQ256386,GQ256386,GQ256237,NA,voucher,sayumifujimoto2005042902,NA,FALSE
Lepisorus_ussuriensis,NA,GQ256151,NA,GQ256311,GQ256387,GQ256387,GQ256238,NA,voucher,bdliusn,NA,FALSE
Lepisorus_validinervis,MH664989,MH665005,MH665019,MH665031,MH665093,MH665093,MH665160,NA,voucher,daniele2205,NA,FALSE
Lepisorus_waltonii,NA,NA,NA,NA,NA,NA,NA,MK287776,NA,NA,NA,FALSE
Lepisorus_yamaokae,NA,NA,NA,AB575271,NA,NA,NA,NA,unjoined,tns766444,Molecular species identification with rich floristic sampling: DNA,FALSE
Lepisorus_zippelii,MH113553,MH175523,MH113620,MH051188,MH113487,MH113487,MH113520,NA,voucher,wade1794,NA,FALSE
Leptochilus_axillaris,NA,JX103657,NA,JX103699,JX103741,JX103741,JX103783,NA,voucher,wu2344,NA,FALSE
Leptochilus_bolikhamsaiensis,NA,PQ316925,NA,PQ316915,PQ316962,PQ316962,PQ317022,NA,voucher,zhuozlz156,NA,FALSE
Leptochilus_brevipes,NA,PP067848,NA,PP067844,PP067853,PP067853,NA,NA,voucher,yuzybbc13,NA,FALSE
Leptochilus_cantoniensis,NA,NA,NA,MT137055,MH665095,MH665095,MH665162,NA,voucher,kuo1701,NA,FALSE
Leptochilus_chingii,NA,MH768380,NA,MH768437,MH768502,MH768502,MH768565,NA,voucher,zhang7453,NA,FALSE
Leptochilus_daklakensis,NA,PQ316923,NA,PQ316871,PQ316941,PQ316941,PQ317002,NA,voucher,zhanglb8944,NA,FALSE
Leptochilus_decurrens,NA,NA,NA,NA,NA,NA,NA,MN044573,NA,NA,NA,FALSE
Leptochilus_digitatus,MH113528,MH113561,MH113594,MH051162,MH113461,MH113461,MH113495,NA,voucher,ccchen1067,NA,FALSE
Leptochilus_dissimilialatus,NA,MH768359,NA,MH768419,MH768481,MH768481,MH768547,NA,voucher,zhang6362,NA,FALSE
Leptochilus_ellipticus,NA,NA,NA,NA,NA,NA,NA,MT130679,NA,NA,NA,FALSE
Leptochilus_evrardii,NA,MH768399,NA,MH768460,MH768525,MH768525,MH768584,NA,voucher,zhang8514,NA,FALSE
Leptochilus_flexilobus,NA,MH768397,NA,MH768458,MH768523,MH768523,MH768582,NA,voucher,zhang527,NA,FALSE
Leptochilus_gracilis,NA,NA,NA,NA,MW142229,MW142229,MW142228,NA,voucher,liang607,NA,FALSE
Leptochilus_hemionitideus,NA,NA,NA,NA,NA,NA,NA,MH319943,NA,NA,NA,FALSE
Leptochilus_henryi,NA,NA,NA,NA,NA,NA,NA,MW876333,NA,NA,NA,FALSE
Leptochilus_heterophyllus,NA,JX103646,NA,JX103688,JX103730,JX103730,JX103772,NA,voucher,wp135,NA,FALSE
Leptochilus_kachinensis,NA,NA,NA,PQ316865,PQ316936,PQ316936,PQ316996,NA,voucher,dengyf3200,NA,FALSE
Leptochilus_khammouanensis,NA,PQ316926,NA,PQ316916,PQ316963,PQ316963,PQ317023,NA,monophy,NA,NA,FALSE
Leptochilus_locii,NA,PQ316921,NA,NA,PQ316931,PQ316931,PQ316992,NA,voucher,zhanglb7352,NA,FALSE
Leptochilus_longissimus,NA,NA,NA,NA,NA,NA,NA,MT130640,NA,NA,NA,FALSE
Leptochilus_luangprabangensis,NA,NA,NA,PQ316898,PQ316974,PQ316974,PQ317034,NA,voucher,zhuozlz415,NA,FALSE
Leptochilus_macrophyllus,NA,NA,NA,NA,NA,NA,NA,MW876334,NA,NA,NA,FALSE
Leptochilus_mengsongensis,NA,NA,NA,KY963656,NA,NA,NA,NA,unjoined,mxzhaongeekiyanagekmyodrnurdianabnrms086,"Leptochilus mengsongensis (Polypodiaceae), a new species of fern",FALSE
Leptochilus_morsei,NA,NA,NA,NA,PQ316954,PQ316954,PQ317014,NA,voucher,jinsljsl7322,NA,FALSE
Leptochilus_multilobus,NA,PQ316924,NA,PQ316876,PQ316982,PQ316946,PQ317007,NA,monophy,NA,NA,FALSE
Leptochilus_nooteboomii,NA,NA,PV641620,PV641609,PV668476,PV668476,PV668469,NA,monophy,NA,NA,FALSE
Leptochilus_oblongus,NA,MH768369,NA,MH768429,MH768491,MH768491,MH768557,NA,voucher,zhang6299,NA,FALSE
Leptochilus_ornithopus,NA,NA,NA,LC732070,LC732071,LC732071,LC732072,NA,voucher,hnoguriv10634,NA,FALSE
Leptochilus_ovatifolius,NA,NA,NA,PQ316906,PQ316980,PQ316980,PQ317042,NA,voucher,huangyjsl7999,NA,FALSE
Leptochilus_ovatus,NA,NA,NA,PQ316870,PQ316940,PQ316940,PQ317001,NA,voucher,zhanglb8291,NA,FALSE
Leptochilus_papuasiaticus,NA,NA,PV641616,NA,NA,NA,NA,NA,unjoined,NA,NA,FALSE
Leptochilus_pedunculatus,MH113534,MH113567,MH113600,MH051168,MH113467,MH113467,MH113500,NA,voucher,wade1334,NA,FALSE
Leptochilus_pentaphyllus,NA,MH768411,NA,MH768474,MH768539,MH768539,MH768599,NA,voucher,zhangliang1777,NA,FALSE
Leptochilus_phanerophlebius,NA,NA,NA,PX148787,PX148791,PX148791,PX148793,NA,monophy,NA,NA,FALSE
Leptochilus_poilanei,NA,NA,NA,PQ149390,PQ149391,PQ149391,PQ149392,NA,voucher,chenwade6804,NA,FALSE
Leptochilus_pothifolius,MH113529,MH113562,MH113595,MH051163,MH113462,MH113462,MH113496,NA,voucher,ccchen1017,NA,FALSE
Leptochilus_pteropus,NA,NA,NA,NA,NA,NA,NA,MW876341,NA,NA,NA,FALSE
Leptochilus_punctiformis,NA,NA,PV641619,PV641608,PV668477,PV668477,PV668472,NA,voucher,wade6742,NA,FALSE
Leptochilus_regularis,NA,NA,PV641618,PV641612,PV668474,PV668474,PV668470,NA,monophy,NA,NA,FALSE
Leptochilus_sanjiangensis,NA,NA,NA,PQ316889,PQ316965,PQ316965,PQ317025,NA,voucher,jinsljsl7568,NA,FALSE
Leptochilus_saxicola,NA,MH768410,NA,MH768471,MH768536,MH768536,MH768595,NA,voucher,weiq2017,NA,FALSE
Leptochilus_scandens,NA,NA,NA,PQ316912,PQ316987,PQ316987,PQ317048,NA,voucher,jinsljsl8051,NA,FALSE
Leptochilus_shintenensis,MH113535,MH113568,MH113601,MH051169,MH113468,MH113468,MH113501,NA,voucher,ccchenk17274,NA,FALSE
Leptochilus_sinovietnamica,NA,NA,NA,PQ316886,PQ316959,PQ316959,PQ317019,NA,voucher,zhangl3040,NA,FALSE
Leptochilus_tridigitatus,NA,NA,NA,PP622444,NA,NA,NA,NA,unjoined,NA,NA,FALSE
Leptochilus_wrightii,MH113536,MH113569,MH113602,MH051170,MH113469,MH113469,MH113502,NA,voucher,ccchen1087,NA,FALSE
Leptochilus_wusugongii,NA,NA,NA,PQ316881,PQ316944,PQ316944,PQ317005,NA,monophy,NA,NA,FALSE
Leptogramma_amabilis,NA,NA,MN159411,MN159445,NA,NA,MN159511,NA,voucher,nakato2705,NA,FALSE
Leptogramma_burksiorum,NA,NA,MN159405,MN159439,NA,NA,MN159505,NA,voucher,eddiesn,NA,FALSE
Leptogramma_centrochinensis,NA,NA,NA,JN572391,NA,NA,JN572303,NA,manual,NA,NA,FALSE
Leptogramma_cyrtomioides,NA,NA,NA,JN572392,NA,NA,JN572304,NA,manual,NA,NA,FALSE
Leptogramma_dissitifolia,NA,NA,MN159406,MN159440,NA,NA,MN159506,NA,voucher,kuo3566,NA,FALSE
Leptogramma_gymnocarpa,NA,NA,NA,AB059745,NA,NA,NA,NA,manual,NA,NA,FALSE
Leptogramma_himalaica,NA,NA,NA,JN572394,NA,NA,JN572306,NA,manual,NA,NA,FALSE
Leptogramma_intermedia,NA,NA,MN159412,MN159446,NA,NA,MN159512,NA,voucher,cyh20140714043,NA,FALSE
Leptogramma_latipinna,NA,NA,NA,JN572395,NA,NA,JN572307,NA,manual,NA,NA,FALSE
Leptogramma_leptogrammoides,NA,NA,MN159419,MN159452,NA,NA,MN159519,NA,voucher,kuo1426,NA,FALSE
Leptogramma_mollissima,NA,NA,MN159409,MN159443,NA,NA,MN159509,NA,voucher,kuo110,NA,FALSE
Leptogramma_petiolata,NA,NA,MN159408,MN159442,NA,NA,MN159508,NA,voucher,bm000531335,NA,FALSE
Leptogramma_pilosa,NA,NA,NA,AB059583,NA,NA,NA,NA,manual,NA,NA,FALSE
Leptogramma_pozoi,JF304004,NA,JF303934,AB059579,NA,NA,NA,NA,manual,NA,NA,FALSE
Leptogramma_scallanii,NA,NA,MN159415,MN159448,NA,NA,MN159515,NA,voucher,cyh20140712024,NA,FALSE
Leptogramma_sinica,NA,NA,NA,MH733907,NA,NA,MH726201,NA,voucher,zxl7785,NA,FALSE
Leptogramma_stegnogrammopsis,NA,NA,MN159421,MN159454,NA,NA,MN159521,NA,voucher,taif319749,NA,FALSE
Leptogramma_totta,NA,NA,MN159414,NA,NA,NA,MN159514,NA,voucher,p00312042,NA,FALSE
Leptogramma_tottoides,NA,NA,NA,AF425108,AF425171,AF425171,AF425134,NA,manual,NA,NA,FALSE
Leptopteris_fraseri,EF588673,EF588717,NA,EF588694,EF588758,EF588758,EF588804,NA,voucher,rcranfillsn,NA,FALSE
Leptopteris_hymenophylloides,EF588674,EF588718,NA,EF588695,EF588759,EF588759,EF588805,NA,voucher,arsmith2603,NA,FALSE
Leptopteris_superba,NA,DQ646096,NA,DQ646004,NA,NA,NA,NA,voucher,plant197402024rbgkew,NA,FALSE
Leptopteris_wilkesiana,EF588676,EF588720,NA,EF588697,EF588761,EF588761,EF588807,NA,voucher,hvanderwerff16025,NA,FALSE
Leucostegia_amplissima,NA,MZ957032,MZ957472,MZ957135,MZ957583,MZ957583,MZ957253,NA,voucher,knapp4407,NA,FALSE
Leucostegia_immersa,NA,NA,NA,NA,NA,NA,NA,MT130653,NA,NA,NA,FALSE
Leucostegia_pallida,NA,MZ957368,NA,MZ957134,MZ957582,MZ957582,MZ957252,NA,voucher,psteve20386,NA,FALSE
Leucotrichum_madagascariense,NA,JN654923,NA,JN654924,NA,JN654949,JN654975,NA,voucher,frakotondrainibe6957,NA,FALSE
Leucotrichum_mitchelliae,NA,GU376480,NA,GU376487,NA,JN654938,JN654964,NA,voucher,mortonacuna3141,NA,FALSE
Leucotrichum_mortonii,NA,GU376478,NA,GU376489,NA,NA,NA,NA,voucher,liogier16026,NA,FALSE
Leucotrichum_organense,NA,GU376484,NA,GU376491,NA,JN654947,JN654973,NA,voucher,labiak4302,NA,FALSE
Leucotrichum_pseudomitchelliae,NA,AY459484,NA,AY460652,NA,NA,NA,NA,voucher,arojas3005mo,NA,FALSE
Leucotrichum_schenckii,NA,AY459483,NA,AY460651,NA,NA,NA,NA,voucher,salino4538ucbhcb,NA,FALSE
Lindsaea_agatii,NA,NA,PQ149394,NA,NA,NA,PQ149412,NA,voucher,chensitw5698,NA,FALSE
Lindsaea_apoensis,NA,NA,NA,NA,NA,NA,GU478865,NA,unjoined,NA,NA,FALSE
Lindsaea_arcuata,NA,NA,NA,OK092549,NA,NA,OK092361,NA,voucher,latriana1028,NA,FALSE
Lindsaea_austrosinica,NA,NA,NA,NA,NA,NA,GU478801,NA,unjoined,NA,NA,FALSE
Lindsaea_azurea,NA,NA,NA,NA,NA,NA,GU478852,NA,unjoined,NA,NA,FALSE
Lindsaea_bifida,NA,NA,NA,KJ628719,NA,NA,NA,NA,unjoined,NA,Phylogenetic relatedness within neotropical fern communities,FALSE
Lindsaea_blanda,NA,NA,NA,NA,NA,NA,GU478806,NA,unjoined,NA,NA,FALSE
Lindsaea_blotiana,EF463769,EF463476,NA,EF463230,GU478679,GU478381,GU478813,NA,voucher,rakotondrainibe6350,NA,FALSE
Lindsaea_bolivarensis,NA,NA,NA,KJ628720,NA,NA,NA,NA,unjoined,NA,Phylogenetic relatedness within neotropical fern communities,FALSE
Lindsaea_bonii,NA,NA,NA,AB574768,NA,NA,NA,NA,unjoined,tns759263,Molecular species identification with rich floristic sampling: DNA,FALSE
Lindsaea_borneensis,NA,NA,NA,NA,NA,NA,GU478866,NA,unjoined,NA,NA,FALSE
Lindsaea_botrychioides,NA,NA,NA,KJ716408,NA,NA,NA,NA,unjoined,lehtonen582,Molecular dates for fern tree of life,FALSE
Lindsaea_brachypoda,NA,NA,NA,NA,NA,NA,GU478848,NA,unjoined,NA,NA,FALSE
Lindsaea_brevipes,NA,NA,NA,NA,NA,NA,GU478809,NA,unjoined,NA,NA,FALSE
Lindsaea_cambodgensis,NA,NA,NA,AB574758,NA,NA,NA,NA,unjoined,tns777864,Molecular species identification with rich floristic sampling: DNA,FALSE
Lindsaea_capillacea,NA,NA,NA,MT216053,AY459161,AY459161,NA,NA,monophy,NA,NA,FALSE
Lindsaea_carvifolia,NA,NA,NA,NA,NA,NA,GU478860,NA,unjoined,NA,NA,FALSE
Lindsaea_chienii,NA,NA,NA,PP559786,NA,NA,PP562212,NA,voucher,taifkuo3334,NA,FALSE
Lindsaea_chrysolepis,NA,NA,NA,MT657886,NA,NA,NA,NA,unjoined,gmplunkett4042,Biogeography of Pacific pteridophytes in a global context,FALSE
Lindsaea_coarctata,NA,NA,NA,KJ628722,NA,NA,NA,NA,unjoined,NA,Phylogenetic relatedness within neotropical fern communities,FALSE
Lindsaea_crispa,NA,NA,NA,NA,NA,NA,GU478834,NA,unjoined,NA,NA,FALSE
Lindsaea_cubensis,NA,NA,NA,NA,GU478687,GU478389,GU478795,NA,voucher,morton10035,NA,FALSE
Lindsaea_cultrata,NA,NA,NA,NA,NA,NA,NA,MT130672,NA,NA,NA,FALSE
Lindsaea_cyclophylla,NA,NA,NA,NA,NA,NA,GU478776,NA,unjoined,NA,NA,FALSE
Lindsaea_digitata,NA,NA,NA,KJ628723,NA,NA,NA,NA,unjoined,NA,Phylogenetic relatedness within neotropical fern communities,FALSE
Lindsaea_divaricata,NA,NA,NA,KJ628725,NA,NA,NA,NA,unjoined,NA,Phylogenetic relatedness within neotropical fern communities,FALSE
Lindsaea_divergens,NA,NA,NA,NA,NA,NA,GU478765,NA,unjoined,NA,NA,FALSE
Lindsaea_doryphora,NA,NA,NA,NA,GU478683,GU478385,GU478868,NA,voucher,poulsen341,NA,FALSE
Lindsaea_dubia,NA,NA,NA,KJ628727,NA,NA,NA,NA,unjoined,NA,Phylogenetic relatedness within neotropical fern communities,FALSE
Lindsaea_eberhardtii,NA,NA,NA,NA,NA,NA,FJ360997,NA,unjoined,NA,NA,FALSE
Lindsaea_ensifolia,NA,NA,NA,NA,NA,NA,NA,PV391897,NA,NA,NA,FALSE
Lindsaea_falcata,NA,NA,NA,KJ628728,NA,NA,NA,NA,unjoined,NA,Phylogenetic relatedness within neotropical fern communities,FALSE
Lindsaea_feei,NA,NA,NA,NA,GU478689,GU478391,NA,NA,voucher,vanderwerff3418,NA,FALSE
Lindsaea_fraseri,NA,NA,NA,NA,GU478719,GU478421,NA,NA,voucher,steimann8951,NA,FALSE
Lindsaea_gomphophylla,NA,NA,NA,NA,NA,NA,GU478820,NA,unjoined,NA,NA,FALSE
Lindsaea_goudotiana,NA,NA,NA,NA,NA,NA,GU478818,NA,unjoined,NA,NA,FALSE
Lindsaea_grandiareolata,NA,NA,NA,NA,NA,NA,GU478810,NA,unjoined,NA,NA,FALSE
Lindsaea_gueriniana,NA,NA,NA,NA,NA,NA,GU478766,NA,unjoined,NA,NA,FALSE
Lindsaea_guianensis,NA,NA,NA,KJ628730,NA,NA,NA,NA,unjoined,NA,Phylogenetic relatedness within neotropical fern communities,FALSE
Lindsaea_hamiguitanensis,NA,NA,NA,NA,NA,NA,JQ736811,NA,unjoined,NA,NA,FALSE
Lindsaea_harveyi,NA,NA,NA,MT657890,NA,NA,NA,NA,unjoined,gmplunkett4095,Biogeography of Pacific pteridophytes in a global context,FALSE
Lindsaea_hemiglossa,NA,NA,NA,KJ628731,NA,NA,NA,NA,unjoined,NA,Phylogenetic relatedness within neotropical fern communities,FALSE
Lindsaea_hemiptera,NA,NA,NA,KJ628732,NA,NA,NA,NA,unjoined,NA,Phylogenetic relatedness within neotropical fern communities,FALSE
Lindsaea_heterophylla,NA,NA,NA,NA,NA,NA,NA,PV391898,NA,NA,NA,FALSE
Lindsaea_imrayana,NA,KJ716370,NA,HQ245099,GU478649,GU478351,GU478772,NA,voucher,christenhusz2826,NA,FALSE
Lindsaea_incisa,NA,NA,NA,NA,GU478682,GU478384,GU478856,NA,voucher,blake21210,NA,FALSE
Lindsaea_integra,NA,NA,NA,NA,GU478670,GU478372,GU478821,NA,voucher,poulsen72,NA,FALSE
Lindsaea_interrupta,NA,NA,NA,NA,GU478716,GU478418,NA,NA,voucher,nielsen592,NA,FALSE
Lindsaea_jamesoniiformis,NA,NA,NA,NA,GU478696,GU478398,GU478790,NA,voucher,maas6460,NA,FALSE
Lindsaea_jamesonioides,NA,NA,NA,NA,GU478711,GU478413,GU478764,NA,voucher,clemens30733,NA,FALSE
Lindsaea_javanensis,NA,NA,NA,PP559670,NA,NA,PP562102,NA,voucher,taifkuo2336,NA,FALSE
Lindsaea_kawabatae,NA,NA,NA,PP560527,NA,NA,PP561567,NA,voucher,taiflu19544,NA,FALSE
Lindsaea_kingii,NA,NA,NA,NA,GU478681,GU478383,GU478831,NA,voucher,braithwaite4304,NA,FALSE
Lindsaea_kohkongensis,NA,NA,PQ149395,NA,NA,NA,PQ149413,NA,voucher,chenwade5034,NA,FALSE
Lindsaea_lancea,NA,NA,NA,KJ628736,NA,NA,NA,NA,unjoined,NA,Phylogenetic relatedness within neotropical fern communities,FALSE
Lindsaea_lapeyrousei,NA,NA,NA,NA,GU478680,GU478382,NA,NA,voucher,brownlie1575,NA,FALSE
Lindsaea_leptophylla,NA,NA,NA,NA,NA,NA,GU478819,NA,unjoined,NA,NA,FALSE
Lindsaea_lherminieri,NA,NA,NA,NA,GU478718,GU478420,GU478784,NA,voucher,bernard4775,NA,FALSE
Lindsaea_linearis,NA,NA,NA,NA,NA,NA,NA,MK705751,NA,NA,NA,FALSE
Lindsaea_lobata,NA,NA,NA,NA,GU478674,GU478376,NA,NA,voucher,alston16699,NA,FALSE
Lindsaea_longifolia,NA,NA,NA,NA,NA,NA,GU478837,NA,unjoined,NA,NA,FALSE
Lindsaea_lucida,NA,NA,NA,PP559602,NA,NA,PP562037,NA,monophy,NA,NA,FALSE
Lindsaea_madagascariensis,EF463770,EF463477,NA,EF463231,HQ245101,NA,GU478815,NA,voucher,rakotondrainibe6349,NA,FALSE
Lindsaea_malayensis,NA,NA,NA,NA,GU478672,GU478374,GU478858,NA,voucher,schneider222,NA,FALSE
Lindsaea_media,NA,NA,NA,NA,NA,NA,GU478843,NA,unjoined,NA,NA,FALSE
Lindsaea_meifolia,NA,NA,NA,NA,NA,NA,GU478783,NA,unjoined,NA,NA,FALSE
Lindsaea_merrillii,NA,NA,NA,NA,NA,NA,GU478864,NA,unjoined,NA,NA,FALSE
Lindsaea_microphylla,NA,KJ716372,NA,NA,NA,NA,NA,NA,unjoined,NA,NA,FALSE
Lindsaea_millefolium,NA,NA,NA,NA,NA,NA,GU478812,NA,unjoined,NA,NA,FALSE
Lindsaea_monocarpa,NA,NA,NA,NA,NA,NA,FJ361011,NA,unjoined,NA,NA,FALSE
Lindsaea_multisora,HQ157262,HQ157278,NA,HQ157303,GU478676,GU478378,GU478849,NA,voucher,cicuzza104,NA,FALSE
Lindsaea_nervosa,NA,NA,NA,KJ628738,NA,NA,KF652057,NA,monophy,NA,NA,FALSE
Lindsaea_novoguineensis,NA,NA,NA,NA,NA,NA,KU764771,NA,unjoined,NA,NA,FALSE
Lindsaea_oblanceolata,NA,NA,NA,NA,GU478685,GU478387,NA,NA,voucher,larsen42928,NA,FALSE
Lindsaea_obtusa,NA,NA,NA,PP559588,NA,NA,PP562023,NA,voucher,taifkuo886,NA,FALSE
Lindsaea_orbiculata,NA,NA,NA,NA,NA,NA,NA,PV391899,NA,NA,NA,FALSE
Lindsaea_ovoidea,NA,NA,NA,NA,GU478713,GU478415,NA,NA,voucher,hatschbach7083,NA,FALSE
Lindsaea_oxyphylla,NA,NA,NA,NA,NA,NA,GU478816,NA,unjoined,NA,NA,FALSE
Lindsaea_pacifica,NA,NA,NA,NA,GU478663,GU478365,NA,NA,voucher,brownlie979,NA,FALSE
Lindsaea_pallida,NA,NA,NA,KJ628739,NA,NA,NA,NA,unjoined,NA,Phylogenetic relatedness within neotropical fern communities,FALSE
Lindsaea_parallelogramma,NA,NA,NA,NA,GU478675,GU478377,GU478851,NA,voucher,poulsen342,NA,FALSE
Lindsaea_parasitica,NA,NA,NA,U18640,NA,NA,NA,NA,unjoined,NA,Phylogenetic analyses of rbcL and nuclear ribosomal RNA gene,FALSE
Lindsaea_parkeri,NA,NA,NA,NA,GU478695,GU478397,GU478775,NA,voucher,boudrie4254,NA,FALSE
Lindsaea_pectinata,NA,NA,NA,NA,GU478686,GU478388,NA,NA,voucher,nielsen816,NA,FALSE
Lindsaea_pellaeiformis,NA,NA,NA,NA,NA,NA,GU478767,NA,unjoined,NA,NA,FALSE
Lindsaea_pendula,NA,NA,NA,NA,NA,NA,GU478782,NA,unjoined,NA,NA,FALSE
Lindsaea_phassa,NA,NA,NA,MN781311,NA,NA,FJ361017,NA,voucher,turtuomisto14940,NA,FALSE
Lindsaea_pickeringii,NA,NA,NA,NA,GU478666,GU478368,NA,NA,voucher,brownlie996,NA,FALSE
Lindsaea_plicata,HQ157271,HQ157276,NA,HQ157304,GU478661,GU478363,GU478768,NA,voucher,callmander291,NA,FALSE
Lindsaea_portoricensis,NA,NA,NA,KJ628740,NA,NA,NA,NA,unjoined,NA,Phylogenetic relatedness within neotropical fern communities,FALSE
Lindsaea_pratensis,NA,NA,NA,NA,NA,NA,GU478771,NA,unjoined,NA,NA,FALSE
Lindsaea_prolongata,NA,NA,NA,NA,NA,NA,GU478830,NA,unjoined,NA,NA,FALSE
Lindsaea_pseudohemiptera,NA,NA,NA,NA,NA,NA,GU478861,NA,unjoined,NA,NA,FALSE
Lindsaea_pulchella,NA,NA,NA,NA,GU478723,GU478723,GU478805,NA,voucher,alston16692,NA,FALSE
Lindsaea_pulchra,NA,NA,NA,NA,GU478665,GU478367,GU478826,NA,voucher,brousilie1049,NA,FALSE
Lindsaea_quadrangularis,EF463771,EF463478,NA,EF463232,NA,NA,NA,NA,voucher,christenhusz4018,NA,FALSE
Lindsaea_regularis,NA,NA,NA,NA,NA,NA,GU478847,NA,unjoined,NA,NA,FALSE
Lindsaea_reniformis,NA,NA,NA,KJ628745,NA,NA,NA,NA,unjoined,NA,Phylogenetic relatedness within neotropical fern communities,FALSE
Lindsaea_repanda,NA,NA,NA,AB574770,NA,NA,NA,NA,unjoined,tns743688,Molecular species identification with rich floristic sampling: DNA,FALSE
Lindsaea_repens,NA,NA,NA,MT657885,NA,NA,NA,NA,unjoined,sperlman21493,Biogeography of Pacific pteridophytes in a global context,FALSE
Lindsaea_rigida,NA,NA,NA,KY099820,NA,NA,NA,NA,unjoined,nitta284,Life cycle matters: DNA barcoding reveals contrasting community,FALSE
Lindsaea_rigidiuscula,NA,NA,NA,NA,GU478691,GU478393,GU478794,NA,voucher,poole2060,NA,FALSE
Lindsaea_rosenstockii,NA,NA,NA,NA,NA,NA,FJ361023,NA,unjoined,NA,NA,FALSE
Lindsaea_rufa,NA,EU352276,NA,EU352304,NA,NA,NA,NA,voucher,gmcphersonjmunzinger18124,NA,FALSE
Lindsaea_sagittata,NA,KM114103,NA,KM114190,GU478688,GU478390,NA,NA,voucher,christenhusz2618,NA,FALSE
Lindsaea_schizophylla,NA,NA,NA,NA,NA,NA,GU478802,NA,unjoined,NA,NA,FALSE
Lindsaea_schomburgkii,NA,NA,NA,KJ628746,NA,NA,NA,NA,unjoined,NA,Phylogenetic relatedness within neotropical fern communities,FALSE
Lindsaea_seemannii,NA,NA,NA,NA,NA,NA,GU478770,NA,unjoined,NA,NA,FALSE
Lindsaea_semilunata,NA,NA,NA,NA,GU478693,GU478395,GU478797,NA,voucher,renz14307,NA,FALSE
Lindsaea_sessilis,NA,NA,NA,NA,NA,NA,GU478862,NA,unjoined,NA,NA,FALSE
Lindsaea_sphenomeridopsis,NA,NA,NA,NA,GU478708,GU478410,NA,NA,voucher,renz14184,NA,FALSE
Lindsaea_spruceana,NA,NA,NA,NA,NA,NA,GU478787,NA,unjoined,NA,NA,FALSE
Lindsaea_stricta,NA,NA,NA,KJ628752,NA,NA,NA,NA,unjoined,NA,Phylogenetic relatedness within neotropical fern communities,FALSE
Lindsaea_submontana,NA,NA,NA,NA,NA,NA,GU478774,NA,unjoined,NA,NA,FALSE
Lindsaea_subobscura,NA,NA,NA,NA,NA,NA,KU764770,NA,unjoined,NA,NA,FALSE
Lindsaea_subtilis,NA,NA,NA,NA,NA,NA,GU478817,NA,unjoined,NA,NA,FALSE
Lindsaea_surinamensis,NA,NA,NA,NA,GU478703,GU478405,GU478785,NA,voucher,granville15461,NA,FALSE
Lindsaea_taeniata,NA,NA,NA,KJ628753,NA,NA,NA,NA,unjoined,NA,Phylogenetic relatedness within neotropical fern communities,FALSE
Lindsaea_tenuifolia,NA,NA,NA,NA,GU478677,GU478379,NA,NA,voucher,hartley12334,NA,FALSE
Lindsaea_tenuis,NA,NA,NA,NA,GU478715,GU478417,GU478798,NA,voucher,maguine53824,NA,FALSE
Lindsaea_tetragona,NA,NA,NA,NA,NA,NA,GU478839,NA,unjoined,NA,NA,FALSE
Lindsaea_tetraptera,NA,NA,NA,KJ628754,NA,NA,NA,NA,unjoined,NA,Phylogenetic relatedness within neotropical fern communities,FALSE
Lindsaea_trichomanoides,NA,NA,NA,EF469953,NA,NA,NA,NA,unjoined,weltp20786lrp2761,Molecular evidence for long-distance dispersal in the New Zealand,FALSE
Lindsaea_ulei,NA,NA,NA,KJ628756,NA,NA,NA,NA,unjoined,NA,Phylogenetic relatedness within neotropical fern communities,FALSE
Lindsaea_venusta,NA,NA,NA,NA,GU478720,GU478422,GU478835,NA,voucher,sledge1377,NA,FALSE
Lindsaea_vieillardii,NA,NA,NA,KJ628757,NA,NA,KF652058,NA,monophy,NA,NA,FALSE
Lindsaea_virescens,NA,NA,NA,HQ245100,GU478712,GU478414,GU478800,NA,voucher,lehtonen621,NA,FALSE
Lindsaea_viridis,NA,NA,NA,NA,NA,NA,GU478769,NA,unjoined,NA,NA,FALSE
Lindsaea_vitiensis,NA,NA,NA,NA,NA,NA,GU478845,NA,unjoined,NA,NA,FALSE
Lindsaea_walkerae,NA,NA,NA,NA,NA,NA,GU478841,NA,unjoined,NA,NA,FALSE
Lindsaea_werneri,NA,NA,NA,NA,GU478667,GU478369,NA,NA,voucher,alston16860,NA,FALSE
Lindsaea_yaeyamensis,NA,NA,NA,PP559583,NA,NA,PP562018,NA,voucher,taifkuo879,NA,FALSE
Lindsaeosoria_flynnii,NA,NA,NA,NA,MG561413,MG561413,MG561414,NA,voucher,flynn2351,NA,FALSE
Llavea_cordifolia,NA,NA,NA,NA,NA,NA,NA,MH173088,NA,NA,NA,FALSE
Lomagramma_brooksii,NA,NA,NA,NA,NA,GU376691,GU376542,NA,voucher,cicuzza150,NA,FALSE
Lomagramma_copelandii,NA,NA,NA,PP560397,NA,NA,PP561483,NA,voucher,taifkuo1925,NA,FALSE
Lomagramma_cordipinna,NA,NA,NA,MT216056,NA,GU376692,GU376545,NA,monophy,NA,NA,FALSE
Lomagramma_lomarioides,NA,NA,NA,NA,NA,GU376699,GU376550,NA,voucher,zonkin3293,NA,FALSE
Lomagramma_perakensis,NA,NA,NA,NA,NA,GU376703,GU376553,NA,monophy,NA,NA,FALSE
Lomagramma_polyphylla,NA,NA,NA,PP559941,NA,NA,PP561103,NA,voucher,taifwade3868,NA,FALSE
Lomagramma_pteroides,NA,NA,NA,PP559917,NA,NA,PP561082,NA,voucher,taifwade3750,NA,FALSE
Lomagramma_sinuata,NA,NA,NA,NA,NA,NA,NA,OR530055,NA,NA,NA,FALSE
Lomagramma_sorbifolia,NA,NA,NA,NA,NA,NA,NA,OR530056,NA,NA,NA,FALSE
Lomagramma_sumatrana,NA,NA,NA,NA,NA,GU376708,GU376559,NA,monophy,NA,NA,FALSE
Lomagramma_tahitensis,NA,NA,NA,KY099821,NA,NA,NA,NA,unjoined,nitta222,Life cycle matters: DNA barcoding reveals contrasting community,FALSE
Lomaphlebia_linearis,NA,NA,NA,MK319113,NA,NA,MK319011,NA,voucher,wilsonmurrey635,NA,FALSE
Lomaria_discolor,NA,NA,NA,KF975786,KF975742,KF975742,KF591318,NA,monophy,NA,NA,FALSE
Lomaria_nuda,NA,NA,NA,KJ170821,KJ170794,KJ170794,KJ170848,NA,monophy,NA,NA,FALSE
Lomaria_oceanica,NA,NA,NA,KF975804,KF975760,KF975760,KF975724,NA,voucher,weltp026064,NA,FALSE
Lomaria_spannagelii,NA,NA,NA,KU898643,KU898584,KU898584,KU898698,NA,voucher,bhcbalmeida3387,NA,FALSE
Lomaridium_acutum,NA,NA,NA,KU892703,NA,KU892692,KU892709,NA,voucher,uc1529253,NA,FALSE
Lomaridium_attenuatum,NA,NA,NA,KF992444,NA,NA,NA,NA,unjoined,shennequinr67,Evolutionary patterns in the assembly of fern diversity on the,FALSE
Lomaridium_biforme,NA,NA,NA,AB040561,NA,NA,NA,NA,unjoined,NA,"Phylogenetic analysis of Blechnaceae (Filicales, Filicophyta) based",FALSE
Lomaridium_binervatum,NA,NA,NA,KU892699,NA,KU892689,NA,NA,voucher,uc1869558,NA,FALSE
Lomaridium_contiguum,NA,NA,NA,KF975784,KF975740,KF975740,KF975714,NA,voucher,weltp026062,NA,FALSE
Lomaridium_ensiforme,NA,NA,NA,KU898639,KU898581,KU898581,KU898694,NA,voucher,lpbjimenezi697,NA,FALSE
Lomaridium_fragile,NA,NA,NA,KU898640,KU898582,KU898582,KU898695,NA,voucher,bhcbsalino15860,NA,FALSE
Lomaridium_fuscosquamosum,NA,NA,NA,KU898641,KU898583,KU898583,KU898696,NA,voucher,movanderwerff16823,NA,FALSE
Lomaridium_schottii,NA,NA,NA,KU892698,NA,KU892691,KU892714,NA,voucher,ma723555,NA,FALSE
Lomaridium_simillimum,NA,NA,NA,AB040570,NA,NA,NA,NA,unjoined,NA,"Phylogenetic analysis of Blechnaceae (Filicales, Filicophyta) based",FALSE
Lomariocycas_aurata,NA,NA,NA,KU898633,KU898576,KU898576,KU898690,NA,voucher,lpbjimenezi1852,NA,FALSE
Lomariocycas_columbiensis,NA,NA,NA,KU898634,KU898577,KU898577,NA,NA,voucher,movanderwerff16910,NA,FALSE
Lomariocycas_magellanica,NA,NA,NA,AB040560,NA,NA,NA,NA,unjoined,NA,"Phylogenetic analysis of Blechnaceae (Filicales, Filicophyta) based",FALSE
Lomariocycas_moritziana,NA,NA,NA,KU898635,KU898578,KU898578,KU898691,NA,voucher,lpbjimenezi2383,NA,FALSE
Lomariocycas_schomburgkii,JF832101,EF463353,JF832261,EF463160,NA,NA,NA,NA,voucher,schuettpelz242,NA,FALSE
Lomariocycas_tabularis,NA,NA,NA,KF992447,NA,NA,NA,NA,unjoined,shennequinr105,Evolutionary patterns in the assembly of fern diversity on the,FALSE
Lomariocycas_werckleana,NA,NA,NA,MW138150,KU898580,KU898580,KU898693,NA,monophy,NA,NA,FALSE
Lomariopsis_amydrophlebia,NA,NA,NA,NA,NA,NA,DQ396555,NA,unjoined,NA,NA,FALSE
Lomariopsis_boivinii,NA,NA,NA,NA,NA,NA,DQ396557,NA,unjoined,NA,NA,FALSE
Lomariopsis_boninensis,NA,NA,NA,OL420738,OL473645,OL473645,OL473669,NA,voucher,cyh2009112303,NA,FALSE
Lomariopsis_brackenridgei,NA,NA,NA,OL420741,OL473649,OL473649,OL473673,NA,voucher,fj2011207,NA,FALSE
Lomariopsis_cordata,NA,NA,NA,NA,NA,NA,DQ396558,NA,unjoined,NA,NA,FALSE
Lomariopsis_crassifolia,NA,NA,NA,NA,NA,NA,DQ396559,NA,unjoined,NA,NA,FALSE
Lomariopsis_fendleri,NA,MN781292,NA,MN781336,MN781376,MN781376,NA,NA,voucher,turtuomisto16378,NA,FALSE
Lomariopsis_guineensis,NA,NA,NA,NA,NA,NA,DQ396560,NA,unjoined,NA,NA,FALSE
Lomariopsis_hederacea,NA,NA,NA,NA,NA,NA,DQ396561,NA,unjoined,NA,NA,FALSE
Lomariopsis_jamaicensis,NA,NA,NA,NA,NA,NA,DQ396562,NA,unjoined,NA,NA,FALSE
Lomariopsis_japurensis,NA,NA,NA,NA,NA,NA,NA,MK705752,NA,NA,NA,FALSE
Lomariopsis_kingii,NA,NA,NA,OL420744,OL473650,OL473650,OL473676,NA,monophy,NA,NA,FALSE
Lomariopsis_kunzeana,NA,NA,NA,NA,NA,NA,DQ396569,NA,unjoined,NA,NA,FALSE
Lomariopsis_latipinna,NA,MN781293,NA,MN781337,MN781377,MN781377,NA,NA,voucher,turtuomisto16313,NA,FALSE
Lomariopsis_leptocarpa,NA,NA,NA,OL420745,OL473652,OL473652,OL473677,NA,voucher,masuda6919,NA,FALSE
Lomariopsis_lineata,NA,NA,NA,NA,NA,NA,NA,MT130608,NA,NA,NA,FALSE
Lomariopsis_longicaudata,NA,NA,NA,NA,NA,NA,DQ396574,NA,unjoined,NA,NA,FALSE
Lomariopsis_longini,NA,NA,NA,OL420749,OL473658,OL473658,OL473684,NA,voucher,wq243,NA,FALSE
Lomariopsis_madagascarica,NA,NA,NA,NA,NA,NA,DQ396576,NA,unjoined,NA,NA,FALSE
Lomariopsis_mannii,NA,NA,NA,NA,NA,NA,DQ396577,NA,unjoined,NA,NA,FALSE
Lomariopsis_marginata,NA,NA,NA,AY818677,NA,AY540049,NA,NA,publication,NA,molecular studies of representative species in the fern genus,FALSE
Lomariopsis_maxonii,NA,NA,NA,MW138155,NA,NA,NA,NA,unjoined,jhnitta869,A taxonomic and molecular survey of the pteridophytes of the,FALSE
Lomariopsis_moorei,NA,NA,NA,OL420753,OL473662,OL473662,OL473691,NA,voucher,wu1062,NA,FALSE
Lomariopsis_muriculata,NA,NA,NA,NA,NA,NA,DQ396582,NA,unjoined,NA,NA,FALSE
Lomariopsis_nigropaleata,NA,MN781294,NA,MN781334,MN781378,MN781378,DQ396584,NA,monophy,NA,NA,FALSE
Lomariopsis_novae-caledoniae,NA,NA,NA,NA,OL473655,OL473655,OL473681,NA,voucher,nakamura2157,NA,FALSE
Lomariopsis_oleandrifolia,NA,NA,NA,MT657693,NA,NA,NA,NA,unjoined,gmplunkett4092,Biogeography of Pacific pteridophytes in a global context,FALSE
Lomariopsis_palustris,NA,NA,NA,NA,NA,NA,DQ396585,NA,unjoined,NA,NA,FALSE
Lomariopsis_pervillei,NA,NA,NA,NA,NA,NA,DQ396587,NA,unjoined,NA,NA,FALSE
Lomariopsis_pollicina,EF463776,EF463481,NA,EF463235,NA,NA,DQ396588,NA,voucher,rakotondrainibe6707,NA,FALSE
Lomariopsis_prieuriana,NA,NA,NA,KJ628765,NA,NA,NA,NA,unjoined,NA,Phylogenetic relatedness within neotropical fern communities,FALSE
Lomariopsis_recurvata,NA,NA,NA,NA,NA,NA,DQ396592,NA,unjoined,NA,NA,FALSE
Lomariopsis_rossii,NA,NA,NA,NA,NA,NA,DQ396594,NA,unjoined,NA,NA,FALSE
Lomariopsis_salicifolia,NA,NA,NA,NA,NA,NA,DQ396596,NA,unjoined,NA,NA,FALSE
Lomariopsis_sorbifolia,EF463777,EF463482,NA,EF463236,OL473656,OL473656,OL473682,NA,voucher,christenhusz4070,NA,FALSE
Lomariopsis_spectabilis,NA,KJ196492,KJ196616,KJ196811,NA,NA,KJ196685,NA,voucher,sydong3597,NA,FALSE
Lomariopsis_vestita,NA,NA,NA,KJ628767,NA,NA,NA,NA,unjoined,NA,Phylogenetic relatedness within neotropical fern communities,FALSE
Lomariopsis_wrightii,NA,NA,NA,NA,NA,NA,DQ396600,NA,unjoined,NA,NA,FALSE
Lonchitis_hirsuta,NA,NA,NA,NA,NA,NA,NA,MT130654,NA,NA,NA,FALSE
Lonchitis_occidentalis,NA,NA,NA,NA,NA,NA,NA,MT130627,NA,NA,NA,FALSE
Lophosoria_quadripinnata,NA,NA,KY458200,KY458188,NA,NA,NA,NA,voucher,coah61234,NA,FALSE
Lophosoria_quesadae,NA,NA,MF178104,NA,NA,NA,MF066551,NA,voucher,lehnertm2655,NA,FALSE
Lorinseria_areolata,NA,NA,JF832296,AF425102,AF425155,AF425155,NA,NA,monophy,NA,NA,FALSE
Loxogramme_abyssinica,EF463826,EF463498,NA,EF463252,NA,NA,NA,NA,voucher,rakotondrainibe6711,NA,FALSE
Loxogramme_acroscopa,NA,NA,NA,NA,NA,NA,NA,MW876336,NA,NA,NA,FALSE
Loxogramme_avenia,NA,NA,NA,NA,NA,NA,NA,MW876335,NA,NA,NA,FALSE
Loxogramme_biformis,NA,NA,NA,PP560545,NA,NA,PP561854,NA,voucher,taiflu26663,NA,FALSE
Loxogramme_centicola,NA,NA,NA,PP560815,NA,NA,PP561776,NA,voucher,taifwade4805,NA,FALSE
Loxogramme_chinensis,NA,NA,NA,NA,NA,NA,NA,MT130671,NA,NA,NA,FALSE
Loxogramme_cuspidata,NA,NA,MF450473,MF450443,MF450464,MF450464,NA,NA,voucher,wxp201721weixp,NA,FALSE
Loxogramme_dictyopteris,NA,NA,NA,KT626735,AY096214,AY096214,DQ227303,NA,monophy,NA,NA,FALSE
Loxogramme_dimorpha,NA,NA,NA,PP560807,NA,NA,PP561768,NA,voucher,taifwade3902,NA,FALSE
Loxogramme_ensifrons,NA,NA,NA,PP560814,NA,NA,PP561775,NA,monophy,NA,NA,FALSE
Loxogramme_forbesii,NA,NA,NA,PP560241,NA,NA,PP561778,NA,voucher,taifwade5656,NA,FALSE
Loxogramme_formosana,NA,NA,NA,PX635161,NA,NA,PP562262,NA,monophy,NA,NA,FALSE
Loxogramme_grammitoides,NA,NA,NA,OQ708605,OQ717290,OQ717290,OQ717122,NA,voucher,rknapp3652,NA,FALSE
Loxogramme_involuta,NA,NA,NA,NA,NA,NA,NA,MT130617,NA,NA,NA,FALSE
Loxogramme_lanceolata,NA,NA,NA,KF992501,NA,NA,NA,NA,unjoined,egrangaudpacocksn,Evolutionary patterns in the assembly of fern diversity on the,FALSE
Loxogramme_mexicana,NA,NA,NA,NA,NA,NA,DQ227301,NA,unjoined,NA,NA,FALSE
Loxogramme_nidiformis,NA,NA,NA,PP560813,NA,NA,PP561774,NA,monophy,NA,NA,FALSE
Loxogramme_parallela,NA,NA,NA,PP560820,NA,NA,PP561784,NA,monophy,NA,NA,FALSE
Loxogramme_parksii,NA,NA,NA,MT657668,NA,NA,NA,NA,unjoined,krwood16912,Biogeography of Pacific pteridophytes in a global context,FALSE
Loxogramme_salicifolia,NA,NA,NA,DQ227294,DQ227297,DQ227297,DQ227302,NA,voucher,cultrbgedinburghcollnr72811originalfromchinacangshan1981,NA,FALSE
Loxogramme_scolopendrioides,NA,NA,NA,PP560802,NA,NA,PP561763,NA,voucher,taifwade1404,NA,FALSE
Loxogramme_yigongensis,NA,NA,NA,ON859855,ON859859,ON859859,ON859865,NA,voucher,4105,NA,FALSE
Loxsoma_cunninghamii,AM176451,AY612702,JF303912,AY612679,AY612664,AY612664,NA,NA,monophy,NA,NA,FALSE
Loxsomopsis_pearcei,NA,NA,NA,NA,NA,NA,NA,OM419343,NA,NA,NA,FALSE
Lygodium_articulatum,NA,NA,NA,KT423956,NA,KT423798,KT423520,NA,voucher,streimann80071,NA,FALSE
Lygodium_circinnatum,NA,NA,NA,NA,NA,NA,NA,PQ591739,NA,NA,NA,FALSE
Lygodium_cubense,NA,NA,NA,NA,NA,NA,DQ845219,NA,unjoined,NA,NA,FALSE
Lygodium_flexuosum,NA,NA,NA,NA,NA,NA,NA,PQ591738,NA,NA,NA,FALSE
Lygodium_heterodoxum,NA,NA,NA,AJ303421,NA,NA,NA,NA,unjoined,ahughes55,Schizaeaceae: a phylogenetic approach,FALSE
Lygodium_japonicum,NA,NA,NA,NA,NA,NA,NA,OM419353,NA,NA,NA,FALSE
Lygodium_kerstenii,NA,NA,NA,AJ303420,NA,NA,NA,NA,unjoined,fisherschweickerdt230,Schizaeaceae: a phylogenetic approach,FALSE
Lygodium_lanceolatum,NA,NA,NA,AJ303414,NA,NA,NA,NA,unjoined,wbaker1024,Schizaeaceae: a phylogenetic approach,FALSE
Lygodium_longifolium,NA,NA,NA,NA,NA,NA,NA,PQ591740,NA,NA,NA,FALSE
Lygodium_merrillii,NA,NA,NA,NA,NA,NA,NA,OM350010,NA,NA,NA,FALSE
Lygodium_microphyllum,NA,NA,NA,NA,NA,NA,NA,PX693348,NA,NA,NA,FALSE
Lygodium_oligostachyum,NA,NA,NA,NA,NA,NA,DQ845221,NA,unjoined,NA,NA,FALSE
Lygodium_palmatum,NA,NA,NA,NA,NA,NA,NA,PV764710,NA,NA,NA,FALSE
Lygodium_polystachyum,NA,NA,NA,NA,NA,NA,NA,PQ591742,NA,NA,NA,FALSE
Lygodium_radiatum,NA,KJ716381,NA,AJ303417,NA,NA,NA,NA,monophy,NA,NA,FALSE
Lygodium_reticulatum,NA,NA,NA,NA,NA,NA,NA,PV764711,NA,NA,NA,FALSE
Lygodium_salicifolium,NA,NA,NA,NA,NA,NA,NA,PQ591741,NA,NA,NA,FALSE
Lygodium_smithianum,NA,NA,NA,NA,NA,NA,DQ845222,NA,unjoined,NA,NA,FALSE
Lygodium_venustum,NA,NA,NA,KJ628770,NA,NA,DQ845227,NA,monophy,NA,NA,FALSE
Lygodium_volubile,NA,NA,NA,NA,NA,NA,NA,OM419365,NA,NA,NA,FALSE
Lytoneuron_acutilobum,NA,NA,NA,KP407206,NA,NA,KP407226,NA,publication,NA,identifying the generic limits of the cheilanthoid genus,FALSE
Lytoneuron_crenulans,PQ417627,NA,NA,PQ417493,NA,NA,NA,NA,voucher,schuettpelz1465,NA,FALSE
Lytoneuron_feei,PQ417628,NA,NA,PQ417494,NA,NA,NA,NA,voucher,schuettpelz1442,NA,FALSE
Lytoneuron_itatiaiense,PQ417629,NA,NA,PQ463175,NA,NA,KP407228,NA,monophy,NA,NA,FALSE
Lytoneuron_lomariaceum,PQ417630,NA,NA,PQ417496,NA,NA,JN122020,NA,monophy,NA,NA,FALSE
Lytoneuron_ornithopus,PQ417631,NA,NA,PQ417497,NA,NA,KP407231,NA,monophy,NA,NA,FALSE
Lytoneuron_paradoxum,NA,NA,NA,EF473692,NA,NA,NA,NA,unjoined,prado1131,"Phylogenetic relationships among Pteridaceae, including Brazilian",FALSE
Macrothelypteris_ogasawarensis,NA,NA,NA,AB575034,NA,NA,NA,NA,manual,NA,NA,FALSE
Macrothelypteris_oligophlebia,NA,NA,NA,NA,JN572182,JN572182,JN572263,NA,manual,NA,NA,FALSE
Macrothelypteris_ornata,NA,NA,NA,JN572345,JN572183,JN572183,HQ890406,NA,manual,NA,NA,FALSE
Macrothelypteris_polypodioides,NA,NA,NA,NA,JX874891,JX874891,HQ890407,NA,manual,NA,NA,FALSE
Macrothelypteris_torresiana,NA,NA,NA,NA,NA,NA,NA,MH500230,NA,NA,NA,FALSE
Macrothelypteris_viridifrons,NA,NA,NA,AB575049,NA,NA,NA,NA,manual,NA,NA,FALSE
Malaifilix_grandidentata,KU605210,NA,NA,KU605197,KU605090,KU605090,KU605113,NA,voucher,dukeschuettpelz679,NA,FALSE
Mankyua_chejuensis,NA,NA,NA,NA,NA,NA,NA,OR777261,NA,NA,NA,FALSE
Marattia_alata,EF463785,EU439060,NA,EU439082,EU439108,EU439108,EU221872,NA,monophy,NA,NA,FALSE
Marattia_douglasii,NA,EU439061,NA,EU439083,EU439109,EU439109,NA,NA,voucher,murdock388uc,NA,FALSE
Marattia_laxa,NA,NA,NA,NA,NA,NA,NA,MN412591,NA,NA,NA,FALSE
Marattia_weinmanniifolia,NA,EU221737,NA,EU221805,NA,NA,EU221875,NA,voucher,arsmith2567,NA,FALSE
Marsilea_aegyptiaca,NA,DQ643257,NA,DQ643291,DQ536323,DQ536323,DQ643359,NA,voucher,smith3623,NA,FALSE
Marsilea_ancylopoda,NA,NA,NA,AF104212,DQ536324,DQ536324,DQ643360,NA,voucher,pryer963,NA,FALSE
Marsilea_angustifolia,NA,DQ643258,NA,DQ643293,DQ536325,DQ536325,DQ643361,NA,voucher,hoshizaki1250,NA,FALSE
Marsilea_botryocarpa,NA,DQ643259,NA,DQ643294,DQ536326,DQ536326,DQ643362,NA,voucher,fadensn,NA,FALSE
Marsilea_capensis,NA,DQ643260,NA,DQ643295,DQ536327,DQ536327,DQ643363,NA,voucher,rambergsn,NA,FALSE
Marsilea_coromandelina,NA,NA,NA,FJ533950,FJ534043,FJ534043,FJ533858,NA,voucher,michmdyer172,NA,FALSE
Marsilea_costulifera,NA,NA,NA,HQ631089,HQ631182,HQ631182,HQ631279,NA,voucher,flasmwhitten3756,NA,FALSE
Marsilea_crotophora,NA,DQ643263,NA,DQ643298,DQ536330,DQ536330,NA,NA,voucher,ritter4561,NA,FALSE
Marsilea_deflexa,NA,NA,NA,FJ533951,FJ534044,FJ534044,FJ533859,NA,voucher,michdmjohnson794,NA,FALSE
Marsilea_distorta,NA,DQ643264,NA,NA,DQ536331,DQ536331,NA,NA,voucher,kornas6271,NA,FALSE
Marsilea_drummondii,NA,AF313551,NA,DQ643299,DQ536332,DQ536332,DQ643366,NA,voucher,hoshizaki577,NA,FALSE
Marsilea_ephippiocarpa,NA,NA,NA,HQ631165,HQ631260,HQ631260,HQ631357,NA,voucher,aapre99559,NA,FALSE
Marsilea_exarata,NA,NA,NA,HQ631134,HQ631229,HQ631229,HQ631326,NA,voucher,usafaden191,NA,FALSE
Marsilea_fadeniana,NA,DQ643266,NA,DQ643301,DQ536333,DQ536333,DQ643367,NA,voucher,evansandmaikweki55,NA,FALSE
Marsilea_farinosa,NA,DQ643267,NA,DQ643302,DQ536334,DQ536334,DQ643368,NA,voucher,faden70902,NA,FALSE
Marsilea_gibba,NA,DQ643268,NA,DQ643303,DQ536335,DQ536335,DQ643369,NA,voucher,fadenandngweno8733,NA,FALSE
Marsilea_hirsuta,NA,NA,NA,FJ533955,HQ631176,HQ631176,FJ533863,NA,voucher,usfrwunderlin10365,NA,FALSE
Marsilea_macrocarpa,NA,DQ643269,NA,DQ643304,DQ536336,DQ536336,DQ643370,NA,voucher,hoshizaki236,NA,FALSE
Marsilea_macropoda,NA,DQ643270,NA,DQ643305,DQ536337,DQ536337,DQ643371,NA,voucher,hoshizaki1458,NA,FALSE
Marsilea_minuta,NA,NA,NA,NA,NA,NA,NA,KC536646,NA,NA,NA,FALSE
Marsilea_mollis,NA,NA,NA,FJ534026,FJ534120,FJ534120,FJ533933,NA,voucher,asuddamrel627a,NA,FALSE
Marsilea_mutica,NA,NA,NA,NA,NA,NA,NA,PQ616049,NA,NA,NA,FALSE
Marsilea_nashii,NA,DQ643277,NA,DQ643311,DQ536344,DQ536344,DQ643376,NA,voucher,correllsn,NA,FALSE
Marsilea_nubica,NA,DQ643278,NA,DQ643313,DQ536346,DQ536346,NA,NA,monophy,NA,NA,FALSE
Marsilea_oligospora,NA,DQ643280,NA,DQ643314,DQ536347,DQ536347,DQ643377,NA,voucher,tiehm13199,NA,FALSE
Marsilea_owambo,NA,DQ643284,NA,DQ643318,DQ536351,DQ536351,NA,NA,voucher,burrows3716,NA,FALSE
Marsilea_polycarpa,NA,DQ643281,NA,DQ643315,DQ536348,DQ536348,DQ643378,NA,voucher,pryer960,NA,FALSE
Marsilea_quadrifolia,NA,NA,NA,NA,NA,NA,NA,PV391900,NA,NA,NA,FALSE
Marsilea_scalaripes,NA,NA,NA,HQ631167,HQ631262,HQ631262,HQ631359,NA,voucher,flaswhitten3766,NA,FALSE
Marsilea_schelpeana,NA,DQ643283,NA,DQ643317,DQ536350,DQ536350,DQ643380,NA,voucher,hoshizaki742,NA,FALSE
Marsilea_strigosa,NA,NA,NA,HQ728341,NA,NA,HQ728345,NA,voucher,ndessiatoff741,NA,FALSE
Marsilea_vestita,NA,DQ643285,NA,DQ643319,DQ536352,DQ536352,DQ643381,NA,voucher,howell47460,NA,FALSE
Marsilea_villifolia,NA,DQ643286,NA,DQ643320,DQ536353,DQ536353,NA,NA,voucher,hansen3232,NA,FALSE
Marsilea_villosa,NA,DQ643287,NA,DQ643321,DQ536354,DQ536354,DQ643382,NA,voucher,degener9049,NA,FALSE
Matonia_foxworthyi,NA,NA,NA,AF012266,NA,NA,NA,NA,unjoined,NA,An rbcL-based phylogeny and heteroblastic leaf morphology of,FALSE
Matonia_pectinata,NA,NA,NA,NA,NA,NA,NA,OM419375,NA,NA,NA,FALSE
Matteuccia_struthiopteris,NA,NA,NA,NA,NA,NA,NA,PQ742173,NA,NA,NA,FALSE
Maxonia_apiifolia,NA,NA,NA,NA,NA,NA,NA,OR530058,NA,NA,NA,FALSE
Megalastrum_abundans,PZ255725,NA,NA,PZ255641,NA,KJ464729,PZ255197,NA,monophy,NA,NA,FALSE
Megalastrum_acrosorum,NA,NA,NA,PZ255584,NA,NA,PZ255074,NA,voucher,aauollgard99562,NA,FALSE
Megalastrum_albidum,PZ255714,NA,NA,PZ255662,NA,NA,NA,NA,voucher,upcblabiak3985,NA,FALSE
Megalastrum_apicale,PZ255747,NA,NA,PZ255612,NA,NA,PZ255132,NA,voucher,nysundue1743,NA,FALSE
Megalastrum_aquilinum,NA,NA,NA,NA,NA,NA,PZ255210,NA,unjoined,NA,NA,FALSE
Megalastrum_atrogriseum,PZ255745,NA,NA,PZ255621,NA,NA,PZ255110,NA,voucher,nysundue1800,NA,FALSE
Megalastrum_biseriale,EF463712,EF463428,NA,EF463210,NA,NA,NA,NA,voucher,moran7545,NA,FALSE
Megalastrum_bolivianum,NA,NA,NA,NA,NA,NA,PZ255054,NA,unjoined,NA,NA,FALSE
Megalastrum_brevipubens,PZ255705,NA,NA,PZ255674,NA,NA,PZ255190,NA,voucher,upcbschwartsburd1968,NA,FALSE
Megalastrum_canescens,NA,NA,NA,PZ255651,NA,NA,PZ255185,NA,voucher,upcblabiak4372,NA,FALSE
Megalastrum_caribaeum,NA,NA,NA,PZ255599,NA,NA,PZ255142,NA,voucher,nymickelj9566,NA,FALSE
Megalastrum_ciliatum,NA,NA,NA,NA,NA,NA,PZ255079,NA,unjoined,NA,NA,FALSE
Megalastrum_connexum,NA,NA,NA,NA,NA,NA,NA,OR530059,NA,NA,NA,FALSE
Megalastrum_costipubens,NA,NA,NA,NA,NA,NA,PZ255120,NA,unjoined,NA,NA,FALSE
Megalastrum_dentatum,PZ255741,NA,NA,PZ255606,NA,NA,PZ255084,NA,voucher,nysundue1789,NA,FALSE
Megalastrum_fugaceum,PZ255717,NA,NA,PZ255684,NA,NA,PZ255155,NA,voucher,lpbjimenez1344,NA,FALSE
Megalastrum_galeottii,NA,NA,NA,PZ255610,NA,NA,PZ255119,NA,voucher,nymoran8176,NA,FALSE
Megalastrum_glabrius,NA,NA,NA,NA,NA,NA,PZ255207,NA,unjoined,NA,NA,FALSE
Megalastrum_glabrum,NA,NA,NA,PZ255615,NA,NA,PZ255105,NA,voucher,nysundue1724,NA,FALSE
Megalastrum_grande,PZ255710,NA,NA,PZ255647,NA,NA,PZ255183,NA,voucher,upcblabiak4475,NA,FALSE
Megalastrum_inaequale,PZ255722,NA,NA,PZ255678,NA,NA,PZ255188,NA,voucher,upcblabiak4401,NA,FALSE
Megalastrum_inaequalifolium,NA,NA,NA,NA,NA,NA,PZ255212,NA,unjoined,NA,NA,FALSE
Megalastrum_indusiatum,NA,NA,NA,NA,NA,NA,PZ255176,NA,unjoined,NA,NA,FALSE
Megalastrum_insigne,PZ255734,NA,NA,PZ255592,NA,NA,PZ255088,NA,voucher,nyfayetfay3391,NA,FALSE
Megalastrum_lanatum,PZ255703,NA,NA,PZ255695,NA,NA,PZ255218,NA,voucher,pgrangaud2,NA,FALSE
Megalastrum_lanuginosum,PZ255760,NA,NA,PZ255639,NA,NA,PZ255194,NA,monophy,NA,NA,FALSE
Megalastrum_littorale,NA,NA,NA,PZ255650,NA,NA,PZ255167,NA,voucher,upcblabiak4377,NA,FALSE
Megalastrum_longiglandulosum,NA,NA,NA,NA,NA,NA,PZ255116,NA,unjoined,NA,NA,FALSE
Megalastrum_longipilosum,PZ255765,NA,NA,PZ255618,NA,NA,PZ255106,NA,voucher,nymoran3162,NA,FALSE
Megalastrum_lunense,NA,NA,NA,MW138166,NA,NA,NA,NA,unjoined,jhnitta855,A taxonomic and molecular survey of the pteridophytes of the,FALSE
Megalastrum_macrotheca,EF463713,EF463429,NA,EF463211,NA,NA,NA,NA,voucher,christenhusz4181,NA,FALSE
Megalastrum_marginatum,PZ255755,NA,NA,PZ255630,NA,NA,PZ255076,NA,voucher,lpbjimenez2590,NA,FALSE
Megalastrum_martinicense,PZ255742,NA,NA,PZ255609,NA,NA,PZ255115,NA,voucher,bsccaluffsn1,NA,FALSE
Megalastrum_mexicanum,NA,NA,NA,NA,NA,NA,PZ255124,NA,unjoined,NA,NA,FALSE
Megalastrum_miscellum,NA,NA,NA,NA,NA,NA,PZ255093,NA,unjoined,NA,NA,FALSE
Megalastrum_molle,NA,NA,NA,NA,NA,NA,PZ255090,NA,unjoined,NA,NA,FALSE
Megalastrum_oppositum,PZ255699,NA,NA,PZ255689,NA,NA,PZ255219,NA,voucher,pgrangaud4,NA,FALSE
Megalastrum_organense,PZ255707,NA,NA,PZ255645,NA,NA,PZ255164,NA,voucher,upcblabiak4485,NA,FALSE
Megalastrum_palmense,PZ255767,NA,NA,PZ255616,NA,NA,PZ255102,NA,voucher,nysundue1783,NA,FALSE
Megalastrum_peregrinum,NA,NA,NA,NA,NA,NA,PZ255208,NA,unjoined,NA,NA,FALSE
Megalastrum_praetermissum,NA,NA,NA,NA,NA,NA,PZ255071,NA,unjoined,NA,NA,FALSE
Megalastrum_reductum,PZ255757,NA,NA,PZ255632,NA,NA,PZ255081,NA,voucher,nymoran7608,NA,FALSE
Megalastrum_retrorsum,PZ255713,NA,NA,PZ255669,NA,NA,PZ255163,NA,voucher,upcblabiak4355,NA,FALSE
Megalastrum_rupicola,PZ255758,NA,NA,PZ255631,NA,NA,PZ255098,NA,voucher,lpbjimenez844,NA,FALSE
Megalastrum_sparsipilosum,NA,NA,NA,NA,NA,NA,PZ255145,NA,unjoined,NA,NA,FALSE
Megalastrum_subincisum,EF463714,EF463430,NA,EF463212,NA,NA,NA,NA,voucher,moran7608,NA,FALSE
Megalastrum_substrigosum,PZ255728,NA,NA,PZ255672,NA,NA,PZ255189,NA,voucher,upcblabiak4222,NA,FALSE
Megalastrum_subtile,NA,NA,NA,KJ464486,NA,KJ464737,KJ464650,NA,voucher,moran7608,NA,FALSE
Megalastrum_taafense,NA,NA,NA,NA,NA,NA,PZ255203,NA,unjoined,NA,NA,FALSE
Megalastrum_vastum,NA,NA,NA,NA,NA,NA,NA,OR530060,NA,NA,NA,FALSE
Melpomene_albicans,NA,FJ011009,NA,FJ011046,NA,NA,NA,NA,voucher,mlehnert717goet,NA,FALSE
Melpomene_allosuroides,NA,GU376628,NA,GU387038,NA,GU387109,GU387273,NA,voucher,solomon12829,NA,FALSE
Melpomene_anazalea,NA,GU476773,NA,GU476898,NA,NA,GU476662,NA,voucher,sunduevasco1290,NA,FALSE
Melpomene_caput-gorgonis,NA,FJ011010,NA,FJ011047,NA,NA,NA,NA,voucher,mlehnert372goet,NA,FALSE
Melpomene_erecta,NA,GU376629,NA,GU387013,NA,GU387110,GU387274,NA,voucher,nunez25,NA,FALSE
Melpomene_firma,NA,GU376630,NA,GU387035,NA,GU387112,GU387276,NA,voucher,labiak4733,NA,FALSE
Melpomene_flabelliformis,NA,NA,NA,NA,NA,NA,NA,MZ357089,NA,NA,NA,FALSE
Melpomene_flagellata,NA,NA,NA,FJ011084,NA,NA,NA,NA,unjoined,mlehnert555goet,Phylogeny of the fern genus Melpomene (Polypodiaceae) inferred from,FALSE
Melpomene_gracilis,NA,FJ011006,NA,FJ011043,NA,NA,NA,NA,voucher,mlehnert1554goet,NA,FALSE
Melpomene_jimenezii,NA,NA,NA,FJ011085,NA,NA,NA,NA,unjoined,ijimenez1859goet,Phylogeny of the fern genus Melpomene (Polypodiaceae) inferred from,FALSE
Melpomene_leptostoma,NA,NA,NA,PV006722,NA,NA,NA,NA,unjoined,canekledesma20626,NA,FALSE
Melpomene_melanosticta,NA,GU376633,NA,GU387024,NA,GU387115,GU387279,NA,voucher,labiak4156,NA,FALSE
Melpomene_michaelium,NA,NA,NA,FJ011086,NA,NA,NA,NA,unjoined,mlehnert519goet,Phylogeny of the fern genus Melpomene (Polypodiaceae) inferred from,FALSE
Melpomene_moniliformis,NA,AY459487,NA,AY460655,NA,NA,NA,NA,voucher,dfarrar949211novoucher,NA,FALSE
Melpomene_occidentalis,NA,GU476776,NA,GU476877,NA,NA,GU476666,NA,voucher,sundue1157,NA,FALSE
Melpomene_paradoxa,NA,FJ011025,NA,FJ011062,NA,NA,NA,NA,voucher,mlehnert388goet,NA,FALSE
Melpomene_pennellii,NA,GU476778,NA,GU476867,NA,NA,GU476668,NA,voucher,sundue1112,NA,FALSE
Melpomene_personata,NA,GU376634,NA,GU387007,NA,GU387116,GU387280,NA,voucher,sundue1330,NA,FALSE
Melpomene_peruviana,NA,FJ011030,NA,FJ011067,NA,NA,NA,NA,voucher,mlehnert571goet,NA,FALSE
Melpomene_pilosissima,NA,GU376636,NA,GU386993,NA,GU387118,GU387281,NA,voucher,martinez1535,NA,FALSE
Melpomene_pseudonutans,NA,AY459489,NA,AY460657,NA,NA,NA,NA,voucher,kawilson2806uc,NA,FALSE
Melpomene_sklenarii,NA,FJ011034,NA,FJ011071,NA,NA,NA,NA,voucher,mlehnert1465goet,NA,FALSE
Melpomene_sodiroi,NA,FJ011035,NA,FJ011072,NA,NA,NA,NA,voucher,mlehnert1106goet,NA,FALSE
Melpomene_vulcanica,NA,FJ011037,NA,FJ011074,NA,NA,NA,NA,voucher,mlehnert176goet,NA,FALSE
Melpomene_wolfii,NA,FJ011039,NA,FJ011076,NA,NA,NA,NA,voucher,mlehnert985goet,NA,FALSE
Melpomene_xiphopteroides,NA,GU376638,NA,GU387040,NA,GU387120,GU387283,NA,voucher,vasco577,NA,FALSE
Melpomene_zempoaltepetlensis,NA,NA,NA,MK319126,NA,NA,MK319024,NA,voucher,sundue3050,NA,FALSE
Menisciopsis_boydiae,NA,NA,NA,MT657508,NA,NA,NA,NA,unjoined,krwood15623,Biogeography of Pacific pteridophytes in a global context,FALSE
Menisciopsis_cyatheoides,NA,NA,NA,MT657510,NA,NA,NA,NA,unjoined,krwood17305,Biogeography of Pacific pteridophytes in a global context,FALSE
Menisciopsis_lakhimpurensis,NA,NA,NA,JN572368,JN572206,JN572206,JN572283,NA,manual,NA,NA,FALSE
Menisciopsis_penangiana,NA,NA,NA,NA,NA,NA,NA,MT130694,NA,NA,NA,FALSE
Menisciopsis_wailele,NA,NA,NA,MT657509,NA,NA,NA,NA,unjoined,krwood16708,Biogeography of Pacific pteridophytes in a global context,FALSE
Meniscium_angustifolium,NA,NA,NA,NA,KT805101,KT805101,KT805036,NA,manual,NA,NA,FALSE
Meniscium_arborescens,NA,KM114065,NA,KJ628859,KT805102,KT805102,KT805037,NA,manual,NA,NA,FALSE
Meniscium_arcanum,NA,NA,NA,NA,KT805103,KT805103,KT805038,NA,manual,NA,NA,FALSE
Meniscium_chrysodioides,NA,NA,NA,NA,KT805104,KT805104,KT805039,NA,manual,NA,NA,FALSE
Meniscium_falcatum,NA,NA,NA,KJ628867,NA,NA,NA,NA,manual,NA,NA,FALSE
Meniscium_lingulatum,NA,MN781283,NA,NA,MN781392,MN781392,NA,NA,voucher,turtuomisto16728,NA,FALSE
Meniscium_longifolium,NA,NA,NA,NA,KT805105,KT805105,KT805040,NA,manual,NA,NA,FALSE
Meniscium_macrophyllum,NA,KM114066,NA,KJ628869,KT805106,KT805106,KT805041,NA,manual,NA,NA,FALSE
Meniscium_membranaceum,NA,NA,NA,NA,KT805107,KT805107,KT805042,NA,manual,NA,NA,FALSE
Meniscium_reticulatum,EF463894,EF463554,NA,EF463298,NA,NA,NA,NA,manual,NA,NA,FALSE
Meniscium_serratum,NA,NA,NA,KX397986,KT805109,KT805109,KT805044,NA,manual,NA,NA,FALSE
Mesophlebion_crassifolium,NA,NA,NA,NA,AF425174,AF425174,NA,NA,manual,NA,NA,FALSE
Mesophlebion_echinatum,NA,NA,NA,PP559975,NA,NA,NA,NA,unjoined,taifwade4227,A DNA barcode reference of Asian ferns with expert-identified,FALSE
Mesophlebion_motleyanum,NA,NA,NA,PP559982,NA,NA,PP561136,NA,voucher,taifwade4242,NA,FALSE
Mesophlebion_trichopodum,NA,NA,NA,PP560026,NA,NA,PP561173,NA,voucher,taifwade4416,NA,FALSE
Mesopteris_tonkinensis,NA,NA,NA,NA,NA,NA,NA,MH500229,NA,NA,NA,FALSE
Metathelypteris_adscendens,NA,NA,NA,PP560955,NA,NA,PP561904,NA,monophy,NA,NA,FALSE
Metathelypteris_dayi,NA,NA,NA,AF425110,KT805110,KT805110,KT805045,NA,manual,NA,NA,FALSE
Metathelypteris_flaccida,NA,NA,NA,JN572351,JN572189,JN572189,NA,NA,manual,NA,NA,FALSE
Metathelypteris_glandulifera,NA,NA,NA,JN572352,JN572190,JN572190,JN572270,NA,manual,NA,NA,FALSE
Metathelypteris_gracilescens,NA,NA,NA,AB575022,NA,NA,NA,NA,manual,NA,NA,FALSE
Metathelypteris_hattorii,NA,NA,NA,JN572353,JN572191,JN572191,JN572271,NA,manual,NA,NA,FALSE
Metathelypteris_laxa,NA,NA,NA,AB575028,NA,NA,NA,NA,manual,NA,NA,FALSE
Metathelypteris_singalanensis,NA,NA,NA,JN572354,JN572192,JN572192,JN572272,NA,manual,NA,NA,FALSE
Metathelypteris_uraiensis,JF304002,NA,JF303933,JF303972,NA,NA,NA,NA,manual,NA,NA,FALSE
Metaxya_contamanensis,NA,NA,KP244047,KP244073,KP244112,KP244112,NA,NA,voucher,turchristenhusz1930,NA,FALSE
Metaxya_elongata,NA,NA,KP244059,KP244077,KP244100,KP244100,NA,NA,voucher,turjones480,NA,FALSE
Metaxya_lanosa,NA,NA,NA,AF317701,NA,NA,NA,NA,unjoined,htuomistokruokolainen13054,"Metaxya lanosa, a second species in the genus and fern family",FALSE
Metaxya_parkeri,NA,NA,KP244062,KJ628779,KP244103,KP244094,NA,NA,monophy,NA,NA,FALSE
Metaxya_rostrata,NA,NA,NA,NA,NA,NA,NA,OM419378,NA,NA,NA,FALSE
Metaxya_scalaris,NA,NA,KP244032,KP244065,KP244088,KP244088,NA,NA,voucher,turlehtonen987,NA,FALSE
Mickelia_bernoullii,NA,NA,NA,NA,NA,NA,NA,OR530061,NA,NA,NA,FALSE
Mickelia_guianensis,NA,NA,NA,NA,NA,NA,NA,OR530062,NA,NA,NA,FALSE
Mickelia_hemiotis,NA,NA,NA,NA,NA,GU376658,GU376512,NA,voucher,hernandez1746,NA,FALSE
Mickelia_nicotianifolia,EF463666,EF463382,NA,EF463171,NA,NA,NA,NA,voucher,christenhusz4062,NA,FALSE
Mickelia_oligarchica,NA,NA,NA,NA,NA,NA,NA,OR530063,NA,NA,NA,FALSE
Mickelia_pergamentacea,NA,NA,NA,KJ464490,NA,NA,NA,NA,unjoined,sanchez124,Phylogeny and historical biogeography of the lastreopsid ferns,FALSE
Mickelia_scandens,NA,NA,NA,KJ464488,NA,GU376696,GU376547,NA,monophy,NA,NA,FALSE
Microgramma_baldwinii,NA,NA,NA,KY847861,KY847866,KY847866,NA,NA,voucher,tealmeida2631,NA,FALSE
Microgramma_bifrons,EF463828,EF463499,NA,AY362582,AY362654,AY362654,DQ642224,NA,monophy,NA,NA,FALSE
Microgramma_brunei,NA,NA,NA,MT583743,NA,NA,MT568806,NA,publication,NA,insights into long-distance dispersal and ecological and,FALSE
Microgramma_crispata,NA,NA,NA,MT583745,MT806112,MT806112,MT568807,NA,monophy,NA,NA,FALSE
Microgramma_dictyophylla,NA,MN781295,NA,MN781335,MN781379,MN781379,NA,NA,voucher,turtuomisto16692,NA,FALSE
Microgramma_geminata,NA,NA,NA,MT583747,MT806115,MT806115,MT568810,NA,publication,NA,insights into long-distance dispersal and ecological and,FALSE
Microgramma_heterophylla,NA,NA,NA,MT583749,MT806116,MT806116,MT568811,NA,monophy,NA,NA,FALSE
Microgramma_latevagans,NA,NA,NA,NA,EU250356,EU250356,EF104517,NA,voucher,jimenez1285,NA,FALSE
Microgramma_lindbergii,NA,NA,NA,MF317957,MT806119,MT806119,MT568813,NA,monophy,NA,NA,FALSE
Microgramma_lycopodioides,NA,NA,NA,NA,NA,NA,NA,MT130703,NA,NA,NA,FALSE
Microgramma_mauritiana,NA,NA,NA,AY362577,DQ642186,DQ642186,DQ642225,NA,monophy,NA,NA,FALSE
Microgramma_megalophylla,NA,NA,NA,AY362578,AY362650,AY362650,MT568818,NA,monophy,NA,NA,FALSE
Microgramma_microsoroides,NA,NA,NA,EU292730,EU292731,EU292731,EU292732,NA,voucher,almeida681,NA,FALSE
Microgramma_mortoniana,NA,NA,NA,MT583757,MT806126,MT806126,MT568819,NA,publication,NA,insights into long-distance dispersal and ecological and,FALSE
Microgramma_nana,NA,NA,NA,MT583759,NA,NA,NA,NA,unjoined,NA,Insights into long-distance dispersal and ecological and,FALSE
Microgramma_nitida,NA,NA,NA,EU250350,EU250357,EU250357,EF104518,NA,voucher,kramer2678,NA,FALSE
Microgramma_percussa,NA,MN781296,NA,MN781332,MN781380,MN781380,NA,NA,voucher,turtuomisto16621,NA,FALSE
Microgramma_persicariifolia,NA,NA,NA,KT780753,KT794133,KT794133,MT568824,NA,monophy,NA,NA,FALSE
Microgramma_piloselloides,NA,NA,NA,MT583763,NA,NA,NA,NA,unjoined,NA,Insights into long-distance dispersal and ecological and,FALSE
Microgramma_reptans,NA,NA,NA,MT708071,NA,NA,NA,NA,unjoined,NA,Insights into long-distance dispersal and ecological and,FALSE
Microgramma_rosmarinifolia,NA,NA,NA,MT583766,MT806135,MT806135,MT568829,NA,publication,NA,insights into long-distance dispersal and ecological and,FALSE
Microgramma_squamulosa,NA,NA,NA,DQ642150,DQ642188,DQ642188,DQ642228,NA,voucher,cultbotgardzurichkreiersn,NA,FALSE
Microgramma_tecta,NA,NA,NA,AY362580,NA,NA,NA,NA,unjoined,NA,Unraveling the phylogeny of polygrammoid ferns (Polypodiaceae and,FALSE
Microgramma_thurnii,NA,NA,NA,MT583769,MT806137,MT806137,MT568832,NA,monophy,NA,NA,FALSE
Microgramma_tobagensis,NA,NA,NA,MF318001,NA,MF318182,MF318427,NA,voucher,moran6927,NA,FALSE
Microgramma_vacciniifolia,NA,NA,NA,NA,NA,NA,NA,MW876337,NA,NA,NA,FALSE
Microlepia_bipinnata,NA,NA,NA,MK051652,MK051899,MK051899,MK052429,NA,voucher,jslwlsq0664,NA,FALSE
Microlepia_boluoensis,NA,NA,NA,MK051669,MK051918,MK051918,MK052448,NA,voucher,wyd623,NA,FALSE
Microlepia_calvescens,NA,NA,NA,MK051793,MK052046,MK052046,MK052585,NA,voucher,zxl09868,NA,FALSE
Microlepia_chrysocarpa,NA,NA,NA,MK051683,MK051932,MK051932,MK052462,NA,voucher,wyg197,NA,FALSE
Microlepia_crassa,NA,NA,NA,MK051799,MK052052,MK052052,MK052590,NA,voucher,stet2352,NA,FALSE
Microlepia_firma,NA,NA,NA,MK051811,MK052067,MK052067,MK052605,NA,voucher,zxl5925,NA,FALSE
Microlepia_hookeriana,NA,NA,NA,NA,NA,NA,NA,OP168860,NA,NA,NA,FALSE
Microlepia_intramarginalis,NA,NA,NA,PP560225,NA,NA,PP561342,NA,voucher,taifwade5613,NA,FALSE
Microlepia_izu-peninsulae,NA,NA,NA,AB574783,NA,NA,NA,NA,unjoined,tns766448,Molecular species identification with rich floristic sampling: DNA,FALSE
Microlepia_krameri,NA,NA,NA,MK051839,MK052100,MK052100,MK052645,NA,voucher,gbj02946,NA,FALSE
Microlepia_kurzii,NA,NA,NA,MK051631,MK051874,MK051874,MK052404,NA,voucher,yyh12098,NA,FALSE
Microlepia_manilensis,NA,NA,NA,MK051865,MK052118,MK052118,MK052670,NA,voucher,sg1718,NA,FALSE
Microlepia_marginata,NA,NA,NA,NA,NA,NA,NA,MT130649,NA,NA,NA,FALSE
Microlepia_matthewii,NA,NA,NA,NA,NA,NA,NA,OP081107,NA,NA,NA,FALSE
Microlepia_mollifolia,NA,NA,NA,MK051709,MK051962,MK051962,MK052494,NA,voucher,yyh11625,NA,FALSE
Microlepia_nepalensis,NA,NA,NA,NA,NA,NA,NA,OP168859,NA,NA,NA,FALSE
Microlepia_obtusiloba,NA,NA,NA,NA,NA,NA,NA,MT130570,NA,NA,NA,FALSE
Microlepia_pilosiuscula,NA,NA,NA,NA,NA,NA,NA,OP081097,NA,NA,NA,FALSE
Microlepia_platyphylla,NA,NA,NA,NA,NA,NA,NA,MT130685,NA,NA,NA,FALSE
Microlepia_pseudostrigosa,NA,NA,NA,AB552954,NA,NA,NA,NA,unjoined,tnsks2007206,Molecular phylogeny of Microlepia,FALSE
Microlepia_rhomboidea,NA,NA,NA,MK051806,MK052059,MK052059,MK052597,NA,voucher,sg2641,NA,FALSE
Microlepia_ridleyi,NA,NA,NA,MK051863,MK052116,MK052116,MK052668,NA,voucher,knbl189,NA,FALSE
Microlepia_scaberula,NA,NA,NA,MK051645,MK051889,MK051889,MK052419,NA,voucher,inabl18,NA,FALSE
Microlepia_smithii,NA,NA,NA,PP559656,NA,NA,MZ959174,NA,monophy,NA,NA,FALSE
Microlepia_speluncae,NA,NA,NA,NA,NA,NA,NA,OP081101,NA,NA,NA,FALSE
Microlepia_strigosa,NA,NA,NA,NA,NA,NA,NA,MT130633,NA,NA,NA,FALSE
Microlepia_substrigosa,NA,NA,NA,PP560505,NA,NA,PP562301,NA,voucher,taifkuo4227,NA,FALSE
Microlepia_subtrichosticha,NA,NA,NA,MK051698,MK051950,MK051950,MK052480,NA,voucher,xp617,NA,FALSE
Microlepia_tenera,NA,NA,NA,NA,NA,NA,NA,OP168861,NA,NA,NA,FALSE
Microlepia_todayensis,NA,NA,NA,MK051733,MK051981,MK051981,MK052522,NA,voucher,inabl49,NA,FALSE
Microlepia_trichocarpa,NA,NA,NA,MK051719,MK051971,MK051971,MK052508,NA,voucher,yyh13136,NA,FALSE
Microlepia_trichosora,NA,NA,NA,MK051829,MK052091,MK052091,MK052635,NA,voucher,wyd389,NA,FALSE
Micropolypodium_okuboi,NA,NA,NA,NA,NA,NA,NA,MW876338,NA,NA,NA,FALSE
Micropolypodium_sikkimense,NA,NA,NA,NA,NA,NA,NA,MW876339,NA,NA,NA,FALSE
Microschizaea_australis,NA,NA,NA,ON368128,NA,NA,ON368095,NA,voucher,bb289,NA,FALSE
Microschizaea_fistulosa,NA,NA,NA,NA,NA,NA,NA,ON207051,NA,NA,NA,FALSE
Microschizaea_malaccana,NA,NA,NA,PP560301,NA,NA,NA,NA,unjoined,taifwade5876,A DNA barcode reference of Asian ferns with expert-identified,FALSE
Microschizaea_robusta,NA,NA,NA,ON368150,NA,NA,ON368118,NA,voucher,arsmith2628,NA,FALSE
Microschizaea_rupestris,NA,NA,NA,ON368151,NA,NA,ON368119,NA,voucher,mamrenner8768,NA,FALSE
Microschizaea_tenella,NA,NA,NA,NA,NA,NA,NA,ON314248,NA,NA,NA,FALSE
Microsorum_biseriatum,MH113554,MH113587,MH113621,MH051189,MH113488,MH113488,MH113521,NA,voucher,wade2735,NA,FALSE
Microsorum_commutatum,MH113537,MH113570,MH113603,MH051171,MH113470,MH113470,MH113503,NA,voucher,wade3768,NA,FALSE
Microsorum_cuspidatum,NA,NA,NA,NA,NA,NA,NA,MT364353,NA,NA,NA,FALSE
Microsorum_glossophyllum,MH175522,MH113578,MH113612,MH051180,MH113478,MH113478,MH113512,NA,monophy,NA,NA,FALSE
Microsorum_grossum,EF463831,EF463500,NA,EF463253,NA,NA,NA,NA,voucher,ranker1941,NA,FALSE
Microsorum_heterocarpum,MH664993,MH665008,MH665021,MH665072,MH665138,MH665137,MH665204,NA,monophy,NA,NA,FALSE
Microsorum_insigne,NA,NA,NA,NA,NA,NA,NA,MW876340,NA,NA,NA,FALSE
Microsorum_maximum,NA,NA,NA,KY099833,NA,NA,MG427066,NA,voucher,hinkle106,NA,FALSE
Microsorum_membranifolium,MH664996,MH665011,MH665023,MH665077,MH665143,MH665143,MH665209,NA,voucher,wade2753,NA,FALSE
Microsorum_musifolium,MH664998,MH665013,NA,MH665079,MH665145,MH665145,MH665211,NA,voucher,k013621,NA,FALSE
Microsorum_nigrescens,NA,NA,NA,PP560519,NA,NA,PP561561,NA,voucher,taifkuo4628,NA,FALSE
Microsorum_pappei,NA,NA,NA,AF470336,NA,NA,AY083639,NA,publication,NA,systematics of the ant-fern genus lecanopteris (polypodiaceae):,FALSE
Microsorum_papuanum,NA,NA,NA,DQ642162,NA,NA,DQ642246,NA,voucher,cultbotgardberlinschuettpelz603,NA,FALSE
Microsorum_punctatum,NA,NA,NA,NA,NA,NA,NA,MW876342,NA,NA,NA,FALSE
Microsorum_scolopendria,MH113555,MH113588,MH113622,MH051190,MH113489,MH113489,MH113522,NA,voucher,ccchen1085,NA,FALSE
Microsorum_siamense,NA,NA,NA,NA,NA,NA,NA,MT801156,NA,NA,NA,FALSE
Microsorum_spectrum,NA,NA,NA,MT657633,NA,NA,MG427075,NA,monophy,NA,NA,FALSE
Microsorum_steerei,NA,NA,NA,NA,NA,NA,NA,MW876343,NA,NA,NA,FALSE
Microsorum_thailandicum,NA,NA,NA,EU482969,NA,NA,EU483066,NA,voucher,schwertfegersn,NA,FALSE
Microsorum_tohieaense,NA,NA,NA,MG452032,NA,NA,MG427077,NA,voucher,nitta3929,NA,FALSE
Microsorum_whiteheadii,NA,NA,NA,EU482970,NA,NA,EU483067,NA,voucher,whiteheadsn,NA,FALSE
Mineirella_geraniifolia,NA,NA,NA,MG593086,NA,NA,MG593112,NA,voucher,tealmeida1340,NA,FALSE
Mineirella_goyazensis,PQ417635,NA,NA,PQ417498,NA,NA,JN122018,NA,monophy,NA,NA,FALSE
Mineirella_venusta,PQ417636,NA,NA,PQ417499,NA,NA,NA,NA,voucher,schuettpelz1425,NA,FALSE
Monachosorum_arakii,NA,NA,NA,NA,NA,NA,NA,OP081116,NA,NA,NA,FALSE
Monachosorum_flagellare,NA,NA,NA,NA,NA,NA,NA,OP081127,NA,NA,NA,FALSE
Monachosorum_henryi,NA,NA,NA,NA,NA,NA,NA,OP081138,NA,NA,NA,FALSE
Monachosorum_maximowiczii,NA,NA,NA,NA,NA,NA,NA,OP168863,NA,NA,NA,FALSE
Monachosorum_nipponicum,NA,NA,NA,NA,NA,NA,NA,OP081131,NA,NA,NA,FALSE
Monachosorum_subdigitatum,NA,NA,NA,NA,NA,NA,NA,OP081130,NA,NA,NA,FALSE
Moranopteris_achilleifolia,NA,AY459499,NA,AY460666,NA,NA,NA,NA,voucher,jcordeirooribas1398uc,NA,FALSE
Moranopteris_aphelolepis,NA,JF514066,NA,JF513996,NA,NA,JF514030,NA,monophy,NA,NA,FALSE
Moranopteris_basiattenuata,NA,JF514058,NA,JF513988,NA,NA,JF514022,NA,voucher,breedlovethorne30160,NA,FALSE
Moranopteris_blepharidea,NA,JF514065,NA,JF513995,NA,KM106154,JF514029,NA,voucher,jimenez708,NA,FALSE
Moranopteris_caucana,NA,JF514071,NA,JF514002,NA,KM106155,JF514035,NA,monophy,NA,NA,FALSE
Moranopteris_cookii,NA,JF514076,NA,JF514007,NA,KM106156,JF514040,NA,voucher,sundue1771,NA,FALSE
Moranopteris_gradata,NA,JF514077,NA,JF514009,NA,NA,JF514043,NA,voucher,hirai537,NA,FALSE
Moranopteris_grisebachii,NA,NA,NA,JF514008,NA,NA,JF514041,NA,voucher,maxon9961,NA,FALSE
Moranopteris_hyalina,NA,JF514070,NA,JF514001,NA,KM106157,JF514034,NA,voucher,lehnert1426,NA,FALSE
Moranopteris_inaccessa,NA,KP050355,NA,KP027642,NA,NA,KP050357,NA,voucher,sylvester1628,NA,FALSE
Moranopteris_longisetosa,NA,JF514072,NA,JF514003,NA,KM106158,JF514036,NA,voucher,lehnert596,NA,FALSE
Moranopteris_microlepis,NA,JF514056,NA,JF513997,NA,NA,JF514031,NA,monophy,NA,NA,FALSE
Moranopteris_nana,NA,NA,NA,JF513990,NA,NA,NA,NA,unjoined,diaz4747,"Moranopteris, a new neotropical genus of grammitid ferns",FALSE
Moranopteris_perpusilla,NA,JF514079,NA,JF514011,NA,NA,JF514045,NA,voucher,hiari574,NA,FALSE
Moranopteris_plicata,NA,JF514074,NA,JF514005,NA,KM106159,JF514038,NA,voucher,lehnert929,NA,FALSE
Moranopteris_serricula,NA,JF514085,NA,JF514017,NA,NA,JF514052,NA,monophy,NA,NA,FALSE
Moranopteris_setosa,NA,JF514080,NA,JF514012,NA,NA,JF514046,NA,voucher,hirai599,NA,FALSE
Moranopteris_setulosa,NA,NA,NA,MK319143,NA,NA,MK319025,NA,voucher,evanslellingerbowes15,NA,FALSE
Moranopteris_sherringii,NA,NA,NA,KP027643,NA,NA,KP050356,NA,voucher,sundue2056,NA,FALSE
Moranopteris_taenifolia,NA,JF514083,NA,JF514015,NA,NA,JF514050,NA,voucher,trianomorenosn,NA,FALSE
Moranopteris_trichomanoides,NA,JF514063,NA,JF513993,NA,NA,JF514027,NA,monophy,NA,NA,FALSE
Moranopteris_truncicola,NA,JF514084,NA,JF514016,NA,KM106160,JF514051,NA,voucher,vascosundue626,NA,FALSE
Moranopteris_williamsii,NA,JF514069,NA,JF514000,NA,NA,JF514033,NA,voucher,kessler7173,NA,FALSE
Moranopteris_zurquina,NA,AY459492,NA,AY460659,NA,NA,NA,NA,voucher,arojas3021mmatauc,NA,FALSE
Mucura_bipinnata,NA,NA,NA,NA,NA,NA,NA,OP168838,NA,NA,NA,FALSE
Mucura_globulifera,NA,NA,NA,NA,NA,NA,NA,OP168843,NA,NA,NA,FALSE
Mycopteris_alsopteris,NA,AY459500,NA,AY460667,NA,NA,NA,NA,voucher,kawilson2609auc,NA,FALSE
Mycopteris_amphidasyon,NA,GU476759,NA,GU476922,NA,KM106161,GU476638,NA,voucher,moran7646,NA,FALSE
Mycopteris_attenuatissima,NA,GU476801,NA,GU476866,NA,GU387121,GU476705,NA,voucher,sundue1098,NA,FALSE
Mycopteris_costaricensis,NA,NA,NA,MW138273,NA,NA,NA,NA,unjoined,jhnitta707,A taxonomic and molecular survey of the pteridophytes of the,FALSE
Mycopteris_cretata,NA,NA,NA,GU476823,NA,NA,GU476713,NA,voucher,alford2719,NA,FALSE
Mycopteris_leucosticta,NA,GU476811,NA,GU476848,NA,KM106162,GU476720,NA,voucher,lehnert1128,NA,FALSE
Mycopteris_longicaulis,NA,GU476813,NA,GU476840,NA,KM106163,GU476724,NA,voucher,jimenez373,NA,FALSE
Mycopteris_longipilosa,NA,GU476814,NA,GU476861,NA,KM106164,GU476725,NA,monophy,NA,NA,FALSE
Mycopteris_praeceps,NA,GU476817,NA,GU476839,NA,KM106165,GU476734,NA,voucher,jimenez2173,NA,FALSE
Mycopteris_semihirsuta,NA,GU476818,NA,GU476894,NA,NA,GU476735,NA,voucher,sunduevasco1246,NA,FALSE
Mycopteris_subtilis,NA,GU376643,NA,GU386984,NA,GU387128,GU387288,NA,voucher,lehnert1396,NA,FALSE
Mycopteris_taxifolia,NA,GU476800,NA,GU476914,NA,KM106167,GU476699,NA,voucher,labiak4018,NA,FALSE
Mycopteris_zeledoniana,NA,NA,NA,GU476910,NA,GU387129,NA,NA,monophy,NA,NA,FALSE
Myriopteris_aemula,KF961701,NA,NA,KF961764,NA,NA,NA,NA,monophy,NA,NA,FALSE
Myriopteris_alabamensis,KF961702,EF452023,NA,KF961765,DQ914144,DQ914144,DQ914220,NA,monophy,NA,NA,FALSE
Myriopteris_allosuroides,KF961704,NA,NA,U27239,NA,NA,NA,NA,monophy,NA,NA,FALSE
Myriopteris_aurea,KF961706,NA,NA,KF961769,NA,NA,NA,NA,voucher,schuettpelz466,NA,FALSE
Myriopteris_chipinquensis,KF961713,NA,NA,KF961776,NA,NA,NA,NA,voucher,knobloch1996b,NA,FALSE
Myriopteris_clevelandii,KF961714,NA,NA,KF961777,NA,NA,NA,NA,voucher,metzgar180,NA,FALSE
Myriopteris_cooperae,KF961716,NA,NA,KF961778,NA,NA,NA,NA,voucher,taylor15925,NA,FALSE
Myriopteris_covillei,NA,NA,NA,NA,NA,NA,NA,MG953517,NA,NA,NA,FALSE
Myriopteris_cucullans,KF961717,NA,NA,KF961780,NA,NA,NA,NA,voucher,beck1137,NA,FALSE
Myriopteris_fendleri,KJ000204,FJ870819,NA,KJ000203,FJ870841,FJ870841,NA,NA,voucher,schuettpelz470,NA,FALSE
Myriopteris_fimbriata,KF961721,NA,NA,KF961784,NA,NA,NA,NA,voucher,hallberg1656,NA,FALSE
Myriopteris_gracilis,KF961720,NA,NA,KF961783,DQ914150,DQ914150,DQ914224,NA,monophy,NA,NA,FALSE
Myriopteris_gracillima,KF961722,NA,NA,KF961785,NA,NA,NA,NA,voucher,pryer0603,NA,FALSE
Myriopteris_intertexta,KF961727,NA,NA,KF961790,NA,NA,NA,NA,voucher,greenhouse5086,NA,FALSE
Myriopteris_jamaicensis,KF961728,NA,NA,KF961791,NA,NA,NA,NA,voucher,clase3856,NA,FALSE
Myriopteris_lanosa,NA,NA,NA,NA,NA,NA,NA,PX893070,NA,NA,NA,FALSE
Myriopteris_lendigera,KF961734,NA,NA,KF961797,NA,NA,NA,NA,voucher,beck1226,NA,FALSE
Myriopteris_lindheimeri,NA,NA,NA,NA,NA,NA,NA,HM778032,NA,NA,NA,FALSE
Myriopteris_longipila,NA,NA,NA,KF961801,NA,NA,NA,NA,unjoined,mickel6317,Patterns of Diversification in the Xeric-adapted Fern Genus,FALSE
Myriopteris_marsupianthes,KF961739,NA,NA,KF961803,NA,NA,NA,NA,voucher,jankiewicz13,NA,FALSE
Myriopteris_mexicana,KF961740,NA,NA,KF961804,NA,NA,NA,NA,voucher,beck1151,NA,FALSE
Myriopteris_mickelii,KF961741,NA,NA,KF961805,NA,NA,NA,NA,voucher,sales1848,NA,FALSE
Myriopteris_microphylla,KF961743,NA,NA,KF961807,NA,NA,NA,NA,voucher,kessler9568,NA,FALSE
Myriopteris_moritziana,KF961744,NA,NA,KF961808,NA,NA,NA,NA,voucher,rothfels3589,NA,FALSE
Myriopteris_myriophylla,KF961745,NA,NA,KF961809,NA,NA,NA,NA,voucher,schuettpelz989,NA,FALSE
Myriopteris_newberryi,EU268738,FJ870827,NA,EU268787,FJ870849,FJ870849,EU831188,NA,monophy,NA,NA,FALSE
Myriopteris_notholaenoides,KF961749,NA,NA,KF961813,NA,NA,NA,NA,voucher,grusz08020,NA,FALSE
Myriopteris_parryi,KF961751,NA,NA,KF961815,NA,NA,NA,NA,voucher,metzgar149,NA,FALSE
Myriopteris_peninsularis,KF961752,NA,NA,KF961816,NA,NA,NA,NA,voucher,delaluz9764,NA,FALSE
Myriopteris_pringlei,HM003027,NA,NA,HM003031,NA,NA,NA,NA,voucher,schuettpelz502,NA,FALSE
Myriopteris_rawsonii,KF961754,NA,NA,GU935520,GU935552,GU935552,GU935615,NA,monophy,NA,NA,FALSE
Myriopteris_rufa,EF452084,EF452024,NA,EF452144,NA,NA,NA,NA,voucher,schuettpelz323,NA,FALSE
Myriopteris_scabra,NA,NA,NA,NA,NA,NA,NA,MH173083,NA,NA,NA,FALSE
Myriopteris_tomentosa,HQ157270,HQ157274,NA,HQ157306,NA,NA,NA,NA,voucher,christenhusz5862,NA,FALSE
Myriopteris_viscida,KF961757,NA,NA,KF961821,NA,NA,NA,NA,voucher,metzgar169,NA,FALSE
Myriopteris_windhamii,KF961756,NA,NA,KF961820,NA,NA,NA,NA,voucher,beck1050,NA,FALSE
Myriopteris_wootonii,KF961759,FJ870828,NA,KF961823,FJ870850,FJ870850,NA,NA,voucher,schuettpelz488,NA,FALSE
Myriopteris_wrightii,HM003026,NA,NA,HM003030,DQ914163,DQ914163,DQ914233,NA,monophy,NA,NA,FALSE
Myriopteris_yatskievychiana,KF961761,NA,NA,KF961825,NA,NA,NA,NA,voucher,burquez96302,NA,FALSE
Myriopteris_yavapensis,KF961762,FJ870833,NA,KF961826,FJ870855,FJ870855,NA,NA,voucher,schuettpelz415,NA,FALSE
Namaquapteris_capensis,MH170451,NA,NA,MH170413,GU935536,GU935536,NA,NA,monophy,NA,NA,FALSE
Namaquapteris_deltoidea,GU935467,NA,NA,MK020117,GU935537,GU935537,GU935605,NA,monophy,NA,NA,FALSE
Namaquapteris_hastata,GU935468,NA,NA,GU935510,GU935538,GU935538,GU935612,NA,monophy,NA,NA,FALSE
Namaquapteris_robusta,GU935466,NA,NA,GU935507,GU935535,GU935535,GU935609,NA,monophy,NA,NA,FALSE
Namaquapteris_schimperi,PQ417592,NA,NA,MH170410,NA,NA,NA,NA,monophy,NA,NA,FALSE
Nanogrammitis_holophlebia,NA,KY711808,NA,KY711983,NA,KY712306,KY711632,NA,voucher,rakotondrainibe6933,NA,FALSE
Nanogrammitis_obtusa,NA,KY711818,NA,KF992493,NA,KY712315,KY711641,NA,monophy,NA,NA,FALSE
Nanogrammitis_pellucidovenosa,NA,KY711820,NA,KY711996,NA,NA,KY711645,NA,monophy,NA,NA,FALSE
Nanogrammitis_pervillei,NA,KY711887,NA,KY712061,NA,KY712379,KY711707,NA,voucher,senterre6128,NA,FALSE
Nanogrammitis_synsora,NA,KY711826,NA,KY712006,NA,NA,KY711654,NA,monophy,NA,NA,FALSE
Neoblechnum_brasiliense,HQ157261,HQ157282,NA,AB040545,HQ157324,HQ157324,DQ683436,NA,monophy,NA,NA,FALSE
Nephrolepis_abrupta,NA,NA,NA,HM748138,HM748164,HM748164,NA,NA,monophy,NA,NA,FALSE
Nephrolepis_acutifolia,NA,NA,NA,HM748139,HM748165,HM748165,NA,NA,voucher,mkessler13664,NA,FALSE
Nephrolepis_biserrata,NA,NA,NA,NA,NA,NA,NA,MT130615,NA,NA,NA,FALSE
Nephrolepis_brownii,NA,NA,NA,PP560796,NA,NA,PP561753,NA,voucher,taifzxc002785,NA,FALSE
Nephrolepis_cordifolia,NA,NA,NA,NA,NA,NA,NA,OL876381,NA,NA,NA,FALSE
Nephrolepis_davalliae,NA,NA,NA,HM748147,HM748174,HM748174,NA,NA,voucher,tgwalkert9228,NA,FALSE
Nephrolepis_davallioides,JF832131,JF832172,NA,JF832075,NA,NA,NA,NA,voucher,schuettpelz716,NA,FALSE
Nephrolepis_exaltata,NA,NA,NA,HM748149,HM748176,HM748176,NA,NA,voucher,mchristenhusz3379,NA,FALSE
Nephrolepis_falcata,NA,DQ646105,NA,HM748150,HM748177,HM748177,NA,NA,monophy,NA,NA,FALSE
Nephrolepis_falciformis,NA,NA,NA,AB232404,HM748178,HM748178,NA,NA,monophy,NA,NA,FALSE
Nephrolepis_flexuosa,NA,NA,NA,MK959215,NA,NA,NA,NA,unjoined,chr636767,Cenozoic formation and colonisation history of the New Zealand,FALSE
Nephrolepis_hippocrepicis,NA,NA,NA,PP560510,NA,NA,NA,NA,unjoined,taifkuo4543,A DNA barcode reference of Asian ferns with expert-identified,FALSE
Nephrolepis_hirsutula,EF463778,EF463483,NA,EF463237,NA,NA,NA,NA,voucher,christenhusz3580,NA,FALSE
Nephrolepis_lauterbachii,NA,NA,NA,HM748153,HM748180,HM748180,NA,NA,voucher,hl930105,NA,FALSE
Nephrolepis_obliterata,NA,NA,NA,MT657675,NA,NA,NA,NA,unjoined,dhlorence9786,Biogeography of Pacific pteridophytes in a global context,FALSE
Nephrolepis_pectinata,NA,NA,NA,MW138231,HM748181,HM748181,NA,NA,monophy,NA,NA,FALSE
Nephrolepis_pendula,NA,NA,NA,HM748156,HM748182,HM748182,NA,NA,voucher,ahughes22,NA,FALSE
Nephrolepis_radicans,NA,NA,NA,HM748157,HM748183,HM748183,NA,NA,voucher,hl933329,NA,FALSE
Nephrolepis_rivularis,NA,NA,NA,HM748158,HM748184,HM748184,NA,NA,voucher,mchristenhusz2733,NA,FALSE
Nephrolepis_undulata,NA,NA,NA,HM748159,HM748185,HM748186,NA,NA,monophy,NA,NA,FALSE
Nesolindsaea_caudata,NA,NA,NA,NA,NA,NA,GU478757,NA,unjoined,NA,NA,FALSE
Nesolindsaea_kirkii,HQ157265,HQ157275,NA,HQ157307,HQ157327,MG561411,MG561416,NA,voucher,christenhusz5880,NA,FALSE
Niphidium_albopunctatissimum,NA,NA,NA,MF317952,NA,MF318187,MF318432,NA,voucher,arroyo2779,NA,FALSE
Niphidium_crassifolium,NA,NA,NA,NA,NA,NA,NA,MW876344,NA,NA,NA,FALSE
Niphidium_longifolium,NA,NA,NA,KF667663,NA,KF667578,MF318434,NA,voucher,moran6844,NA,FALSE
Niphidium_nidulare,NA,NA,NA,MF317988,NA,MF318189,MF318435,NA,voucher,mickel1913,NA,FALSE
Notholaena_affinis,MK632503,NA,NA,MK632715,NA,NA,NA,NA,voucher,mexucgonzalezlabat2603,NA,FALSE
Notholaena_aliena,EU268744,NA,NA,EU268790,NA,NA,NA,NA,voucher,windhamyatskievych761,NA,FALSE
Notholaena_aschenborniana,EU268745,EF452043,NA,EF452159,NA,NA,NA,NA,voucher,schuettpelz476,NA,FALSE
Notholaena_aureolina,MK632506,NA,NA,MK632718,NA,NA,NA,NA,voucher,dukerothfels08049,NA,FALSE
Notholaena_brachypus,MK632508,NA,NA,EU268781,NA,NA,MN876725,NA,monophy,NA,NA,FALSE
Notholaena_brevistipes,MK632509,NA,NA,MK632721,NA,NA,NA,NA,voucher,dukerothfels3048,NA,FALSE
Notholaena_bryopoda,EU268746,NA,NA,EU268791,NA,NA,NA,NA,voucher,windham485,NA,FALSE
Notholaena_californica,MK632510,NA,NA,MK632723,DQ914167,DQ914167,NA,NA,monophy,NA,NA,FALSE
Notholaena_candida,JQ855921,NA,NA,JQ855931,NA,NA,NA,NA,voucher,windham472,NA,FALSE
Notholaena_ekmanii,OP523959,NA,NA,OP523939,NA,NA,NA,NA,monophy,NA,NA,FALSE
Notholaena_galeottii,MK632514,NA,NA,MK632726,NA,NA,NA,NA,voucher,dukerothfels3277,NA,FALSE
Notholaena_grayi,EU268750,JF832173,JF832280,EU268795,NA,NA,MN876727,NA,monophy,NA,NA,FALSE
Notholaena_greggii,EU268751,NA,NA,EU268796,NA,NA,NA,NA,monophy,NA,NA,FALSE
Notholaena_jacalensis,MK632515,NA,NA,MK632728,NA,NA,NA,NA,voucher,dukerothfels3030,NA,FALSE
Notholaena_jaliscana,MK632516,NA,NA,MK020119,NA,NA,NA,NA,monophy,NA,NA,FALSE
Notholaena_lemmonii,MK632517,NA,NA,EU268797,NA,NA,MN876728,NA,monophy,NA,NA,FALSE
Notholaena_leonina,NA,NA,NA,MK632731,NA,NA,NA,NA,unjoined,mexurodriguez420,Low-copy nuclear sequence data confirm complex patterns of farina,FALSE
Notholaena_meridionalis,JQ855922,NA,NA,JQ855932,NA,NA,NA,NA,voucher,rothfels2646,NA,FALSE
Notholaena_montielae,JQ855923,NA,NA,JQ855933,NA,NA,NA,NA,voucher,stevenssn,NA,FALSE
Notholaena_nealleyi,JQ855924,NA,NA,JQ855934,NA,NA,NA,NA,voucher,rothfels2482,NA,FALSE
Notholaena_neglecta,EU268753,NA,NA,EU268798,NA,NA,NA,NA,voucher,schuettpelz477,NA,FALSE
Notholaena_ochracea,EU268728,NA,NA,EU268777,NA,NA,NA,NA,monophy,NA,NA,FALSE
Notholaena_revoluta,MK632518,NA,NA,MK632733,NA,NA,NA,NA,voucher,inbrothfels2643,NA,FALSE
Notholaena_rigida,EU268754,NA,NA,EU268799,NA,NA,NA,NA,voucher,windham491,NA,FALSE
Notholaena_rosei,EU268755,NA,NA,U27728,NA,NA,NA,NA,monophy,NA,NA,FALSE
Notholaena_schaffneri,EU268756,NA,NA,EU268801,NA,NA,NA,NA,voucher,windham526,NA,FALSE
Notholaena_standleyi,NA,NA,NA,NA,NA,NA,NA,MH173067,NA,NA,NA,FALSE
Notholaena_sulphurea,MK632524,NA,NA,U28254,NA,NA,MN876729,NA,monophy,NA,NA,FALSE
Notholaena_trichomanoides,EU268762,NA,NA,EU268807,NA,NA,NA,NA,monophy,NA,NA,FALSE
Notogrammitis_angustifolia,NA,PV011912,NA,PV011903,PV011941,PV011941,PV011931,NA,voucher,mel2532961,NA,FALSE
Notogrammitis_billardierei,NA,PV011913,NA,PV011904,PV011934,PV011934,PV011927,NA,voucher,mel2532962,NA,FALSE
Notogrammitis_ciliata,NA,AY459470,NA,AY460638,NA,NA,NA,NA,voucher,arsmith2615uc,NA,FALSE
Notogrammitis_crassior,NA,PV011914,NA,PV011905,PV011940,PV011940,PV011932,NA,voucher,mel2521938a,NA,FALSE
Notogrammitis_givenii,NA,JX499242,NA,JQ904079,NA,NA,JQ904112,NA,monophy,NA,NA,FALSE
Notogrammitis_heterophylla,NA,PV011915,NA,PV011906,PV011942,PV011942,PV011930,NA,monophy,NA,NA,FALSE
Notogrammitis_patagonica,NA,NA,NA,JQ904088,NA,NA,JQ904075,NA,voucher,lrp4760,NA,FALSE
Notogrammitis_pseudociliata,NA,AY459477,NA,AY460645,NA,NA,NA,NA,voucher,parris12420ak,NA,FALSE
Notogrammitis_rawlingsii,NA,JX499240,NA,JQ904086,NA,NA,JQ904118,NA,monophy,NA,NA,FALSE
Notogrammitis_rigida,NA,JX499238,NA,JQ904082,NA,NA,JQ904121,NA,publication,NA,chloroplast dna sequences indicate the grammitid ferns,FALSE
Oceaniopteris_cartilaginea,NA,NA,NA,KJ170816,KJ170789,KJ170789,KJ170843,NA,voucher,melusn,NA,FALSE
Oceaniopteris_ciliata,NA,NA,NA,KF975799,KF975755,KF975755,KF975722,NA,voucher,weltp026067,NA,FALSE
Oceaniopteris_francii,NA,NA,NA,MH179042,MH178845,MH178845,NA,NA,voucher,helsinkibotanicalgarden2011597,NA,FALSE
Oceaniopteris_gibba,NA,NA,NA,NA,NA,NA,NA,MN623360,NA,NA,NA,FALSE
Oceaniopteris_obtusata,NA,NA,NA,KF975803,KF975759,KF975759,KF975723,NA,voucher,weltp026059,NA,FALSE
Oceaniopteris_vittata,NA,NA,NA,KF975815,KF975770,KF975770,KF975731,NA,voucher,weltp023770,NA,FALSE
Oceaniopteris_whelanii,NA,NA,NA,KJ170827,KJ170800,KJ170800,KJ170854,NA,voucher,melusn,NA,FALSE
Odontosoria_aculeata,EF463773,EF463479,NA,EF463233,HQ157333,NA,GU478740,NA,voucher,christenhusz4242,NA,FALSE
Odontosoria_afra,NA,NA,NA,NA,NA,NA,GU478738,NA,unjoined,NA,NA,FALSE
Odontosoria_africana,NA,NA,NA,NA,NA,NA,GU478739,NA,unjoined,NA,NA,FALSE
Odontosoria_alutacea,NA,NA,NA,NA,NA,NA,KJ174512,NA,unjoined,NA,NA,FALSE
Odontosoria_angustifolia,NA,NA,NA,NA,NA,NA,GU478736,NA,unjoined,NA,NA,FALSE
Odontosoria_biflora,NA,NA,NA,AB574772,NA,NA,NA,NA,unjoined,tns759259,Molecular species identification with rich floristic sampling: DNA,FALSE
Odontosoria_chinensis,NA,NA,NA,NA,NA,NA,NA,MT130658,NA,NA,NA,FALSE
Odontosoria_deltoidea,NA,NA,NA,NA,NA,NA,GU478734,NA,unjoined,NA,NA,FALSE
Odontosoria_flexuosa,NA,NA,NA,NA,GU478648,GU478350,GU478742,NA,voucher,ernst1944,NA,FALSE
Odontosoria_fumarioides,NA,NA,NA,NA,NA,NA,GU478744,NA,unjoined,NA,NA,FALSE
Odontosoria_gracilis,NA,NA,NA,AB574774,NA,NA,PP561998,NA,monophy,NA,NA,FALSE
Odontosoria_guatemalensis,NA,NA,NA,NA,NA,NA,GU478746,NA,unjoined,NA,NA,FALSE
Odontosoria_intermedia,NA,NA,NA,LC484375,NA,NA,NA,NA,unjoined,tns1227954,An update and reassessment of fern and lycophyte diversity data in,FALSE
Odontosoria_jenmanii,NA,NA,NA,NA,NA,NA,GU478747,NA,unjoined,NA,NA,FALSE
Odontosoria_melleri,NA,NA,NA,NA,NA,NA,GU478737,NA,unjoined,NA,NA,FALSE
Odontosoria_minutula,NA,NA,NA,AB574775,NA,NA,NA,NA,unjoined,tns764192,Molecular species identification with rich floristic sampling: DNA,FALSE
Odontosoria_retusa,NA,NA,NA,PP560639,NA,NA,PP561637,NA,monophy,NA,NA,FALSE
Odontosoria_scandens,NA,NA,NA,U05935,NA,NA,NA,NA,unjoined,NA,Phylogenetic relationships of dennstaedtioid ferns: evidence from,FALSE
Odontosoria_schlechtendalii,NA,NA,NA,MT633753,NA,MT563119,GU478745,NA,monophy,NA,NA,FALSE
Odontosoria_wrightiana,NA,NA,NA,NA,AY612670,AY612670,NA,NA,voucher,tlemieux9645,NA,FALSE
Oleandra_articulata,NA,NA,NA,NA,NA,NA,NA,MK705754,NA,NA,NA,FALSE
Oleandra_cumingii,NA,KJ196497,KJ196602,KJ196816,NA,NA,KJ196690,NA,voucher,yschao1990,NA,FALSE
Oleandra_decurrens,NA,NA,NA,MW138210,NA,NA,NA,NA,unjoined,jhnitta797,A taxonomic and molecular survey of the pteridophytes of the,FALSE
Oleandra_distenta,NA,NA,NA,KF992505,NA,NA,NA,NA,unjoined,shennequinr73,Evolutionary patterns in the assembly of fern diversity on the,FALSE
Oleandra_musifolia,NA,EF450536,NA,NA,NA,NA,NA,NA,unjoined,NA,NA,FALSE
Oleandra_neriiformis,NA,KJ196496,KJ196620,KJ196815,NA,NA,KJ196689,NA,voucher,yschao1976,NA,FALSE
Oleandra_pilosa,NA,NA,NA,KF667646,NA,KF667559,KF667615,NA,voucher,palacios2697,NA,FALSE
Oleandra_pistillaris,NA,NA,NA,AB232405,NA,NA,NA,NA,unjoined,tsutsumiin28,Evolution of Epiphytes in Davalliaceae and Related Ferns,FALSE
Oleandra_sibbaldii,NA,NA,NA,PP560072,NA,NA,PP561214,NA,voucher,taifwade4727,NA,FALSE
Oleandra_undulata,NA,NA,NA,PP560105,NA,NA,PP561240,NA,voucher,taifwade5040,NA,FALSE
Oleandra_wallichii,NA,NA,NA,NA,NA,NA,NA,MT130650,NA,NA,NA,FALSE
Olfersia_alata,NA,NA,NA,MN025361,NA,KT273018,KT273168,NA,monophy,NA,NA,FALSE
Olfersia_cervina,NA,NA,NA,NA,NA,NA,NA,OR530064,NA,NA,NA,FALSE
Olfersia_macrostegia,NA,NA,NA,NA,NA,KT273003,KT273158,NA,monophy,NA,NA,FALSE
Olfersia_ochropteroides,NA,NA,NA,KT272933,NA,KT273007,KT273159,NA,voucher,ollgaard105499,NA,FALSE
Onoclea_sensibilis,NA,NA,NA,NA,NA,NA,NA,PQ742174,NA,NA,NA,FALSE
Onocleopsis_hintonii,JF832133,JF832174,JF832281,U62033,AF425160,AF425160,NA,NA,monophy,NA,NA,FALSE
Onychium_cryptogrammoides,KR013163,NA,KR018622,KP903749,NA,NA,KR013177,NA,voucher,xxmao2013081809,NA,FALSE
Onychium_japonicum,NA,NA,NA,NA,NA,NA,NA,MH173069,NA,NA,NA,FALSE
Onychium_lucidum,NA,NA,NA,NA,NA,NA,NA,MT130597,NA,NA,NA,FALSE
Onychium_moupinense,KR013167,NA,KR018626,KP903753,NA,NA,KR013181,NA,voucher,pexczhangzyliu2699,NA,FALSE
Onychium_plumosum,KR013161,NA,KR018620,AY266408,NA,NA,KR013175,NA,monophy,NA,NA,FALSE
Onychium_siliculosum,KR013162,NA,KR018621,KP903748,NA,NA,KR013176,NA,voucher,pesinorussiayunnanexped6161,NA,FALSE
Onychium_tenuifrons,KR013164,NA,KR018623,AY266415,NA,NA,DQ432688,NA,monophy,NA,NA,FALSE
Ophioderma_falcatum,NA,NA,NA,KY099838,NA,NA,NA,NA,unjoined,vinette27,Life cycle matters: DNA barcoding reveals contrasting community,FALSE
Ophioderma_intermedium,NA,NA,NA,PP560648,NA,NA,PP561646,NA,voucher,taifliu9868,NA,FALSE
Ophioderma_pendula,NA,NA,NA,NA,NA,NA,NA,OR777256,NA,NA,NA,FALSE
Ophioderma_redactophylla,NA,OL519835,MN524824,MN524767,MN524719,MN524719,NA,NA,voucher,chantanaorrapintsangrattanaprasert220,NA,FALSE
Ophioglossum_austroasiaticum,NA,NA,NA,NA,NA,NA,NA,OR777257,NA,NA,NA,FALSE
Ophioglossum_bergianum,NA,NA,NA,NA,NA,NA,NA,OR777258,NA,NA,NA,FALSE
Ophioglossum_californicum,NA,NA,NA,NA,NA,NA,NA,KC117178,NA,NA,NA,FALSE
Ophioglossum_coriaceum,NA,NA,NA,JF950813,NA,NA,JF950935,NA,voucher,nswpapadopulosap708,NA,FALSE
Ophioglossum_costatum,NA,NA,NA,NA,NA,NA,NA,OM897594,NA,NA,NA,FALSE
Ophioglossum_crotalophoroides,NA,NA,NA,NA,NA,NA,NA,OM897595,NA,NA,NA,FALSE
Ophioglossum_eliminatum,NA,NA,NA,MK120496,NA,NA,NA,NA,unjoined,NA,A terrestrial large-sized Ophioglossum aletum : new species from,FALSE
Ophioglossum_engelmannii,NA,NA,NA,NA,NA,NA,NA,OM897596,NA,NA,NA,FALSE
Ophioglossum_gomezianum,NA,NA,NA,AY138419,NA,NA,NA,NA,unjoined,NA,Phylogenetic studies of Ophioglossaceae: evidence from rbcL and,FALSE
Ophioglossum_gramineum,NA,NA,NA,AY138412,NA,NA,NA,NA,unjoined,NA,Phylogenetic studies of Ophioglossaceae: evidence from rbcL and,FALSE
Ophioglossum_gujaratense,NA,NA,NA,MH229473,NA,NA,MH229476,NA,publication,NA,"ophioglossum gujaratense, a new species from gujarat state, india",FALSE
Ophioglossum_hengduanense,NA,NA,NA,PQ407858,PQ407861,PQ407861,PQ407864,NA,monophy,NA,NA,FALSE
Ophioglossum_hitkishorei,NA,NA,NA,MK360156,NA,NA,NA,NA,unjoined,NA,Ophioglossum hitkishorei: A new species of Ophioglossum from,FALSE
Ophioglossum_hongii,NA,NA,NA,NA,NA,NA,NA,PQ140142,NA,NA,NA,FALSE
Ophioglossum_indicum,NA,NA,NA,MW666155,NA,NA,NA,NA,unjoined,NA,NA,FALSE
Ophioglossum_kawamurae,NA,NA,AB716739,AB626648,NA,NA,NA,NA,publication,NA,chromosome number and phylogenetic position of monotypic genus,FALSE
Ophioglossum_lancifolium,NA,NA,NA,AY138415,NA,NA,NA,NA,unjoined,NA,Phylogenetic studies of Ophioglossaceae: evidence from rbcL and,FALSE
Ophioglossum_latifolium,NA,NA,NA,OQ696318,NA,NA,OR237815,NA,monophy,NA,NA,FALSE
Ophioglossum_lusitanicum,NA,NA,NA,OR995597,NA,NA,OR237818,NA,monophy,NA,NA,FALSE
Ophioglossum_lusoafricanum,NA,NA,NA,OQ714504,NA,NA,NA,NA,unjoined,NA,NA,FALSE
Ophioglossum_malviae,NA,NA,NA,MF184998,NA,NA,NA,NA,unjoined,blat112082,Discovery of the World's Smallest Terrestrial Pteridophyte,FALSE
Ophioglossum_namegatae,NA,NA,NA,AB574675,NA,NA,NA,NA,unjoined,tns764351,Molecular species identification with rich floristic sampling: DNA,FALSE
Ophioglossum_nudicaule,NA,NA,NA,NA,NA,NA,NA,OM897598,NA,NA,NA,FALSE
Ophioglossum_parvifolium,NA,NA,NA,MW666157,NA,NA,NA,NA,unjoined,NA,NA,FALSE
Ophioglossum_parvum,NA,NA,MN524843,MN524787,MN524805,MN524805,NA,NA,voucher,rknapp4647,NA,FALSE
Ophioglossum_petiolatum,NA,NA,NA,NA,NA,NA,NA,OM897601,NA,NA,NA,FALSE
Ophioglossum_polyphyllum,NA,NA,NA,MT657859,NA,NA,NA,NA,unjoined,krwood15850,Biogeography of Pacific pteridophytes in a global context,FALSE
Ophioglossum_pusillum,NA,NA,NA,AY138413,NA,NA,NA,NA,unjoined,NA,Phylogenetic studies of Ophioglossaceae: evidence from rbcL and,FALSE
Ophioglossum_reticulatum,NA,NA,NA,NA,NA,NA,NA,OM897602,NA,NA,NA,FALSE
Ophioglossum_rubellum,NA,NA,NA,OR995598,NA,NA,NA,NA,unjoined,NA,NA,FALSE
Ophioglossum_thermale,NA,NA,NA,NA,NA,NA,NA,PP588400,NA,NA,NA,FALSE
Ophioglossum_trilokinathii,NA,NA,NA,MW081146,NA,NA,MW081148,NA,voucher,mucr00036,NA,FALSE
Ophioglossum_vulgatum,NA,NA,NA,NA,NA,NA,NA,MZ066610,NA,NA,NA,FALSE
Oreogrammitis_adspersa,NA,NA,NA,NA,NA,NA,NA,MT130563,NA,NA,NA,FALSE
Oreogrammitis_archboldii,NA,NA,NA,OK514682,NA,NA,NA,NA,unjoined,NA,"Phylogenetics of Oreogrammitis, Radiogrammitis and Themelium",FALSE
Oreogrammitis_baldwinii,NA,EF178633,NA,EF178616,NA,NA,EF178649,NA,voucher,kwood10575,NA,FALSE
Oreogrammitis_caespitosa,NA,OQ702714,NA,OQ708517,OQ717258,OQ717258,NA,NA,voucher,rknapp3599,NA,FALSE
Oreogrammitis_cheesemanii,NA,KM218861,NA,NA,NA,KM106183,KM106087,NA,voucher,johngame8553,NA,FALSE
Oreogrammitis_conformis,NA,NA,NA,MT657610,NA,NA,NA,NA,unjoined,bparris12025,Biogeography of Pacific pteridophytes in a global context,FALSE
Oreogrammitis_congener,NA,OQ702717,NA,OQ708609,OQ717225,OQ717225,OQ717137,NA,voucher,lbzhang8612,NA,FALSE
Oreogrammitis_conjunctisora,NA,AY459514,NA,AY460680,NA,NA,NA,NA,voucher,ranker1758trappcolouc,NA,FALSE
Oreogrammitis_ctenoidea,NA,NA,NA,OK514689,NA,NA,NA,NA,unjoined,NA,"Phylogenetics of Oreogrammitis, Radiogrammitis and Themelium",FALSE
Oreogrammitis_curtipila,NA,NA,NA,NA,NA,MT648255,NA,NA,unjoined,NA,NA,FALSE
Oreogrammitis_curtisii,NA,OQ702735,NA,OQ708537,OQ717234,OQ717234,NA,NA,voucher,rknapp4243,NA,FALSE
Oreogrammitis_dolichosora,NA,EF178635,NA,EF178618,NA,MT648245,PP561513,NA,monophy,NA,NA,FALSE
Oreogrammitis_dorsipila,NA,NA,NA,NA,NA,NA,NA,MW876345,NA,NA,NA,FALSE
Oreogrammitis_fasciata,NA,NA,NA,OK514675,NA,NA,NA,NA,unjoined,NA,"Phylogenetics of Oreogrammitis, Radiogrammitis and Themelium",FALSE
Oreogrammitis_fenicis,NA,OQ702686,NA,OQ708607,OQ717223,OQ717223,OQ717130,NA,voucher,rknapp4073,NA,FALSE
Oreogrammitis_flavovirens,NA,NA,NA,MH826903,NA,NA,NA,NA,unjoined,yawplantcr6,High specialization and limited structural change in,FALSE
Oreogrammitis_forbesiana,NA,AY459472,NA,AY460640,NA,NA,NA,NA,voucher,ranker1321colo,NA,FALSE
Oreogrammitis_frigida,NA,NA,NA,OK514681,NA,NA,NA,NA,unjoined,NA,"Phylogenetics of Oreogrammitis, Radiogrammitis and Themelium",FALSE
Oreogrammitis_graminella,NA,NA,NA,OK514662,NA,NA,NA,NA,unjoined,NA,"Phylogenetics of Oreogrammitis, Radiogrammitis and Themelium",FALSE
Oreogrammitis_halconensis,NA,KM218844,NA,NA,NA,KM106194,KM106094,NA,voucher,sundue2226,NA,FALSE
Oreogrammitis_hirtella,NA,OQ702736,NA,OQ708584,OQ717285,OQ717285,OQ717131,NA,monophy,NA,NA,FALSE
Oreogrammitis_hirtelloides,NA,KY711841,NA,KY712017,NA,KY712333,KY711666,NA,voucher,rouhan615,NA,FALSE
Oreogrammitis_holttumii,NA,KM218856,NA,KM218771,NA,KM106184,NA,NA,voucher,sundue2208,NA,FALSE
Oreogrammitis_hookeri,NA,AY459473,NA,AY460642,NA,NA,NA,NA,voucher,ranker1116colo,NA,FALSE
Oreogrammitis_ilanensis,NA,NA,NA,PP560969,NA,NA,PP561922,NA,monophy,NA,NA,FALSE
Oreogrammitis_jagoriana,NA,EF178639,NA,EF178622,NA,NA,EF178656,NA,publication,NA,molecular biogeography and origins of the hawaiian fern flora,FALSE
Oreogrammitis_kinabaluensis,NA,KM218855,NA,KM218773,NA,KM106185,KM106088,NA,voucher,sundue2211,NA,FALSE
Oreogrammitis_knutsfordiana,NA,AY459474,NA,AY362342,NA,NA,NA,NA,voucher,jgame9581uc,NA,FALSE
Oreogrammitis_ligulata,NA,NA,NA,MT657606,NA,NA,NA,NA,unjoined,krwood11047,Biogeography of Pacific pteridophytes in a global context,FALSE
Oreogrammitis_locellata,NA,NA,NA,MT657592,NA,KM106173,KM106079,NA,voucher,msclemens12380,NA,FALSE
Oreogrammitis_longiceps,NA,NA,NA,OK514691,NA,NA,NA,NA,unjoined,NA,"Phylogenetics of Oreogrammitis, Radiogrammitis and Themelium",FALSE
Oreogrammitis_malayensis,NA,NA,NA,OK514667,NA,NA,NA,NA,unjoined,NA,"Phylogenetics of Oreogrammitis, Radiogrammitis and Themelium",FALSE
Oreogrammitis_marivelesensis,NA,NA,NA,PP560611,NA,MT648246,PP562330,NA,monophy,NA,NA,FALSE
Oreogrammitis_medialis,NA,NA,NA,NA,NA,KY712397,KY711730,NA,voucher,ballard1082,NA,FALSE
Oreogrammitis_mollipila,NA,NA,NA,OK514686,NA,NA,NA,NA,unjoined,NA,"Phylogenetics of Oreogrammitis, Radiogrammitis and Themelium",FALSE
Oreogrammitis_moorei,NA,NA,NA,PP560891,NA,NA,PP561837,NA,monophy,NA,NA,FALSE
Oreogrammitis_nana,NA,NA,NA,NA,NA,NA,NA,MW876346,NA,NA,NA,FALSE
Oreogrammitis_neocaledonica,NA,KY711843,NA,KY712019,NA,KY712335,KY711668,NA,voucher,munzinger1721,NA,FALSE
Oreogrammitis_oblanceolata,NA,NA,NA,PP560298,NA,NA,PP561398,NA,voucher,taifwade5868,NA,FALSE
Oreogrammitis_padangensis,NA,EF178642,NA,EF178625,NA,NA,EF178660,NA,publication,NA,molecular biogeography and origins of the hawaiian fern flora,FALSE
Oreogrammitis_parva,NA,AY459476,NA,AY460644,NA,NA,NA,NA,voucher,ranker1763atrappcolouc,NA,FALSE
Oreogrammitis_parvula,NA,NA,NA,OK514659,NA,NA,NA,NA,unjoined,NA,"Phylogenetics of Oreogrammitis, Radiogrammitis and Themelium",FALSE
Oreogrammitis_pilosiuscula,NA,NA,NA,NA,NA,MT648248,NA,NA,unjoined,NA,NA,FALSE
Oreogrammitis_pleurogrammoides,NA,NA,NA,OK514663,NA,NA,NA,NA,unjoined,NA,"Phylogenetics of Oreogrammitis, Radiogrammitis and Themelium",FALSE
Oreogrammitis_raiateensis,NA,NA,NA,KY099840,NA,NA,NA,NA,unjoined,nitta681,Life cycle matters: DNA barcoding reveals contrasting community,FALSE
Oreogrammitis_reinwardtii,NA,NA,NA,NA,NA,NA,NA,MW876347,NA,NA,NA,FALSE
Oreogrammitis_reinwardtioides,NA,KM218847,NA,KM218756,NA,NA,KM106080,NA,voucher,sundue2202,NA,FALSE
Oreogrammitis_scabristipes,NA,NA,NA,OK514687,NA,MT648236,NA,NA,monophy,NA,NA,FALSE
Oreogrammitis_scleroglossoides,NA,NA,NA,MT657612,NA,NA,NA,NA,unjoined,dhlorence9597b,Biogeography of Pacific pteridophytes in a global context,FALSE
Oreogrammitis_setigera,NA,OQ702701,NA,OQ708521,OQ717281,OQ717281,NA,NA,voucher,rknapp3473,NA,FALSE
Oreogrammitis_sinohirtella,NA,NA,NA,OK514666,NA,MT648261,NA,NA,monophy,NA,NA,FALSE
Oreogrammitis_subnervosa,NA,NA,NA,PP560966,NA,NA,PP561918,NA,voucher,taifhsu6348,NA,FALSE
Oreogrammitis_subpinnatifida,NA,NA,NA,OK514683,NA,NA,NA,NA,unjoined,NA,"Phylogenetics of Oreogrammitis, Radiogrammitis and Themelium",FALSE
Oreogrammitis_subspathulata,NA,NA,NA,KY099841,NA,NA,NA,NA,unjoined,nitta3187,Life cycle matters: DNA barcoding reveals contrasting community,FALSE
Oreogrammitis_sumatrana,NA,NA,NA,OK514685,NA,NA,NA,NA,unjoined,NA,"Phylogenetics of Oreogrammitis, Radiogrammitis and Themelium",FALSE
Oreogrammitis_taiwanensis,NA,OQ702687,NA,OQ708608,OQ717198,OQ717198,NA,NA,voucher,rknapp3971,NA,FALSE
Oreogrammitis_tenuisecta,NA,NA,NA,NA,NA,NA,NA,OQ968265,NA,NA,NA,FALSE
Oreogrammitis_torricelliana,NA,NA,NA,OK514658,NA,NA,NA,NA,unjoined,NA,"Phylogenetics of Oreogrammitis, Radiogrammitis and Themelium",FALSE
Oreogrammitis_tuberculata,NA,NA,NA,OK514688,NA,NA,NA,NA,unjoined,NA,"Phylogenetics of Oreogrammitis, Radiogrammitis and Themelium",FALSE
Oreogrammitis_tuyamae,NA,NA,NA,AB575258,NA,NA,NA,NA,unjoined,NA,Molecular species identification with rich floristic sampling: DNA,FALSE
Oreogrammitis_uapensis,NA,NA,NA,MT216076,NA,MT648270,KM106070,NA,monophy,NA,NA,FALSE
Oreogrammitis_universa,NA,NA,NA,PP560102,NA,NA,PP561238,NA,voucher,taifwade4858,NA,FALSE
Oreogrammitis_wurunuran,NA,KM218843,NA,KM218761,NA,KM106175,NA,NA,monophy,NA,NA,FALSE
Oreogrammitis_yoderi,NA,NA,NA,OK514673,NA,NA,NA,NA,unjoined,NA,"Phylogenetics of Oreogrammitis, Radiogrammitis and Themelium",FALSE
Oreopteris_limbosperma,EF463885,EF463545,NA,EF463289,AF425177,AF425177,HQ676530,NA,manual,NA,NA,FALSE
Oreopteris_quelpartensis,NA,NA,NA,JN572355,JN572193,JN572193,JN572273,NA,manual,NA,NA,FALSE
Ormopteris_crenata,PQ417648,NA,NA,PQ417511,NA,NA,NA,NA,voucher,schuettpelz1377,NA,FALSE
Ormopteris_cymbiformis,PQ417649,NA,NA,PQ417512,NA,NA,NA,NA,voucher,schuettpelz1384,NA,FALSE
Ormopteris_gleichenioides,PQ417650,NA,NA,PQ417513,NA,NA,NA,NA,voucher,prado1406,NA,FALSE
Ormopteris_pinnata,NA,NA,NA,KM081639,NA,NA,NA,NA,unjoined,NA,Identifying the generic limits of the cheilanthoid genus,FALSE
Ormopteris_riedelii,PQ417651,NA,NA,PQ417514,NA,NA,NA,NA,voucher,schuettpelz1382,NA,FALSE
Osmolindsaea_japonica,NA,NA,NA,PP559778,NA,NA,PP562205,NA,voucher,taifkuo2823,NA,FALSE
Osmolindsaea_latisquama,NA,NA,NA,NA,KC155876,KC155831,KC155897,NA,voucher,rouhan1153,NA,FALSE
Osmolindsaea_leptolepida,NA,NA,NA,NA,KC155875,KC155830,KC155901,NA,voucher,rouhan1374,NA,FALSE
Osmolindsaea_minor,NA,NA,NA,NA,NA,NA,KC155885,NA,unjoined,NA,NA,FALSE
Osmolindsaea_odorata,NA,NA,NA,NA,NA,NA,NA,MT130576,NA,NA,NA,FALSE
Osmunasium_mildei,NA,NA,NA,NA,NA,NA,NA,MZ292715,NA,NA,NA,FALSE
Osmunda_hybrida,LC590401,NA,NA,LC590549,LC590471,LC590471,NA,NA,voucher,tns764968,NA,FALSE
Osmunda_japonica,NA,NA,NA,NA,NA,NA,NA,OM419346,NA,NA,NA,FALSE
Osmunda_lancea,EF588681,NA,NA,EF588703,EF588767,EF588767,EF588813,NA,voucher,khirai990305,NA,FALSE
Osmunda_regalis,EF588683,EF588727,NA,EF588705,EF588769,EF588769,EF588815,NA,voucher,mjmchristenhusz4271,NA,FALSE
Osmunda_spectabilis,KF186540,NA,NA,NA,NA,NA,NA,NA,unjoined,NA,NA,FALSE
Osmundastrum_cinnamomeum,NA,NA,NA,NA,NA,NA,NA,OM419368,NA,NA,NA,FALSE
Oxygrammitis_denticulata,NA,JF514081,NA,JF514013,NA,NA,JF514047,NA,voucher,ranker2113,NA,FALSE
Paesia_acclivis,NA,NA,NA,OK092554,NA,OK092499,OK092370,NA,voucher,cjrothfels4920,NA,FALSE
Paesia_divaricatissima,NA,NA,NA,KY099842,NA,NA,NA,NA,unjoined,nitta594,Life cycle matters: DNA barcoding reveals contrasting community,FALSE
Paesia_elmeri,NA,NA,NA,NA,NA,NA,NA,OP081115,NA,NA,NA,FALSE
Paesia_glandulosa,NA,NA,NA,NA,NA,NA,NA,OP081139,NA,NA,NA,FALSE
Paesia_luzonica,NA,NA,NA,PP560910,NA,NA,PP561858,NA,voucher,taiflu27888,NA,FALSE
Paesia_radula,MH289680,NA,NA,MH289637,MH289712,MH289712,NA,NA,publication,NA,hiya: a new genus segregated from hypolepis in the fern family,FALSE
Paesia_rugosula,NA,NA,NA,MT216078,NA,NA,NA,NA,unjoined,usschuettpelz1874,The Evolution of Overrepresentation: exploring the biogeography of,FALSE
Paesia_scaberula,EF463657,EF463378,NA,U05937,KT345822,KC813147,AY300045,NA,monophy,NA,NA,FALSE
Pakau_pennigera,NA,NA,NA,KT626763,NA,NA,NA,NA,manual,NA,NA,FALSE
Parablechnum_ambiguum,NA,NA,NA,KJ170813,KJ170786,KJ170786,KJ170840,NA,voucher,melusn,NA,FALSE
Parablechnum_articulatum,NA,NA,NA,AB040546,KJ170787,KJ170787,KJ170841,NA,monophy,NA,NA,FALSE
Parablechnum_bicolor,NA,NA,NA,KU898645,KU898586,KU898586,KU898700,NA,voucher,lpbjimenezi942,NA,FALSE
Parablechnum_bolivianum,NA,NA,NA,KU898646,KU898587,KU898587,KU898701,NA,voucher,lpbbachk1404,NA,FALSE
Parablechnum_camfieldii,NA,NA,NA,KJ170815,KJ170788,KJ170788,KJ170842,NA,voucher,melusn,NA,FALSE
Parablechnum_capense,NA,NA,NA,AB040547,NA,NA,NA,NA,unjoined,NA,"Phylogenetic analysis of Blechnaceae (Filicales, Filicophyta) based",FALSE
Parablechnum_chilense,NA,NA,NA,KY653944,NA,KY653953,KY653939,NA,voucher,macb109256,NA,FALSE
Parablechnum_chiriquanum,NA,NA,NA,NA,NA,NA,KM001891,NA,unjoined,NA,NA,FALSE
Parablechnum_corbassonii,NA,NA,NA,KF975785,KF975741,KF975741,KF975715,NA,voucher,weltp026057,NA,FALSE
Parablechnum_cordatum,NA,NA,NA,KU898648,KU898589,KU898589,KU898702,NA,voucher,furbgasper3051,NA,FALSE
Parablechnum_falciforme,NA,NA,NA,KU898649,KU898590,KU898590,KU898703,NA,voucher,bhcbsalino15430,NA,FALSE
Parablechnum_glaziovii,NA,NA,NA,KU898650,KU898591,KU898591,KU898704,NA,voucher,bhcbsalino15689,NA,FALSE
Parablechnum_gregsonii,NA,NA,NA,KJ170819,KJ170792,KJ170792,KJ170846,NA,voucher,melusn,NA,FALSE
Parablechnum_howeanum,NA,NA,NA,JF950804,NA,NA,JF950940,NA,voucher,nswpapadopulosap804,NA,FALSE
Parablechnum_lechleri,NA,NA,NA,KU898651,KU898592,KU898592,KU898705,NA,voucher,lpbbachk1311,NA,FALSE
Parablechnum_lima,NA,NA,NA,KU898652,KU898593,KU898593,KU898706,NA,voucher,lpbbachk1461,NA,FALSE
Parablechnum_loxense,NA,KJ716400,NA,KJ716414,NA,NA,NA,NA,voucher,christenhusz6777,NA,FALSE
Parablechnum_marginatum,NA,NA,NA,KF992446,NA,NA,NA,NA,unjoined,shennequinr76,Evolutionary patterns in the assembly of fern diversity on the,FALSE
Parablechnum_milnei,NA,NA,NA,KF975796,KF975752,KF975752,KF975721,NA,voucher,weltp023769,NA,FALSE
Parablechnum_minus,NA,NA,NA,KJ170820,KJ170793,KJ170793,KJ170847,NA,voucher,melusn,NA,FALSE
Parablechnum_montanum,NA,NA,NA,KF975798,KF975754,KF975754,KJ187000,NA,voucher,weltp021189,NA,FALSE
Parablechnum_novae-zelandiae,NA,NA,NA,KF975802,KF975758,KF975758,NA,NA,voucher,weltp020793,NA,FALSE
Parablechnum_pacificum,NA,NA,NA,MT216081,NA,NA,NA,NA,unjoined,usschuettpelz1893,The Evolution of Overrepresentation: exploring the biogeography of,FALSE
Parablechnum_pazense,NA,NA,NA,KU898653,KU898594,KU898594,KU898707,NA,voucher,lpbjimenezi751,NA,FALSE
Parablechnum_procerum,NA,NA,NA,KF975810,KF975766,KF975766,NA,NA,voucher,weltp021197,NA,FALSE
Parablechnum_proliferum,NA,NA,NA,KU898654,KU898595,KU898595,KU898708,NA,voucher,bhcbsalino15534,NA,FALSE
Parablechnum_schiedeanum,NA,NA,NA,KU898655,KU898596,KU898596,KU898709,NA,voucher,bhcbsalino15700,NA,FALSE
Parablechnum_smilodon,NA,NA,NA,KU898644,KU898585,KU898585,KU898699,NA,voucher,lpbjimenezi1679,NA,FALSE
Parablechnum_stipitellatum,NA,NA,NA,KU898656,KU898597,KU898597,KU898710,NA,voucher,movanderwerff16635,NA,FALSE
Parablechnum_subcordatum,NA,NA,NA,KF975812,KF975768,KU898598,KF975729,NA,monophy,NA,NA,FALSE
Parablechnum_triangularifolium,NA,NA,NA,KF975813,KF975769,KF975769,DQ683415,NA,monophy,NA,NA,FALSE
Parablechnum_usterianum,NA,NA,NA,KU898658,KU898599,KU898599,KU898712,NA,voucher,bhcbsalino15688,NA,FALSE
Parablechnum_vestitum,NA,KC542939,NA,KC533882,NA,NA,NA,NA,voucher,sy007,NA,FALSE
Parablechnum_wattsii,NA,NA,NA,KJ170826,KJ170799,KJ170799,KJ170853,NA,voucher,melusn,NA,FALSE
Parablechnum_wurunuran,NA,NA,NA,KJ170828,KJ170801,KJ170801,KJ170855,NA,monophy,NA,NA,FALSE
Paragymnopteris_bipinnata,NA,NA,NA,NA,NA,NA,NA,MZ727566,NA,NA,NA,FALSE
Paragymnopteris_delavayi,NA,NA,NA,NA,NA,NA,NA,PP567288,NA,NA,NA,FALSE
Paragymnopteris_marantae,NA,NA,NA,NA,NA,NA,NA,PP567303,NA,NA,NA,FALSE
Paragymnopteris_sargentii,NA,NA,NA,NA,NA,NA,NA,PP567287,NA,NA,NA,FALSE
Paragymnopteris_vestita,NA,NA,NA,NA,NA,NA,NA,MT130618,NA,NA,NA,FALSE
Parahemionitis_arifolia,NA,NA,NA,MK573828,NA,NA,NA,NA,unjoined,NA,NA,FALSE
Parahemionitis_cordifolia,PQ417598,NA,NA,PQ417475,NA,NA,NA,NA,voucher,nusbaumer1315,NA,FALSE
Parapolystichum_acuminatum,NA,NA,NA,KJ464430,NA,GU376688,GU376540,NA,voucher,coveny10182,NA,FALSE
Parapolystichum_acutum,NA,NA,NA,NA,NA,KJ464673,KJ464603,NA,voucher,labiak4913,NA,FALSE
Parapolystichum_barterianum,NA,NA,NA,NA,NA,KJ464677,NA,NA,unjoined,NA,NA,FALSE
Parapolystichum_boivinii,NA,NA,NA,KJ464435,NA,KJ464678,KJ464607,NA,voucher,rouhan1204,NA,FALSE
Parapolystichum_calanthum,NA,NA,NA,PX223376,PX223380,PX223380,PX223403,NA,voucher,weltp032691,NA,FALSE
Parapolystichum_confine,NA,NA,NA,KJ464438,NA,KJ464681,KJ464610,NA,voucher,liogier25604,NA,FALSE
Parapolystichum_currorii,NA,NA,NA,NA,NA,NA,NA,OR530065,NA,NA,NA,FALSE
Parapolystichum_effusum,NA,NA,NA,KJ464440,NA,KJ464685,NA,NA,voucher,howlletsn,NA,FALSE
Parapolystichum_excultum,NA,NA,NA,NA,NA,NA,NA,OR530066,NA,NA,NA,FALSE
Parapolystichum_glabellum,EF463707,EF463423,NA,EF463206,NA,NA,NA,NA,voucher,schuettpelz580,NA,FALSE
Parapolystichum_grayi,NA,NA,NA,KY886929,NA,KY886946,NA,NA,voucher,nagalingum1408gardner,NA,FALSE
Parapolystichum_kermadecense,NA,NA,NA,KY886937,NA,NA,KY886959,NA,voucher,cieraadsn,NA,FALSE
Parapolystichum_microsorum,NA,NA,NA,KJ464454,NA,KJ464699,KJ464619,NA,voucher,kessler14355,NA,FALSE
Parapolystichum_munitum,NA,NA,NA,NA,NA,KJ464702,KJ464622,NA,monophy,NA,NA,FALSE
Parapolystichum_nephrodioides,NA,NA,NA,PX223378,PX223386,PX223386,PX223405,NA,monophy,NA,NA,FALSE
Parapolystichum_nigritianum,NA,NA,NA,NA,NA,KJ464703,NA,NA,unjoined,NA,NA,FALSE
Parapolystichum_novoguineense,NA,NA,NA,NA,NA,KU295570,KU295571,NA,publication,NA,parapolystichum novoguineense (comb. nov.; dryopteridaceae) from,FALSE
Parapolystichum_pacificum,NA,NA,NA,KY886930,NA,KY886947,KY886953,NA,voucher,nagalingum1410gardner,NA,FALSE
Parapolystichum_perrierianum,NA,NA,NA,KJ464455,NA,KJ464704,KJ464623,NA,voucher,rouhan1318,NA,FALSE
Parapolystichum_pseudoperrierianum,NA,NA,NA,KJ464457,NA,KJ464706,KJ464625,NA,voucher,rouhan1319,NA,FALSE
Parapolystichum_rufescens,NA,NA,NA,KJ464462,NA,KJ464711,KJ464630,NA,voucher,kessler14343,NA,FALSE
Parapolystichum_smithianum,NA,NA,NA,KJ464464,NA,NA,KJ464632,NA,voucher,coveny9951,NA,FALSE
Parapolystichum_subsimile,NA,NA,NA,NA,NA,KJ464716,NA,NA,unjoined,NA,NA,FALSE
Parapolystichum_tinarooense,NA,NA,NA,KJ464469,NA,KJ464720,KJ464638,NA,voucher,vanderwerff17036,NA,FALSE
Parapolystichum_vogelii,NA,NA,NA,KJ464470,NA,KJ464721,NA,NA,voucher,visa2498,NA,FALSE
Parapolystichum_windsorense,NA,NA,NA,KJ464473,NA,KJ464724,KJ464639,NA,voucher,kessler14353,NA,FALSE
Parrisia_parietina,EF463812,EF463494,NA,EF463248,NA,NA,NA,NA,voucher,schuettpelz230,NA,FALSE
Pecluma_alfredii,NA,NA,NA,AY096206,AY096232,AY096232,NA,NA,voucher,kimnach95,NA,FALSE
Pecluma_barituensis,NA,NA,KT780754,KT780725,KT794100,KT794100,KT780782,NA,voucher,martinez1459,NA,FALSE
Pecluma_bourgeauana,NA,NA,KT780755,KT780726,KT794101,KT794101,KT780783,NA,voucher,salino15414,NA,FALSE
Pecluma_camptophyllaria,NA,NA,KT780756,KT780727,KT794102,KT794102,KT780784,NA,voucher,lehnert191,NA,FALSE
Pecluma_chnoophora,NA,NA,KT780757,KT780728,KT794103,KT794103,KT780785,NA,voucher,salino15511,NA,FALSE
Pecluma_choquetangensis,NA,NA,KT780758,KT780729,KT794104,KT794104,KT780786,NA,voucher,almeida3081,NA,FALSE
Pecluma_consimilis,NA,NA,KT780759,KT780730,KT794105,KT794105,KT780787,NA,voucher,jimenez5179,NA,FALSE
Pecluma_curvans,NA,NA,KT780760,KT780731,KT794106,KT794106,KT780788,NA,voucher,lehnert272,NA,FALSE
Pecluma_dispersa,NA,NA,NA,PV006730,NA,NA,NA,NA,unjoined,danieltejerodiez6115,NA,FALSE
Pecluma_divaricata,NA,NA,KT780761,KT780732,KT794108,KT794108,KT780790,NA,voucher,salino15324a,NA,FALSE
Pecluma_dulcis,NA,NA,NA,NA,NA,NA,NA,MK705755,NA,NA,NA,FALSE
Pecluma_eurybasis,EF463835,EF463504,NA,EF463255,NA,NA,NA,NA,voucher,dantonsn,NA,FALSE
Pecluma_filicula,NA,NA,KT780764,KT780735,KT794111,KT794111,KT780793,NA,voucher,jimenez2406,NA,FALSE
Pecluma_hartwegiana,NA,NA,NA,AY362596,NA,NA,NA,NA,unjoined,NA,Unraveling the phylogeny of polygrammoid ferns (Polypodiaceae and,FALSE
Pecluma_hygrometrica,NA,NA,KT780765,KT780736,KT794113,KT794113,KT780795,NA,voucher,almeida2602,NA,FALSE
Pecluma_insularis,NA,NA,KT780766,KT780737,KT794114,KT794114,KT780796,NA,voucher,faria614,NA,FALSE
Pecluma_longepinnulata,NA,NA,NA,AY362605,NA,NA,NA,NA,unjoined,NA,Unraveling the phylogeny of polygrammoid ferns (Polypodiaceae and,FALSE
Pecluma_macedoi,NA,NA,KT780767,KT780738,KT794116,KT794116,KT780798,NA,voucher,lehn1054,NA,FALSE
Pecluma_oranensis,NA,NA,KT780768,KT780739,KT794117,KT794117,KT780799,NA,voucher,chambi514,NA,FALSE
Pecluma_paradiseae,NA,NA,KT780769,KT780740,KT794118,KT794118,KT780800,NA,voucher,christenhusz4720,NA,FALSE
Pecluma_pastazensis,NA,NA,NA,NA,KT794119,KT794119,NA,NA,voucher,moran7568,NA,FALSE
Pecluma_pectinata,NA,NA,KT780770,KT780741,KT794120,KT794120,KT780801,NA,voucher,almeida2552,NA,FALSE
Pecluma_pectinatiformis,NA,NA,KT780771,KT780742,KT794121,KT794121,KT780802,NA,voucher,souza1490,NA,FALSE
Pecluma_perpinnata,NA,NA,KT780774,KT780743,KT794122,KT794122,KT780803,NA,voucher,jimenez1511,NA,FALSE
Pecluma_pilosa,NA,NA,KT780772,KT780744,KT794123,KT794123,KT780804,NA,voucher,jimenez2295,NA,FALSE
Pecluma_ptilota,NA,NA,KT780775,KT780746,KT794125,KT794125,KT780806,NA,voucher,jimenez5244,NA,FALSE
Pecluma_recurvata,NA,NA,KT780776,KT780747,KT794126,KT794126,KT780807,NA,voucher,souza1493,NA,FALSE
Pecluma_rhachipterygia,NA,NA,NA,FJ825694,FJ825665,FJ825665,FJ825679,NA,publication,NA,new insights into the phylogeny of pleopeltis and related,FALSE
Pecluma_robusta,NA,NA,NA,NA,NA,NA,AF159191,NA,unjoined,NA,NA,FALSE
Pecluma_sicca,NA,NA,KT780777,KT780748,KT794127,KT794127,KT780808,NA,voucher,salino15516,NA,FALSE
Pecluma_singeri,NA,NA,KT780778,KT780749,KT794128,KT794128,KT780809,NA,voucher,salino15591,NA,FALSE
Pecluma_struthionis,NA,NA,KT780773,KR816693,KT794124,KT794124,KT780805,NA,monophy,NA,NA,FALSE
Pecluma_sursumcurrens,NA,NA,NA,PV006731,NA,NA,NA,NA,unjoined,canekledesma20050,NA,FALSE
Pecluma_truncorum,NA,NA,KT780779,KT780750,KT794130,KT794130,KT780811,NA,voucher,almeida3053,NA,FALSE
Pecluma_venturii,NA,NA,KT780780,KT780751,KT794131,KT794131,KT780812,NA,voucher,jimenez1287,NA,FALSE
Pelazoneuron_abruptum,NA,NA,NA,KR816702,NA,NA,NA,NA,unjoined,p8309,Phylogenetic and functional diversity of Florida ferns,FALSE
Pelazoneuron_albicaule,NA,NA,NA,MW620308,NA,NA,NA,NA,unjoined,ericschuettpelz1668,NA,FALSE
Pelazoneuron_augescens,NA,NA,NA,NA,AF425166,AF425166,AF425128,NA,voucher,ucbotgard780268,NA,FALSE
Pelazoneuron_kunthii,NA,NA,NA,KR816703,NA,NA,NA,NA,manual,NA,NA,FALSE
Pelazoneuron_ovatum,EF463892,EF463552,NA,EF463296,NA,NA,NA,NA,manual,NA,NA,FALSE
Pelazoneuron_patens,NA,NA,NA,NA,KT805098,KT805098,KT805023,NA,manual,NA,NA,FALSE
Pellaea_andromedifolia,NA,NA,NA,NA,DQ914073,DQ914073,DQ914175,NA,voucher,rk1174135uc1861815,NA,FALSE
Pellaea_atropurpurea,NA,NA,NA,NA,NA,NA,NA,PP567301,NA,NA,NA,FALSE
Pellaea_brachyptera,MW057302,NA,NA,MW057278,NA,NA,NA,NA,voucher,oswald8751,NA,FALSE
Pellaea_bridgesii,MW057315,NA,NA,MW057291,NA,NA,NA,NA,voucher,palexander1025,NA,FALSE
Pellaea_calidirupium,MW057303,GU136774,NA,MW057279,NA,NA,MT080344,NA,monophy,NA,NA,FALSE
Pellaea_falcata,NA,NA,NA,NA,NA,NA,NA,PP567285,NA,NA,NA,FALSE
Pellaea_gastonyi,NA,NA,NA,MG215549,NA,NA,NA,NA,unjoined,ccdb23363b01,Using herbarium-derived DNAs to assemble a large-scale DNA barcode,FALSE
Pellaea_glabella,MW057306,NA,NA,MW057282,NA,NA,NA,NA,voucher,gastony8341,NA,FALSE
Pellaea_glaciogena,NA,NA,NA,NA,DQ914110,DQ914110,DQ914201,NA,voucher,rk109228uc1795043,NA,FALSE
Pellaea_intermedia,EU268765,EF452047,NA,EF452163,NA,NA,NA,NA,voucher,schuettpelz481,NA,FALSE
Pellaea_lyngholmii,NA,NA,NA,NA,EU831121,EU831121,EU831166,NA,voucher,duke391466,NA,FALSE
Pellaea_mucronata,NA,NA,NA,NA,DQ914096,DQ914096,DQ914190,NA,voucher,rk107924uc1795033,NA,FALSE
Pellaea_muelleri,MW057297,KP164492,NA,KP164497,DQ914112,DQ914112,DQ914203,NA,monophy,NA,NA,FALSE
Pellaea_myrtillifolia,MW057301,NA,NA,MW057277,NA,NA,NA,NA,voucher,gastony868,NA,FALSE
Pellaea_nana,NA,NA,NA,MT080331,NA,NA,MT080364,NA,voucher,melup118740a,NA,FALSE
Pellaea_notabilis,NA,NA,NA,NA,DQ914099,DQ914099,DQ914194,NA,monophy,NA,NA,FALSE
Pellaea_ovata,MW057308,NA,NA,MW057284,NA,NA,NA,NA,voucher,gastonyyatskievych8645,NA,FALSE
Pellaea_paradoxa,MW057309,NA,NA,MW057285,NA,NA,NA,NA,voucher,aford3421,NA,FALSE
Pellaea_reynoldsii,MW057298,NA,NA,MW057274,NA,NA,MT080365,NA,monophy,NA,NA,FALSE
Pellaea_rotundifolia,NA,GU136776,NA,GU136795,NA,NA,MT080360,NA,voucher,weltp022569,NA,FALSE
Pellaea_rufa,MW057311,NA,NA,MW057287,GU935553,GU935553,GU935616,NA,monophy,NA,NA,FALSE
Pellaea_ternifolia,OM938539,NA,NA,OM914491,NA,NA,NA,NA,voucher,schuettpelz483,NA,FALSE
Pellaea_truncata,NA,NA,NA,NA,NA,NA,NA,PP567300,NA,NA,NA,FALSE
Pellaea_villosa,NA,NA,NA,OM914494,NA,NA,NA,NA,unjoined,prothfels1,"Once more unto the breach, dear friends: Resolving the origins and",FALSE
Pellaea_wrightiana,OM938544,NA,NA,OM914502,NA,NA,NA,NA,voucher,windhamyatskievych746,NA,FALSE
Pellaeopsis_angulosa,NA,NA,JX313630,JX313530,NA,NA,NA,NA,voucher,kayombo2654,NA,FALSE
Pellaeopsis_boivinii,PQ417652,NA,NA,PQ417516,NA,NA,NA,NA,voucher,jarrett637,NA,FALSE
Pellaeopsis_deboeri,PQ417572,NA,NA,PQ417452,NA,NA,NA,NA,voucher,mlangwa1360,NA,FALSE
Pellaeopsis_doniana,PQ417653,NA,NA,PQ417517,NA,NA,NA,NA,voucher,festo1580,NA,FALSE
Pellaeopsis_dura,GU935458,NA,NA,GU935490,GU935523,GU935523,GU935579,NA,voucher,dsmitchell559,NA,FALSE
Pellaeopsis_inaequalis,PQ417576,NA,NA,PQ417457,NA,NA,NA,NA,voucher,bidgood5801,NA,FALSE
Pellaeopsis_lanceolata,PQ417584,NA,NA,PQ417465,NA,NA,NA,NA,voucher,rakotondrainibe3259,NA,FALSE
Pellaeopsis_leachii,GU935457,NA,NA,NA,GU935522,GU935522,GU935578,NA,voucher,hjbenson127,NA,FALSE
Pellaeopsis_longipilosa,PQ417655,NA,NA,PQ417519,NA,NA,NA,NA,voucher,luwiika639,NA,FALSE
Pellaeopsis_madagascariensis,PQ417601,NA,NA,PQ417478,NA,NA,NA,NA,monophy,NA,NA,FALSE
Pellaeopsis_pectiniformis,NA,NA,NA,NA,DQ914124,DQ914124,NA,NA,voucher,rk121986uc1749813,NA,FALSE
Pellaeopsis_pedatoides,NA,NA,NA,JN122016,NA,NA,JN122022,NA,voucher,gubenl6,NA,FALSE
Pellaeopsis_pilosa,PQ417605,NA,NA,PQ417482,NA,NA,JN122023,NA,monophy,NA,NA,FALSE
Pellaeopsis_schippersii,NA,NA,NA,PQ417520,NA,NA,NA,NA,unjoined,simon433,A phylogenetically-informed generic reclassification of the,FALSE
Pellaeopsis_schweinfurthii,PQ417656,NA,NA,PQ417521,NA,NA,NA,NA,voucher,drummond2042,NA,FALSE
Pellaeopsis_tomentosa,PQ417657,NA,NA,PQ417522,NA,NA,NA,NA,voucher,stone2640,NA,FALSE
Pentagramma_glanduloviscida,NA,NA,NA,PQ417523,NA,NA,NA,NA,unjoined,schuettpelz1264,A phylogenetically-informed generic reclassification of the,FALSE
Pentagramma_maxonii,MK632525,NA,NA,MK632740,NA,NA,NA,NA,voucher,dukerothfels2570,NA,FALSE
Pentagramma_pallida,PQ417658,NA,NA,PQ417524,NA,NA,NA,NA,voucher,windham3433,NA,FALSE
Pentagramma_rebmanii,PQ417659,NA,NA,PQ417525,NA,NA,NA,NA,voucher,rebman8919,NA,FALSE
Pentagramma_triangularis,NA,NA,NA,NA,NA,NA,NA,MH173070,NA,NA,NA,FALSE
Pentagramma_viscosa,PQ417660,NA,NA,PQ417527,NA,NA,NA,NA,voucher,metzgar172,NA,FALSE
Pentarhizidium_intermedium,NA,NA,NA,NA,NA,NA,NA,PQ742176,NA,NA,NA,FALSE
Pentarhizidium_orientale,NA,NA,NA,NA,NA,NA,NA,PQ742172,NA,NA,NA,FALSE
Phanerophlebia_gastonyi,NA,NA,NA,PV006828,NA,NA,NA,NA,unjoined,miriamjimenez30509,NA,FALSE
Phanerophlebia_juglandifolia,NA,NA,NA,NA,NA,NA,NA,OR530067,NA,NA,NA,FALSE
Phanerophlebia_macrosora,NA,NA,NA,MZ771335,NA,NA,NA,NA,unjoined,avm128,DNA barcoding ferns in an unexplored tropical montane cloud forest,FALSE
Phanerophlebia_nobilis,NA,NA,NA,NA,NA,NA,NA,OR530068,NA,NA,NA,FALSE
Phanerophlebia_remotispora,NA,NA,NA,PV006825,NA,NA,NA,NA,unjoined,canekledesma20985,NA,FALSE
Phanerophlebia_umbonata,NA,NA,NA,AF537233,EU031783,EU031783,DQ514513,NA,monophy,NA,NA,FALSE
Phanerosorus_major,NA,NA,NA,AF012268,NA,NA,NA,NA,unjoined,NA,An rbcL-based phylogeny and heteroblastic leaf morphology of,FALSE
Phanerosorus_sarmentosus,NA,AF313548,NA,AF313583,AF313598,AF313598,NA,NA,voucher,mkatosn,NA,FALSE
Phegopteris_connectilis,JF832136,JF832177,JF303932,KF186501,JX874896,JX874896,HQ890412,NA,manual,NA,NA,FALSE
Phegopteris_decursive-pinnata,NA,NA,NA,NA,NA,NA,NA,MN623353,NA,NA,NA,FALSE
Phegopteris_hexagonoptera,EF463874,EF463534,NA,KJ841459,JX874893,JX874893,NA,NA,manual,NA,NA,FALSE
Phegopteris_koreana,NA,NA,NA,JN572361,JX874901,JX874901,JN572276,NA,manual,NA,NA,FALSE
Phegopteris_taiwaniana,NA,NA,NA,PP559707,NA,NA,PP562340,NA,monophy,NA,NA,FALSE
Phlebodium_aureum,NA,NA,NA,NA,NA,NA,NA,OR675421,NA,NA,NA,FALSE
Phlebodium_decumanum,EF463836,EF463505,NA,EF463256,MN781381,MN781381,NA,NA,monophy,NA,NA,FALSE
Phlebodium_pseudoaureum,NA,NA,NA,NA,NA,NA,NA,MW876348,NA,NA,NA,FALSE
Pilularia_americana,NA,NA,NA,NA,NA,NA,NA,KY863504,NA,NA,NA,FALSE
Pilularia_globulifera,AM176465,DQ643289,NA,DQ643323,DQ536356,DQ536356,DQ643384,NA,voucher,schneidersn,NA,FALSE
Pilularia_minuta,NA,EU269698,NA,EU269706,EU269714,EU269714,EU269729,NA,voucher,jermysn,NA,FALSE
Pilularia_novae-hollandiae,NA,EU269700,NA,EU269708,EU269716,EU269716,EU269731,NA,voucher,bragginssn,NA,FALSE
Pityrogramma_austroamericana,EU268769,EF452050,NA,EF452166,KJ416369,KJ416369,NA,NA,voucher,schuettpelz301,NA,FALSE
Pityrogramma_calomelanos,NA,NA,NA,NA,NA,NA,NA,MT130613,NA,NA,NA,FALSE
Pityrogramma_ebenea,KM007574,KM007691,NA,KM008143,KM007804,KM007804,KM008030,NA,voucher,rothfels3664,NA,FALSE
Pityrogramma_jamesonii,EF463857,EF463519,NA,EF452167,KJ416371,KJ416371,NA,NA,voucher,moran7592,NA,FALSE
Pityrogramma_ochracea,KM007573,KM007690,NA,KM008142,KM007803,KM007803,KM008029,NA,voucher,araujo4253,NA,FALSE
Pityrogramma_sulphurea,KU744786,KU744794,NA,KU744809,NA,NA,NA,NA,publication,NA,convergent evolution of fern-specific mitochondrial group ii intron,FALSE
Pityrogramma_trifoliata,NA,NA,NA,NA,NA,NA,NA,MH173075,NA,NA,NA,FALSE
Plagiogyria_adnata,NA,NA,NA,NA,NA,NA,NA,MN623362,NA,NA,NA,FALSE
Plagiogyria_egenolfioides,NA,NA,NA,PP560812,NA,NA,PP561773,NA,voucher,taifwade4600,NA,FALSE
Plagiogyria_euphlebia,NA,NA,NA,NA,NA,NA,NA,MN027504,NA,NA,NA,FALSE
Plagiogyria_falcata,NA,NA,NA,PP559668,NA,NA,PP562100,NA,voucher,taifkuo2334,NA,FALSE
Plagiogyria_glauca,NA,NA,NA,NA,NA,NA,NA,KP136831,NA,NA,NA,FALSE
Plagiogyria_japonica,NA,NA,NA,NA,NA,NA,NA,PP861174,NA,NA,NA,FALSE
Plagiogyria_koidzumii,NA,NA,NA,AB574745,NA,NA,PP561982,NA,monophy,NA,NA,FALSE
Plagiogyria_matsumureana,NA,NA,NA,AB574746,NA,NA,NA,NA,unjoined,tns765673,Molecular species identification with rich floristic sampling: DNA,FALSE
Plagiogyria_pectinata,AM176455,AM176614,NA,AM177347,NA,NA,NA,NA,voucher,fernandezandsaraviaef428,NA,FALSE
Plagiogyria_stenoptera,NA,NA,NA,PP559757,NA,NA,PP562186,NA,voucher,taifkuo2516,NA,FALSE
Plagiogyria_wakabae,NA,NA,NA,AB574744,NA,NA,NA,NA,unjoined,tns763065,Molecular species identification with rich floristic sampling: DNA,FALSE
Platycerium_alcicorne,NA,NA,NA,NA,NA,NA,NA,PP496880,NA,NA,NA,FALSE
Platycerium_andinum,NA,NA,NA,NA,NA,NA,NA,PP496858,NA,NA,NA,FALSE
Platycerium_bifurcatum,NA,NA,NA,NA,NA,NA,NA,MN623367,NA,NA,NA,FALSE
Platycerium_coronarium,NA,NA,NA,NA,NA,NA,NA,OR601553,NA,NA,NA,FALSE
Platycerium_elephantotis,NA,NA,NA,NA,NA,NA,NA,OR601546,NA,NA,NA,FALSE
Platycerium_ellisii,NA,NA,NA,NA,NA,NA,NA,PP496879,NA,NA,NA,FALSE
Platycerium_grande,NA,NA,NA,NA,NA,NA,NA,PP496859,NA,NA,NA,FALSE
Platycerium_hillii,NA,NA,NA,NA,NA,NA,NA,OR601558,NA,NA,NA,FALSE
Platycerium_holttumii,NA,NA,NA,NA,NA,NA,NA,OR601556,NA,NA,NA,FALSE
Platycerium_madagascariense,NA,NA,NA,NA,NA,NA,NA,PP496877,NA,NA,NA,FALSE
Platycerium_quadridichotomum,NA,NA,NA,NA,NA,NA,NA,PP496874,NA,NA,NA,FALSE
Platycerium_ridleyi,NA,NA,NA,NA,NA,NA,NA,PP496878,NA,NA,NA,FALSE
Platycerium_stemaria,NA,NA,NA,NA,NA,NA,NA,PP496856,NA,NA,NA,FALSE
Platycerium_superbum,NA,NA,NA,NA,NA,NA,NA,OR601551,NA,NA,NA,FALSE
Platycerium_veitchii,NA,NA,NA,NA,NA,NA,NA,PP496869,NA,NA,NA,FALSE
Platycerium_wallichii,NA,NA,NA,NA,NA,NA,NA,MT130688,NA,NA,NA,FALSE
Platycerium_wandae,NA,NA,NA,NA,NA,NA,NA,OR601552,NA,NA,NA,FALSE
Platycerium_willinckii,NA,NA,NA,NA,NA,NA,NA,PP496865,NA,NA,NA,FALSE
Plenasium_angustifolium,NA,NA,NA,AB672748,NA,NA,NA,NA,unjoined,NA,Molecular Evidence on the Origin of Osmunda Xmildei (Osmundaceae),FALSE
Plenasium_banksiifolium,EF588677,EF588721,NA,EF588698,EF588762,EF588762,EF588808,NA,voucher,cubey55,NA,FALSE
Plenasium_javanicum,EF588680,EF588724,NA,EF588702,EF588766,EF588766,EF588812,NA,voucher,cubey49,NA,FALSE
Plenasium_vachellii,NA,NA,NA,NA,NA,NA,NA,PQ300106,NA,NA,NA,FALSE
Pleocnemia_conjugata,NA,NA,NA,NA,NA,NA,KF709510,NA,unjoined,NA,NA,FALSE
Pleocnemia_cumingiana,NA,KJ196506,KJ196589,KJ196828,NA,NA,KJ196705,NA,voucher,chensitw00164,NA,FALSE
Pleocnemia_dahlii,NA,KJ196507,KJ196588,KJ196829,NA,NA,KJ196706,NA,voucher,chensitw00106,NA,FALSE
Pleocnemia_hemiteliiformis,KF709455,KF709465,NA,KF709482,NA,NA,KF709511,NA,voucher,kessler13604,NA,FALSE
Pleocnemia_irregularis,NA,NA,NA,NA,NA,NA,NA,OR530069,NA,NA,NA,FALSE
Pleocnemia_leuzeana,NA,KJ196508,KJ196587,KJ196830,NA,NA,NA,NA,voucher,chensitw00109,NA,FALSE
Pleocnemia_olivacea,NA,NA,NA,NA,NA,NA,NA,OR530070,NA,NA,NA,FALSE
Pleocnemia_pleiotricha,NA,NA,NA,PP559985,NA,NA,PP561138,NA,voucher,taifwade4253,NA,FALSE
Pleocnemia_presliana,NA,KT831830,NA,KJ464496,NA,KJ464744,PP561485,NA,monophy,NA,NA,FALSE
Pleocnemia_submembranacea,NA,NA,NA,NA,NA,NA,NA,MT130681,NA,NA,NA,FALSE
Pleopeltis_acicularis,NA,NA,NA,EU650125,EU650164,EU650164,EU650086,NA,voucher,tejerodiez4942,NA,FALSE
Pleopeltis_alborufula,NA,NA,NA,PX717208,NA,NA,NA,NA,unjoined,NA,Mesoamerican roots: the biogeographic history of the fern genus,FALSE
Pleopeltis_angusta,NA,NA,NA,EU650123,EU650162,EU650162,EU650084,NA,voucher,kroemer2122,NA,FALSE
Pleopeltis_appressa,NA,NA,NA,DQ642172,DQ642211,DQ642211,DQ642259,NA,voucher,boliviajimenez2356,NA,FALSE
Pleopeltis_astrolepis,NA,NA,NA,EU650106,EU650145,EU650145,EU650067,NA,voucher,kroemer2775,NA,FALSE
Pleopeltis_ballivianii,NA,NA,NA,DQ642173,DQ642212,DQ642212,DQ642260,NA,voucher,boliviajimenez2462,NA,FALSE
Pleopeltis_bombycina,NA,NA,NA,EU650136,EU650175,EU650175,EU650097,NA,voucher,cultbgzurich,NA,FALSE
Pleopeltis_bradeorum,NA,NA,NA,AY362614,AY362686,AY362686,NA,NA,publication,NA,unraveling the phylogeny of polygrammoid ferns (polypodiaceae and,FALSE
Pleopeltis_buchtienii,NA,NA,NA,DQ642175,DQ642214,DQ642214,DQ642262,NA,voucher,boliviajimenez1113,NA,FALSE
Pleopeltis_burchellii,NA,NA,NA,PX717210,PX851415,PX851415,NA,NA,publication,NA,mesoamerican roots: the biogeographic history of the fern genus,FALSE
Pleopeltis_christensenii,NA,NA,NA,EU650099,EU650138,EU650138,NA,NA,voucher,sundue955,NA,FALSE
Pleopeltis_collinsii,NA,NA,NA,EU650130,EU650169,EU650169,EU650091,NA,voucher,kroemer2705,NA,FALSE
Pleopeltis_complanata,NA,NA,NA,MW138186,NA,NA,NA,NA,unjoined,jhnitta823,A taxonomic and molecular survey of the pteridophytes of the,FALSE
Pleopeltis_conzattii,NA,NA,NA,EU650103,EU650142,EU650142,EU650064,NA,voucher,tejerodiez4937,NA,FALSE
Pleopeltis_crassinervata,NA,NA,NA,EU650105,EU650144,EU650144,EU650066,NA,voucher,tejerodiez4909,NA,FALSE
Pleopeltis_desvauxii,NA,NA,NA,AY362584,NA,NA,NA,NA,unjoined,NA,Unraveling the phylogeny of polygrammoid ferns (Polypodiaceae and,FALSE
Pleopeltis_disjuncta,NA,NA,NA,EU650127,EU650166,EU650166,EU650088,NA,voucher,jimenez664,NA,FALSE
Pleopeltis_ecklonii,NA,NA,NA,NA,NA,NA,HQ641002,NA,unjoined,NA,NA,FALSE
Pleopeltis_fallax,NA,NA,NA,EU650108,EU650147,EU650147,EU650069,NA,voucher,tejerodiez4908,NA,FALSE
Pleopeltis_fraseri,NA,NA,NA,DQ642176,DQ642215,DQ642215,DQ642263,NA,voucher,boliviajimenez817,NA,FALSE
Pleopeltis_friedrichsthaliana,NA,NA,NA,EU650128,EU650167,EU650167,EU650089,NA,voucher,krieger2332,NA,FALSE
Pleopeltis_fructuosa,NA,NA,NA,EU650101,EU650140,EU650140,EU650062,NA,voucher,krieger2328,NA,FALSE
Pleopeltis_furcata,NA,NA,NA,PX717215,PX851410,PX851410,PX738306,NA,publication,NA,mesoamerican roots: the biogeographic history of the fern genus,FALSE
Pleopeltis_furfuracea,NA,NA,NA,EU650126,EU650165,EU650165,EU650087,NA,voucher,tejerodiez4941,NA,FALSE
Pleopeltis_guttata,NA,NA,NA,EU650111,EU650150,EU650150,EU650072,NA,voucher,tejerodiez4951,NA,FALSE
Pleopeltis_hirsutissima,NA,NA,NA,EU650135,EU650174,EU650174,EU650096,NA,voucher,cultbgberlin,NA,FALSE
Pleopeltis_insularum,NA,NA,NA,NA,PX851407,PX851407,PX738310,NA,publication,NA,mesoamerican roots: the biogeographic history of the fern genus,FALSE
Pleopeltis_intermedia,NA,NA,NA,EU650107,EU650146,EU650146,EU650068,NA,voucher,jimenez2508,NA,FALSE
Pleopeltis_lepidopteris,NA,NA,NA,EU650137,EU650176,EU650176,EU650098,NA,voucher,blechner9007,NA,FALSE
Pleopeltis_lepidotricha,NA,NA,NA,EU650129,EU650168,EU650168,EU650090,NA,voucher,tejerodiez4905,NA,FALSE
Pleopeltis_macrocarpa,NA,NA,NA,NA,NA,NA,NA,MW876352,NA,NA,NA,FALSE
Pleopeltis_macrolepis,NA,NA,NA,EU650134,EU650173,EU650173,EU650095,NA,voucher,sundue960,NA,FALSE
Pleopeltis_madrensis,NA,NA,NA,EU650110,EU650149,EU650149,EU650071,NA,voucher,tejerodiez4940,NA,FALSE
Pleopeltis_marginata,NA,NA,NA,AY362583,EU650139,EU650139,EU650061,NA,monophy,NA,NA,FALSE
Pleopeltis_mexicana,NA,NA,NA,EU650102,EU650141,EU650141,EU650063,NA,voucher,tejerodiez4929,NA,FALSE
Pleopeltis_michauxiana,NA,NA,NA,MH549950,NA,NA,NA,NA,unjoined,trotta950181,Community phylogeny of the globally critically imperiled pine,FALSE
Pleopeltis_minarum,NA,NA,NA,PX717221,PX851405,PX851405,PX738313,NA,publication,NA,mesoamerican roots: the biogeographic history of the fern genus,FALSE
Pleopeltis_minima,NA,NA,NA,PX717222,PX851404,PX851404,PX738314,NA,monophy,NA,NA,FALSE
Pleopeltis_monosora,NA,NA,NA,EU650118,EU650157,EU650157,EU650079,NA,voucher,moran6768,NA,FALSE
Pleopeltis_montigena,NA,NA,NA,EU650114,EU650153,EU650153,EU650075,NA,voucher,sundue961,NA,FALSE
Pleopeltis_muenchii,NA,NA,NA,EU650113,EU650152,EU650152,EU650074,NA,voucher,tejerodiez4933,NA,FALSE
Pleopeltis_murorum,NA,NA,NA,EU650119,EU650158,EU650158,EU650080,NA,voucher,sundue920,NA,FALSE
Pleopeltis_myriolepis,NA,NA,NA,EU650131,EU650170,EU650170,EU650092,NA,voucher,krieger2327,NA,FALSE
Pleopeltis_platylepis,NA,NA,NA,EU650115,EU650154,EU650154,EU650076,NA,voucher,tejerodiez4943,NA,FALSE
Pleopeltis_plebeia,NA,NA,NA,EU650116,EU650155,EU650155,EU650077,NA,voucher,tejerodiez4930,NA,FALSE
Pleopeltis_pleopeltidis,NA,NA,NA,PX717223,NA,NA,PX738315,NA,publication,NA,mesoamerican roots: the biogeographic history of the fern genus,FALSE
Pleopeltis_pleopeltifolia,NA,NA,NA,EU650121,EU650160,EU650160,EU650082,NA,voucher,bohs3185,NA,FALSE
Pleopeltis_polylepis,NA,NA,NA,EU650104,EU650143,EU650143,EU650065,NA,voucher,tejerodiez4947,NA,FALSE
Pleopeltis_polypodioides,NA,NA,NA,NA,NA,NA,NA,MW876353,NA,NA,NA,FALSE
Pleopeltis_pycnocarpa,NA,NA,NA,EU650120,EU650159,EU650159,EU650081,NA,voucher,sundue815,NA,FALSE
Pleopeltis_pyrrholepis,NA,NA,NA,EU650133,EU650172,EU650172,EU650094,NA,voucher,cultbggoettingenlautner0244,NA,FALSE
Pleopeltis_remota,NA,NA,NA,DQ642180,DQ642220,DQ642220,DQ642268,NA,voucher,boliviajimenez1450,NA,FALSE
Pleopeltis_rosei,NA,NA,NA,AY362608,AY362680,AY362680,NA,NA,publication,NA,unraveling the phylogeny of polygrammoid ferns (polypodiaceae and,FALSE
Pleopeltis_rzedowskiana,NA,NA,NA,EU650117,EU650156,EU650156,EU650078,NA,voucher,kroemer2646,NA,FALSE
Pleopeltis_sanctae-rosae,EF463840,EF463509,NA,EF463258,NA,NA,NA,NA,voucher,schuettpelz525,NA,FALSE
Pleopeltis_thyssanolepis,NA,NA,NA,EU650112,EU650151,EU650151,EU650073,NA,voucher,tejerodiez4938,NA,FALSE
Pleopeltis_tridens,NA,NA,NA,NA,PX851398,PX851398,PX738319,NA,publication,NA,mesoamerican roots: the biogeographic history of the fern genus,FALSE
Pleopeltis_trindadensis,NA,NA,NA,PX717228,NA,NA,PX738320,NA,publication,NA,mesoamerican roots: the biogeographic history of the fern genus,FALSE
Pleopeltis_tweedieana,NA,NA,NA,DQ642182,DQ642222,DQ642222,DQ642270,NA,voucher,boliviajimenez1318,NA,FALSE
Pleopeltis_villagranii,NA,NA,NA,PV006748,NA,NA,NA,NA,unjoined,canekledesma20717,NA,FALSE
Pleopeltis_wiesbaurii,NA,NA,NA,EU650109,EU650148,EU650148,EU650070,NA,voucher,sundue913,NA,FALSE
Plesioneuron_archboldiae,NA,NA,NA,NA,AF425181,AF425181,AF425140,NA,manual,NA,NA,FALSE
Plesioneuron_attenuatum,NA,NA,NA,MT657503,NA,NA,NA,NA,unjoined,krwood16859,Biogeography of Pacific pteridophytes in a global context,FALSE
Plesioneuron_marquesicum,NA,NA,NA,MT657505,NA,NA,NA,NA,unjoined,krwood10268,Biogeography of Pacific pteridophytes in a global context,FALSE
Plesioneuron_ponapeanum,NA,NA,NA,MT657506,NA,NA,NA,NA,unjoined,krwood13564,Biogeography of Pacific pteridophytes in a global context,FALSE
Plesioneuron_savaiense,NA,NA,NA,PP559935,NA,NA,PP561098,NA,voucher,taifwade3844,NA,FALSE
Plesioneuron_tahitense,NA,NA,NA,MT657504,NA,NA,NA,NA,unjoined,krwood11026,Biogeography of Pacific pteridophytes in a global context,FALSE
Pleurosoriopsis_makinoi,NA,NA,NA,NA,NA,NA,NA,MW876354,NA,NA,NA,FALSE
Pneumatopteris_glandulifera,NA,NA,NA,MT657514,NA,NA,NA,NA,unjoined,taranker2229,Biogeography of Pacific pteridophytes in a global context,FALSE
Pneumatopteris_mesocarpa,NA,NA,NA,KY099846,NA,NA,NA,NA,unjoined,nitta586,Life cycle matters: DNA barcoding reveals contrasting community,FALSE
Polybotrya_aequatoriana,NA,NA,NA,KT272946,NA,KT273022,NA,NA,voucher,mellado2955,NA,FALSE
Polybotrya_alfredii,EF463717,EF463433,NA,EF463215,NA,KJ464745,KJ464653,NA,voucher,moran7612,NA,FALSE
Polybotrya_altescandens,NA,NA,NA,KT272949,NA,KT273025,KT273174,NA,voucher,rodriguez5544,NA,FALSE
Polybotrya_andina,NA,NA,NA,KJ464498,NA,KJ464746,KJ464654,NA,voucher,moran6729,NA,FALSE
Polybotrya_appressa,NA,NA,NA,KT272953,NA,KT273029,KT273178,NA,voucher,ollgaard74800,NA,FALSE
Polybotrya_caudata,NA,NA,NA,KT272957,NA,KT273034,KT273183,NA,voucher,moran3090,NA,FALSE
Polybotrya_crassirhizoma,NA,NA,NA,KT272958,NA,KT273035,KT273184,NA,voucher,moran3616,NA,FALSE
Polybotrya_cylindrica,NA,NA,NA,KT272960,NA,KT273037,KT273186,NA,voucher,labiak4418,NA,FALSE
Polybotrya_espiritosantensis,NA,NA,NA,KT272963,NA,KT273040,KT273189,NA,voucher,labiak4023,NA,FALSE
Polybotrya_fractiserialis,NA,NA,NA,NA,NA,NA,NA,OR530071,NA,NA,NA,FALSE
Polybotrya_glandulosa,NA,NA,NA,KJ628799,NA,NA,NA,NA,unjoined,NA,Phylogenetic relatedness within neotropical fern communities,FALSE
Polybotrya_gomezii,NA,NA,NA,KT272966,NA,KT273043,KT273192,NA,voucher,moran3241,NA,FALSE
Polybotrya_goyazensis,NA,NA,NA,KT272969,NA,KT273046,KT273193,NA,voucher,jatobasn,NA,FALSE
Polybotrya_hickeyi,NA,NA,NA,NA,NA,KT273049,NA,NA,unjoined,NA,NA,FALSE
Polybotrya_insularis,NA,NA,NA,NA,NA,KT273050,KT273196,NA,voucher,fournier357,NA,FALSE
Polybotrya_lechleriana,NA,NA,NA,KT272972,NA,KT273051,KT273197,NA,voucher,ollgaard1807,NA,FALSE
Polybotrya_lourteigiana,NA,NA,NA,NA,NA,KT273054,NA,NA,unjoined,NA,NA,FALSE
Polybotrya_matosii,NA,NA,NA,KT272974,NA,KT273055,KT273199,NA,voucher,matos992,NA,FALSE
Polybotrya_osmundacea,NA,NA,NA,KT272975,NA,KT273056,KT273200,NA,voucher,baslev60531,NA,FALSE
Polybotrya_pittieri,NA,NA,NA,KT272979,NA,KT273060,KT273204,NA,voucher,ollgaard98778,NA,FALSE
Polybotrya_polybotryoides,NA,NA,NA,NA,NA,NA,NA,OR530072,NA,NA,NA,FALSE
Polybotrya_pubens,NA,NA,NA,KT272982,NA,KT273063,KT273207,NA,voucher,baslev4810,NA,FALSE
Polybotrya_semipinnata,NA,NA,NA,NA,NA,NA,NA,OR530073,NA,NA,NA,FALSE
Polybotrya_sessilisora,NA,MN781239,NA,KT272988,KJ628945,KJ628945,KT273213,NA,monophy,NA,NA,FALSE
Polybotrya_sorbifolia,NA,NA,NA,NA,NA,KT273070,KT273214,NA,voucher,lopezpietrobom415,NA,FALSE
Polybotrya_speciosa,NA,NA,NA,KT272989,NA,KT273072,KT273216,NA,voucher,prado2250,NA,FALSE
Polybotrya_stolzei,NA,NA,NA,KT272992,NA,KT273075,NA,NA,voucher,ollgaard98780,NA,FALSE
Polybotrya_suberecta,NA,NA,NA,KT272993,NA,KT273076,KT273219,NA,voucher,moran3561,NA,FALSE
Polybotrya_tomentosa,NA,NA,NA,KT272995,NA,KT273078,NA,NA,voucher,labiak4387,NA,FALSE
Polydictyum_menyanthidis,NA,MF623680,MF623704,MF623752,NA,NA,MF623776,NA,voucher,dong3921,NA,FALSE
Polydictyum_ternatum,NA,MF623681,MF623705,MF623753,NA,NA,MF623777,NA,voucher,wade4195,NA,FALSE
Polydictyum_variabile,MG517575,MF623682,MF623706,MG517578,OR087336,OR087335,OR087522,NA,monophy,NA,NA,FALSE
Polyphlebium_angustatum,NA,NA,NA,KX913311,EU553526,NA,NA,NA,monophy,NA,NA,FALSE
Polyphlebium_capillaceum,NA,NA,NA,MW138287,NA,NA,NA,NA,unjoined,jhnitta128,A taxonomic and molecular survey of the pteridophytes of the,FALSE
Polyphlebium_colensoi,NA,NA,NA,AB257456,NA,NA,NA,NA,unjoined,ebihara01121607,A global molecular phylogeny of the fern genus Trichomanes,FALSE
Polyphlebium_diaphanum,NA,NA,NA,AB083292,NA,NA,NA,NA,unjoined,tasakawa17812,"Hymenophyllum paniense (Hymenophyllaceae), A New Species of Filmy",FALSE
Polyphlebium_endlicherianum,EF463763,EF463471,NA,EF463229,NA,NA,NA,NA,voucher,smith2600,NA,FALSE
Polyphlebium_exsectum,NA,NA,NA,AB257458,NA,NA,NA,NA,unjoined,ebihara02122901,A global molecular phylogeny of the fern genus Trichomanes,FALSE
Polyphlebium_hymenophylloides,NA,NA,NA,AB257460,NA,NA,NA,NA,unjoined,dubuissonhg200410,A global molecular phylogeny of the fern genus Trichomanes,FALSE
Polyphlebium_ingae,NA,NA,NA,AB257461,NA,NA,NA,NA,unjoined,pdantonsn,A global molecular phylogeny of the fern genus Trichomanes,FALSE
Polyphlebium_venosum,NA,NA,NA,AY175786,NA,NA,NA,NA,unjoined,arsmith2598,Molecular systematics of the fern genus Trichomanes L.,FALSE
Polyphlebium_vieillardii,NA,NA,NA,AB257471,NA,NA,NA,NA,unjoined,ebihara00122002,A global molecular phylogeny of the fern genus Trichomanes,FALSE
Polypodium_amorphum,NA,NA,NA,U21142,NA,NA,NA,NA,unjoined,NA,rbcL sequences provide phylogenetic insights among sister species,FALSE
Polypodium_appalachianum,NA,NA,NA,U21141,NA,NA,NA,NA,unjoined,NA,rbcL sequences provide phylogenetic insights among sister species,FALSE
Polypodium_arcanum,NA,NA,NA,NA,NA,NA,NA,MZ357090,NA,NA,NA,FALSE
Polypodium_californicum,NA,NA,NA,KF909040,NA,NA,NA,NA,unjoined,lhuiet138,"Phylogeny, divergence time estimates, and phylogeography for the",FALSE
Polypodium_cambricum,NA,NA,HE970727,HE963605,NA,NA,NA,NA,voucher,mibzpl03985,NA,FALSE
Polypodium_colpodes,NA,NA,NA,KF909044,NA,NA,NA,NA,unjoined,lhuiet144,"Phylogeny, divergence time estimates, and phylogeography for the",FALSE
Polypodium_conterminans,NA,NA,NA,OP711662,NA,NA,NA,NA,unjoined,miriamjimenezchimil30467,NA,FALSE
Polypodium_eatonii,NA,NA,NA,PX717212,NA,PX851413,PX738303,NA,publication,NA,mesoamerican roots: the biogeographic history of the fern genus,FALSE
Polypodium_echinolepis,NA,NA,NA,PV006742,NA,NA,NA,NA,unjoined,miriamjimenez30461,NA,FALSE
Polypodium_ensiforme,NA,NA,NA,AY362598,AY362671,AY362671,NA,NA,publication,NA,unraveling the phylogeny of polygrammoid ferns (polypodiaceae and,FALSE
Polypodium_fauriei,NA,NA,NA,U21148,NA,NA,NA,NA,unjoined,NA,rbcL sequences provide phylogenetic insights among sister species,FALSE
Polypodium_glycyrrhiza,NA,NA,NA,NA,NA,NA,NA,KP136832,NA,NA,NA,FALSE
Polypodium_hesperium,NA,EU352282,NA,EU352309,NA,NA,NA,NA,voucher,hsraiandjmzgurski1409022,NA,FALSE
Polypodium_interjectum,NA,NA,NA,HE963606,NA,NA,NA,NA,unjoined,mibzpl03547,DNA Barcoding as an Effective Tool in Improving a Digital Plant,FALSE
Polypodium_kamelinii,NA,NA,NA,OR805770,NA,NA,NA,NA,unjoined,altb1010000112,DNA barcodes of the vascular flora of the Altai Mountain Country:,FALSE
Polypodium_macaronesicum,NA,NA,NA,U21151,NA,NA,NA,NA,unjoined,NA,rbcL sequences provide phylogenetic insights among sister species,FALSE
Polypodium_martensii,NA,NA,NA,PV006738,NA,NA,NA,NA,unjoined,miriamjimenez30198,NA,FALSE
Polypodium_pellucidum,NA,NA,NA,U21149,AY096234,AY096234,AF159190,NA,monophy,NA,NA,FALSE
Polypodium_plesiosorum,NA,NA,NA,U21144,NA,NA,NA,NA,unjoined,NA,rbcL sequences provide phylogenetic insights among sister species,FALSE
Polypodium_puberulum,NA,NA,NA,U21143,NA,NA,NA,NA,unjoined,NA,rbcL sequences provide phylogenetic insights among sister species,FALSE
Polypodium_rhodopleuron,NA,NA,NA,NA,NA,NA,NA,MZ357091,NA,NA,NA,FALSE
Polypodium_scouleri,NA,NA,NA,U21150,NA,NA,NA,NA,unjoined,NA,rbcL sequences provide phylogenetic insights among sister species,FALSE
Polypodium_sibiricum,NA,NA,NA,NA,NA,NA,NA,MW876355,NA,NA,NA,FALSE
Polypodium_subpetiolatum,NA,NA,NA,NA,NA,NA,NA,MZ357092,NA,NA,NA,FALSE
Polypodium_vianei,NA,NA,NA,OR805769,NA,NA,NA,NA,unjoined,altb1010000083,DNA barcodes of the vascular flora of the Altai Mountain Country:,FALSE
Polypodium_virginianum,KF186559,NA,NA,KF186527,NA,NA,NA,NA,voucher,oac96886,NA,FALSE
Polypodium_vulgare,NA,NA,NA,NA,NA,NA,NA,MZ357093,NA,NA,NA,FALSE
Polystichopsis_chaerophylloides,EF463718,EF463434,NA,EF463216,NA,KT273080,KT273222,NA,voucher,christenhusz4223,NA,FALSE
Polystichopsis_muscosa,NA,NA,NA,KT272998,NA,KT273081,KT273223,NA,voucher,duss4052,NA,FALSE
Polystichopsis_pubescens,NA,NA,NA,NA,NA,NA,NA,OR530074,NA,NA,NA,FALSE
Polystichum_acanthophyllum,NA,NA,NA,KU244712,NA,KU244873,KU244959,NA,voucher,libingzhangandhaihe64,NA,FALSE
Polystichum_acrostichoides,KF186548,NA,NA,KF186516,NA,NA,NA,NA,voucher,oac96863,NA,FALSE
Polystichum_aculeatum,NA,NA,NA,KX768041,NA,KX768072,KX768064,NA,voucher,jtmickelsn,NA,FALSE
Polystichum_acutidens,NA,NA,NA,NA,NA,NA,NA,OR432578,NA,NA,NA,FALSE
Polystichum_acutipinnulum,NA,NA,NA,KU244732,NA,KU244900,KU244987,NA,voucher,libingzhangandhaihe5401,NA,FALSE
Polystichum_albomarginatum,NA,NA,NA,KC819964,KC819994,KC819979,KC819949,NA,voucher,ml1257,NA,FALSE
Polystichum_alcicorne,NA,NA,NA,KU244723,NA,KU244883,KU244970,NA,voucher,libingzhang816,NA,FALSE
Polystichum_alfaroi,NA,NA,NA,MW000297,MW000289,MW000265,MW000256,NA,voucher,sajorgensen901,NA,FALSE
Polystichum_altum,NA,NA,NA,MK174897,MK214695,MK214695,DQ150395,NA,monophy,NA,NA,FALSE
Polystichum_amboroense,NA,NA,NA,KF020328,KF020447,KF020406,KF020353,NA,voucher,msundue773,NA,FALSE
Polystichum_ammifolium,NA,NA,NA,KU244752,NA,KU244925,KU245013,NA,voucher,lepechon1216,NA,FALSE
Polystichum_andersonii,NA,NA,NA,JN189510,NA,JN189183,JN189078,NA,voucher,wisebs39,NA,FALSE
Polystichum_andinum,NA,NA,NA,MK174898,MK214696,MK214696,MK035852,NA,voucher,cordmorero291,NA,FALSE
Polystichum_anomalum,NA,NA,NA,NA,NA,NA,NA,OR530076,NA,NA,NA,FALSE
Polystichum_atkinsonii,NA,EF450461,NA,EF394250,NA,NA,NA,NA,voucher,xczhang3305,NA,FALSE
Polystichum_attenuatum,NA,NA,NA,NA,NA,NA,NA,MT130606,NA,NA,NA,FALSE
Polystichum_auriculum,NA,NA,NA,KU244758,NA,KU244931,KU245020,NA,voucher,libingzhangandhaihe5014,NA,FALSE
Polystichum_australiense,NA,NA,NA,NA,NA,AY164624,NA,NA,unjoined,NA,NA,FALSE
Polystichum_bakerianum,NA,NA,NA,KC878851,KC890809,KF020392,KC878859,NA,voucher,dbarrington2246,NA,FALSE
Polystichum_balansae,KT831795,KT831833,NA,KT831873,NA,NA,NA,NA,voucher,liuhm101102,NA,FALSE
Polystichum_basipinnatum,NA,NA,NA,NA,NA,NA,NA,PV420917,NA,NA,NA,FALSE
Polystichum_biaristatum,NA,NA,NA,PP560879,NA,NA,PP561827,NA,voucher,taiflu24411,NA,FALSE
Polystichum_bifidum,NA,NA,NA,KU244757,NA,KU244930,KU245019,NA,voucher,libingzhangandhaihe5012,NA,FALSE
Polystichum_bonseyi,NA,NA,NA,KX768043,NA,KX768075,KX768063,NA,voucher,hdriscoll320,NA,FALSE
Polystichum_braunii,NA,NA,NA,KX768058,NA,KX768079,KX768061,NA,voucher,jlockwoodsn,NA,FALSE
Polystichum_bulbiferum,NA,NA,NA,KF020329,KF020449,KF020408,KF020355,NA,voucher,mmchenry1038,NA,FALSE
Polystichum_californicum,NA,NA,NA,KU244745,NA,KU244918,KU245005,NA,voucher,870059,NA,FALSE
Polystichum_capillipes,NA,EF450462,NA,EF394249,NA,NA,NA,NA,voucher,xczhang3304,NA,FALSE
Polystichum_caruifolium,NA,NA,NA,NA,NA,NA,NA,OR530077,NA,NA,NA,FALSE
Polystichum_caudescens,NA,NA,NA,MK174899,MK214697,MK214697,MK035862,NA,voucher,vtcondack583,NA,FALSE
Polystichum_cavernicola,NA,NA,NA,NA,NA,NA,JF713056,NA,unjoined,NA,NA,FALSE
Polystichum_chilense,NA,NA,NA,MK174900,MK214698,MK214698,MK035855,NA,voucher,cordmorero308,NA,FALSE
Polystichum_chingae,NA,NA,NA,KU244720,NA,DQ151861,KU244967,NA,monophy,NA,NA,FALSE
Polystichum_christii,NA,NA,NA,AY545486,NA,NA,NA,NA,unjoined,NA,Asian Origin for Polystichum based on rbcL sequences analysis,FALSE
Polystichum_concinnum,NA,NA,NA,MW000298,MW000290,MW000266,MW000257,NA,voucher,dsbarrington2292,NA,FALSE
Polystichum_conjunctum,NA,NA,NA,NA,NA,NA,NA,PV420909,NA,NA,NA,FALSE
Polystichum_craspedosorum,NA,NA,NA,KU244761,NA,KU244935,KU245024,NA,voucher,zhangmingzhu568,NA,FALSE
Polystichum_crinigerum,NA,NA,NA,NA,NA,NA,NA,OR530075,NA,NA,NA,FALSE
Polystichum_cyclolobum,NA,NA,NA,MH159212,MH175171,NA,NA,NA,publication,NA,biodiversity and apomixis: insights from the east-asian holly ferns,FALSE
Polystichum_cystostegia,NA,NA,NA,AF208392,NA,NA,NA,NA,unjoined,NA,rbcL sequences for Australasian Polystichum,FALSE
Polystichum_deltodon,NA,NA,NA,NA,NA,NA,NA,MN640792,NA,NA,NA,FALSE
Polystichum_dielsii,NA,NA,NA,KU244709,NA,KU244871,KU244956,NA,voucher,libingzhangandhaihe447,NA,FALSE
Polystichum_discretum,NA,NA,NA,KX768056,NA,DQ151864,DQ150401,NA,voucher,sglub41,NA,FALSE
Polystichum_disjunctum,NA,NA,NA,MK174902,MK214701,MK214701,DQ150402,NA,monophy,NA,NA,FALSE
Polystichum_distans,NA,NA,NA,OP710988,NA,NA,NA,NA,unjoined,canekledesma20360,NA,FALSE
Polystichum_dracomontanum,NA,NA,NA,AF537240,NA,NA,NA,NA,unjoined,roux2715,Major evolutionary events in the origin and diversification of the,FALSE
Polystichum_drepanum,NA,NA,NA,KC878852,KC890811,KF020387,KC878861,NA,voucher,cpg8864,NA,FALSE
Polystichum_dubium,NA,NA,NA,KF020330,KF020450,KF020410,KF020357,NA,voucher,mlehnert1277,NA,FALSE
Polystichum_dudleyi,NA,NA,NA,AF537241,MK214702,MK214702,MK776837,NA,monophy,NA,NA,FALSE
Polystichum_duthiei,NA,EF450464,NA,EF394252,NA,NA,NA,NA,voucher,zdfangf009,NA,FALSE
Polystichum_ekmanii,NA,NA,NA,AF537242,NA,NA,NA,NA,unjoined,wieczoreck215,Major evolutionary events in the origin and diversification of the,FALSE
Polystichum_ensiforme,NA,NA,NA,NA,NA,NA,NA,PV420911,NA,NA,NA,FALSE
Polystichum_erosum,NA,NA,NA,KU244763,NA,KU244937,KU245026,NA,voucher,libingzhang4775,NA,FALSE
Polystichum_falcatilobum,NA,NA,NA,OR543834,NA,NA,NA,NA,unjoined,lbzhang4757,"Three new species of Polystichum (Dryopteridaceae) from Xizang,",FALSE
Polystichum_falcinellum,NA,NA,NA,KX768055,NA,KX768087,NA,NA,voucher,rlviane8981,NA,FALSE
Polystichum_fallax,NA,NA,NA,AY163865,NA,AY164625,NA,NA,voucher,weltp20472,NA,FALSE
Polystichum_fengshanense,NA,NA,NA,NA,NA,NA,JF827030,NA,unjoined,NA,NA,FALSE
Polystichum_fibrillosopaleaceum,NA,NA,NA,AB232394,NA,NA,NA,NA,unjoined,tsutsumict1003,Evolution of Epiphytes in Davalliaceae and Related Ferns,FALSE
Polystichum_fimbriatum,NA,NA,NA,NA,NA,KU244859,KU244944,NA,voucher,libingzhangandhaihe773,NA,FALSE
Polystichum_formosanum,NA,NA,NA,PP560499,NA,NA,PP562298,NA,voucher,taifkuo4214,NA,FALSE
Polystichum_formosum,NA,NA,NA,NA,NA,AY164626,NA,NA,unjoined,NA,NA,FALSE
Polystichum_fournieri,NA,NA,NA,KF020331,NA,KF020401,KF020362,NA,voucher,mmchenry0816,NA,FALSE
Polystichum_fraxinellum,NA,NA,NA,NA,NA,NA,NA,MT130647,NA,NA,NA,FALSE
Polystichum_fugongense,NA,NA,NA,NA,NA,DQ202458,DQ202426,NA,voucher,sglu4a9,NA,FALSE
Polystichum_gelidum,NA,NA,NA,KF020332,KF020460,KF020423,KF020359,NA,voucher,mmchenry1087,NA,FALSE
Polystichum_glaciale,NA,KY241400,NA,KY241390,NA,NA,KY241387,NA,voucher,tsui169,NA,FALSE
Polystichum_glandulosum,NA,NA,NA,KC878850,NA,NA,KC878869,NA,voucher,maxon4078,NA,FALSE
Polystichum_grandifrons,NA,NA,NA,KU244719,NA,KU244879,KU244966,NA,voucher,libingzhangandhaihe5025,NA,FALSE
Polystichum_haleakalense,NA,NA,NA,EF177322,NA,KX768088,EF177278,NA,monophy,NA,NA,FALSE
Polystichum_hancockii,KT831796,KT831836,NA,KT831876,NA,NA,NA,NA,voucher,liuhm090843,NA,FALSE
Polystichum_hartwegii,NA,NA,NA,KF020335,KF020444,KF020400,KF020363,NA,voucher,tsquedensley4936,NA,FALSE
Polystichum_hecatopterum,NA,NA,NA,NA,NA,KU244939,KU245030,NA,voucher,liangzhangsn,NA,FALSE
Polystichum_herbaceum,NA,NA,NA,MH159214,MH175175,MH175175,NA,NA,voucher,sgliu11905vt,NA,FALSE
Polystichum_hillebrandii,EF463720,EF463436,NA,EF463217,NA,NA,NA,NA,voucher,driscoll310,NA,FALSE
Polystichum_holttumii,NA,NA,NA,KX768059,NA,KX768090,NA,NA,voucher,tranker2163,NA,FALSE
Polystichum_hookerianum,NA,NA,NA,OR543841,OR562007,OR562007,OR543851,NA,voucher,liangzhang4519,NA,FALSE
Polystichum_hubeiense,NA,NA,NA,NA,NA,NA,KU245029,NA,unjoined,NA,NA,FALSE
Polystichum_igaense,NA,NA,NA,AB575199,NA,NA,NA,NA,unjoined,tns763928,Molecular species identification with rich floristic sampling: DNA,FALSE
Polystichum_imbricans,NA,NA,NA,KU244746,NA,KU244919,KU245006,NA,voucher,20110803,NA,FALSE
Polystichum_incongruum,NA,NA,NA,KU244749,NA,KU244922,KU245009,NA,monophy,NA,NA,FALSE
Polystichum_integripinnum,NA,NA,NA,PP559756,NA,NA,PP562185,NA,voucher,taifkuo2515,NA,FALSE
Polystichum_jinfoshanense,NA,NA,NA,NA,NA,NA,NA,MT789702,NA,NA,NA,FALSE
Polystichum_jiucaipingense,NA,NA,NA,KU244702,NA,KU244856,KU244941,NA,voucher,libingzhangandhaihe700,NA,FALSE
Polystichum_jiulaodongense,NA,NA,NA,NA,NA,KU244938,KU245027,NA,voucher,libingzhang4771,NA,FALSE
Polystichum_kenwoodii,NA,NA,NA,MT216090,NA,NA,NA,NA,unjoined,us00781486,The Evolution of Overrepresentation: exploring the biogeography of,FALSE
Polystichum_kruckebergii,NA,NA,NA,MG215518,NA,NA,NA,NA,unjoined,ccdb23325c11,Using herbarium-derived DNAs to assemble a large-scale DNA barcode,FALSE
Polystichum_kungianum,NA,NA,NA,KU244764,NA,NA,KU245028,NA,monophy,NA,NA,FALSE
Polystichum_lachenense,NA,NA,NA,KU662013,NA,KU662031,KU662020,NA,voucher,fayweili1397,NA,FALSE
Polystichum_latilepis,NA,NA,NA,KU244735,NA,KU244904,KU244991,NA,voucher,liangzhangandzhangmingzhu1083,NA,FALSE
Polystichum_lehmannii,NA,NA,NA,KF020336,KF020451,KF020412,KF020364,NA,voucher,mmchenry1061,NA,FALSE
Polystichum_lemmonii,EF463721,EF463437,NA,EF463218,NA,NA,NA,NA,voucher,zika10741,NA,FALSE
Polystichum_lentum,NA,NA,NA,OR543837,NA,NA,OR543856,NA,voucher,zrhemt026,NA,FALSE
Polystichum_lepidocaulon,NA,NA,NA,NA,NA,NA,NA,PV420919,NA,NA,NA,FALSE
Polystichum_lepidotum,NA,NA,NA,KF020338,KF020477,KF020415,KF020367,NA,voucher,mmchenry1094,NA,FALSE
Polystichum_levingei,NA,NA,NA,MK174915,MK214720,MK214720,NA,NA,voucher,pyulusgk47,NA,FALSE
Polystichum_lilianae,NA,NA,NA,MW000300,MW000292,MW000268,MW000259,NA,voucher,sajorgensen905,NA,FALSE
Polystichum_liui,NA,NA,NA,NA,EF540715,EF540715,EF540703,NA,voucher,xczhang3341,NA,FALSE
Polystichum_lonchitis,NA,NA,NA,MK174903,MK214705,MK214705,MK035863,NA,voucher,vtaverysn,NA,FALSE
Polystichum_longifrons,NA,NA,NA,AB575204,NA,NA,NA,NA,unjoined,tns774851,Molecular species identification with rich floristic sampling: DNA,FALSE
Polystichum_longipaleatum,NA,NA,NA,AY694814,MK214706,MK214706,AY736353,NA,monophy,NA,NA,FALSE
Polystichum_longispinosum,NA,NA,NA,KU244706,NA,KU244867,KU244951,NA,voucher,libingzhangandcehongli4786,NA,FALSE
Polystichum_loratum,NA,NA,NA,NA,NA,NA,NA,PZ368356,NA,NA,NA,FALSE
Polystichum_luctuosum,NA,NA,NA,KU244750,NA,KU244923,KU245011,NA,voucher,roux5494,NA,FALSE
Polystichum_macleae,NA,NA,NA,AF537249,NA,NA,NA,NA,unjoined,roux2561,Major evolutionary events in the origin and diversification of the,FALSE
Polystichum_maevaranense,NA,NA,NA,KU244747,NA,NA,KU245008,NA,voucher,rakotovao2344,NA,FALSE
Polystichum_makinoi,NA,EF450467,NA,EF394247,NA,NA,NA,NA,voucher,xczhang3365,NA,FALSE
Polystichum_manmeiense,NA,NA,NA,KU244717,NA,KU244877,PP562281,NA,monophy,NA,NA,FALSE
Polystichum_marionense,NA,NA,NA,NA,NA,NA,PQ133329,NA,unjoined,NA,NA,FALSE
Polystichum_marquesense,NA,NA,NA,MT216092,NA,NA,EF177281,NA,monophy,NA,NA,FALSE
Polystichum_maximum,NA,NA,NA,KC819965,KC819995,KC819980,KC819950,NA,voucher,k1292,NA,FALSE
Polystichum_mayebarae,NA,NA,NA,PP561023,NA,NA,PP561983,NA,voucher,taifzxc002049,NA,FALSE
Polystichum_microchlamys,NA,NA,NA,AB575188,NA,KX856982,KX856981,NA,monophy,NA,NA,FALSE
Polystichum_minimum,NA,NA,NA,AY694812,NA,NA,AY736351,NA,monophy,NA,NA,FALSE
Polystichum_minutissimum,NA,NA,NA,NA,NA,NA,JF827028,NA,unjoined,NA,NA,FALSE
Polystichum_mohrioides,NA,NA,NA,MK174905,MK214708,MK214708,MK035847,NA,voucher,vtlewisblock1596,NA,FALSE
Polystichum_moluccense,NA,NA,NA,KX768050,NA,KX768091,NA,NA,voucher,sglupk5,NA,FALSE
Polystichum_montevidense,NA,NA,NA,MK174907,MK214710,MK214710,MK035865,NA,voucher,cordmorero349,NA,FALSE
Polystichum_moorei,NA,NA,NA,NA,NA,NA,KU245033,NA,unjoined,NA,NA,FALSE
Polystichum_moupinense,NA,NA,NA,KU244731,NA,KU244899,KU244986,NA,voucher,haihehg118,NA,FALSE
Polystichum_mucronifolium,NA,NA,NA,EF177340,NA,KU244875,PP562250,NA,monophy,NA,NA,FALSE
Polystichum_multifidum,NA,NA,NA,MK174909,MK214712,MK214712,MK035856,NA,voucher,cordmorero370,NA,FALSE
Polystichum_munitum,NA,NA,NA,JN189508,NA,JN189182,JN189076,NA,voucher,wisebs34,NA,FALSE
Polystichum_muricatum,NA,NA,NA,AF537251,NA,NA,NA,NA,unjoined,littlebarrington349,Major evolutionary events in the origin and diversification of the,FALSE
Polystichum_neolobatum,KT831798,KT831838,NA,KT831878,NA,NA,NA,NA,voucher,sanxiaexpe1984,NA,FALSE
Polystichum_neozelandicum,NA,NA,NA,AF208394,NA,NA,NA,NA,unjoined,NA,rbcL sequences for Australasian Polystichum,FALSE
Polystichum_nepalense,NA,NA,NA,NA,NA,NA,NA,PZ368355,NA,NA,NA,FALSE
Polystichum_normale,NA,NA,NA,NA,NA,NA,JF713068,NA,unjoined,NA,NA,FALSE
Polystichum_nudicaule,NA,NA,NA,KF020321,KF020454,KF020417,KF020369,NA,voucher,mmchenry1088,NA,FALSE
Polystichum_obae,NA,NA,NA,AB575209,NA,NA,NA,NA,unjoined,tns766461,Molecular species identification with rich floristic sampling: DNA,FALSE
Polystichum_obliquum,NA,NA,NA,NA,NA,NA,NA,OR432581,NA,NA,NA,FALSE
Polystichum_oculatum,NA,NA,NA,NA,NA,AY164633,NA,NA,unjoined,NA,NA,FALSE
Polystichum_ohmurae,NA,NA,NA,AB575210,NA,NA,NA,NA,unjoined,tns766490,Molecular species identification with rich floristic sampling: DNA,FALSE
Polystichum_oligodontum,NA,NA,NA,PX215520,NA,NA,NA,NA,unjoined,NA,"Polystichum oligodontum (subg. Haplopolystichum; Dryopteridaceae),",FALSE
Polystichum_orbiculatum,NA,NA,NA,NA,NA,NA,NA,OR530078,NA,NA,NA,FALSE
Polystichum_ordinatum,NA,NA,NA,PV006821,NA,NA,NA,NA,unjoined,danieltejerodiez6114,NA,FALSE
Polystichum_oreodoxa,NA,NA,NA,NA,NA,DQ202467,DQ202435,NA,voucher,sgluk41,NA,FALSE
Polystichum_otomasui,NA,NA,NA,AB575211,NA,NA,NA,NA,unjoined,tns762702,Molecular species identification with rich floristic sampling: DNA,FALSE
Polystichum_otophorum,NA,NA,NA,KU244711,NA,NA,KU244958,NA,voucher,libingzhangandhaihe6,NA,FALSE
Polystichum_ovatopaleaceum,NA,NA,NA,AB575213,NA,NA,NA,NA,unjoined,tns764355,Molecular species identification with rich floristic sampling: DNA,FALSE
Polystichum_paleatum,NA,NA,NA,KY099848,NA,NA,NA,NA,unjoined,nitta3196,Life cycle matters: DNA barcoding reveals contrasting community,FALSE
Polystichum_pallidum,NA,NA,NA,KC819971,KC820001,KC819986,KC819956,NA,voucher,jc662,NA,FALSE
Polystichum_paramicola,NA,NA,NA,MW000303,NA,NA,MW000264,NA,voucher,jmostacero1391,NA,FALSE
Polystichum_parvifoliolatum,NA,NA,NA,NA,NA,DQ151873,DQ150411,NA,voucher,sglun9,NA,FALSE
Polystichum_parvipinnulum,NA,NA,NA,KU244739,NA,KU244910,KU244997,NA,voucher,sc22959,NA,FALSE
Polystichum_perpusillum,NA,NA,NA,NA,NA,NA,JF713058,NA,unjoined,NA,NA,FALSE
Polystichum_piceopaleaceum,NA,NA,NA,NA,NA,NA,NA,PP236762,NA,NA,NA,FALSE
Polystichum_platylepis,NA,NA,NA,KC819974,KC820004,KC819989,KC819959,NA,voucher,jc636,NA,FALSE
Polystichum_platyphyllum,NA,NA,NA,KF020325,KF020464,KF020428,KF020373,NA,voucher,ijimenez1501,NA,FALSE
Polystichum_plicatum,NA,NA,NA,MK174911,MK214715,MK214715,MK035853,NA,voucher,cordmorero288,NA,FALSE
Polystichum_polyblepharon,NA,NA,NA,KX768051,NA,DQ202468,DQ202436,NA,voucher,sglup7,NA,FALSE
Polystichum_polyphyllum,NA,NA,NA,KF020342,KF020455,KF020418,KF020374,NA,voucher,mmchenry1051,NA,FALSE
Polystichum_prescottianum,NA,NA,NA,KU662014,NA,KU662032,KU662021,NA,voucher,fayweili1398,NA,FALSE
Polystichum_prionolepis,NA,NA,NA,PP560715,NA,NA,PP562353,NA,voucher,taifzxc001565,NA,FALSE
Polystichum_proliferum,NA,NA,NA,AF208393,NA,NA,NA,NA,unjoined,NA,rbcL sequences for Australasian Polystichum,FALSE
Polystichum_pseudodeltodon,NA,NA,NA,NA,NA,KU662027,KU662016,NA,voucher,wang3833,NA,FALSE
Polystichum_pseudomakinoi,NA,NA,NA,KX768053,NA,KX768100,NA,NA,voucher,dsbarrington2083,NA,FALSE
Polystichum_pseudoparvipinnulum,NA,NA,NA,PP560933,NA,NA,PP561881,NA,voucher,taiflu29890,NA,FALSE
Polystichum_pseudostenophyllum,NA,NA,NA,PP560846,NA,NA,PP562271,NA,voucher,taifkuo3860,NA,FALSE
Polystichum_punctiferum,NA,NA,NA,MK174914,MK214718,MK214718,DQ150413,NA,monophy,NA,NA,FALSE
Polystichum_pungens,NA,NA,NA,AF537253,NA,NA,NA,NA,unjoined,roux2370,Major evolutionary events in the origin and diversification of the,FALSE
Polystichum_puteicola,NA,NA,NA,NA,NA,NA,GQ244335,NA,unjoined,NA,NA,FALSE
Polystichum_putuoense,NA,NA,NA,NA,NA,NA,NA,PV420912,NA,NA,NA,FALSE
Polystichum_pycnolepis,NA,NA,NA,KF020324,KF020467,KF020432,KF020376,NA,voucher,mmchenry1081,NA,FALSE
Polystichum_pycnopterum,NA,NA,NA,KU244714,NA,KU244874,KU244961,NA,voucher,libingzhangandhaihe4938,NA,FALSE
Polystichum_rapense,NA,NA,NA,KC896009,NA,KX768102,KC896008,NA,monophy,NA,NA,FALSE
Polystichum_retrosopaleaceum,NA,NA,NA,KX768052,NA,DQ202470,DQ202438,NA,voucher,sglup21,NA,FALSE
Polystichum_revolutum,NA,NA,NA,KU244708,NA,KU244869,KU244953,NA,voucher,libingzhangandcehongli4773,NA,FALSE
Polystichum_rhizophyllum,NA,NA,NA,KC878855,KC890821,KF020394,KC878867,NA,voucher,msundue2069,NA,FALSE
Polystichum_rigens,KT831799,KT831839,NA,KT831879,NA,NA,NA,NA,voucher,liuhm100521,NA,FALSE
Polystichum_rochaleanum,NA,NA,NA,KC819976,KC820006,KC819991,KC819961,NA,voucher,jc516,NA,FALSE
Polystichum_rufum,NA,NA,NA,KC819977,KC820007,KC819992,KC819962,NA,voucher,k1078,NA,FALSE
Polystichum_scariosum,NA,NA,NA,PP559774,NA,NA,PP562201,NA,voucher,taifkuo2814,NA,FALSE
Polystichum_scopulinum,NA,NA,NA,KX768047,KC890817,KX768104,KC878860,NA,voucher,pzika18579,NA,FALSE
Polystichum_semifertile,NA,NA,NA,NA,NA,NA,NA,MT130677,NA,NA,NA,FALSE
Polystichum_setiferum,NA,NA,NA,AF537254,NA,NA,NA,NA,unjoined,exhortnybg1998june11,Major evolutionary events in the origin and diversification of the,FALSE
Polystichum_setigerum,NA,NA,NA,KX768039,NA,KX768105,NA,NA,voucher,sajorgensen79,NA,FALSE
Polystichum_shensiense,NA,NA,NA,KU244728,NA,KU244894,KU244981,NA,voucher,haihehg066,NA,FALSE
Polystichum_shimurae,NA,NA,NA,AB575220,NA,NA,NA,NA,unjoined,tns763885,Molecular species identification with rich floristic sampling: DNA,FALSE
Polystichum_shizuokaense,NA,NA,NA,AB575193,NA,NA,NA,NA,unjoined,tns738144,Molecular species identification with rich floristic sampling: DNA,FALSE
Polystichum_silvaticum,NA,NA,NA,NA,NA,AY164634,NA,NA,unjoined,NA,NA,FALSE
Polystichum_sinense,NA,NA,NA,KU244755,NA,KU244928,KU245016,NA,voucher,lepechon1225,NA,FALSE
Polystichum_sinotsussimense,NA,NA,NA,NA,NA,NA,NA,OR530079,NA,NA,NA,FALSE
Polystichum_sodiroi,NA,NA,NA,KF020347,KF020470,KF020436,KF020379,NA,voucher,mmchenry1007,NA,FALSE
Polystichum_solomonii,NA,NA,NA,KC819978,KC820008,KC819993,KC819963,NA,voucher,ms775,NA,FALSE
Polystichum_speciosissimum,NA,NA,NA,AF537255,NA,NA,NA,NA,unjoined,barrington202716,Major evolutionary events in the origin and diversification of the,FALSE
Polystichum_speluncicola,NA,NA,NA,NA,NA,NA,GQ244334,NA,unjoined,NA,NA,FALSE
Polystichum_squarrosum,NA,NA,NA,EF177339,NA,NA,NA,NA,unjoined,NA,Origin of Hawaiian Polystichum (Dryopteridaceae) in the context of,FALSE
Polystichum_stimulans,NA,NA,NA,MH159213,MH175172,MH175172,DQ150417,NA,monophy,NA,NA,FALSE
Polystichum_stuebelii,NA,NA,NA,KF020323,KF020472,KF020438,KF020380,NA,voucher,msundue1109,NA,FALSE
Polystichum_subacutidens,NA,NA,NA,DQ508787,NA,NA,DQ514518,NA,voucher,ljm060,NA,FALSE
Polystichum_subfimbriatum,NA,NA,NA,KU244721,NA,KU244881,KU244968,NA,voucher,libingzhangandhaihe4837,NA,FALSE
Polystichum_subintegerrimum,NA,NA,NA,MK174916,MK214723,MK214723,MK035858,NA,voucher,cordmorero251,NA,FALSE
Polystichum_submarginale,NA,NA,NA,KU244707,NA,KU244868,KU244952,NA,voucher,libingzhangandcehongli4793,NA,FALSE
Polystichum_sunhangii,NA,NA,NA,OR543843,OR562004,OR562004,OR543849,NA,monophy,NA,NA,FALSE
Polystichum_tagawanum,NA,NA,NA,AB575221,NA,NA,EF177302,NA,monophy,NA,NA,FALSE
Polystichum_taizhongense,NA,NA,NA,PP560993,NA,NA,PP561949,NA,voucher,taifhsu9452,NA,FALSE
Polystichum_talamancanum,NA,NA,NA,MW000306,MW000296,MW000272,MW000263,NA,voucher,jkluge1445,NA,FALSE
Polystichum_tenuius,NA,NA,NA,KU244705,NA,KU244865,KU244949,NA,voucher,liangzhang160,NA,FALSE
Polystichum_tetragonum,NA,NA,NA,MK174918,MK214724,MK214724,MK035854,NA,voucher,cordmorero325,NA,FALSE
Polystichum_thomsonii,NA,NA,NA,KU244744,NA,KU244916,KU245003,NA,voucher,fayweili1391,NA,FALSE
Polystichum_tiankengicola,NA,NA,NA,NA,NA,NA,JF713062,NA,unjoined,NA,NA,FALSE
Polystichum_tonkinense,NA,EF540728,NA,EF540724,EF540714,EF540714,NA,NA,voucher,hmliubj002,NA,FALSE
Polystichum_transkeiense,EF463724,EF463440,NA,AF537257,MK214725,MK214725,EF177297,NA,monophy,NA,NA,FALSE
Polystichum_tripteron,NA,NA,NA,NA,NA,NA,NA,MN712466,NA,NA,NA,FALSE
Polystichum_tsus-simense,KT831800,KT831840,NA,KT831881,NA,NA,NA,NA,voucher,liuhm104452,NA,FALSE
Polystichum_turrialbae,NA,NA,NA,AF537259,NA,NA,NA,NA,unjoined,littlebarrington295,Major evolutionary events in the origin and diversification of the,FALSE
Polystichum_underwoodii,NA,NA,NA,AF537260,KC890819,KC890819,KC878868,NA,voucher,wieczoreck258,NA,FALSE
Polystichum_uniseriale,NA,NA,NA,AY694794,NA,NA,AY736330,NA,voucher,ljm054,NA,FALSE
Polystichum_vestitum,NA,NA,NA,AY300099,NA,NA,NA,NA,unjoined,cultrgbe19901551vogelsn,Chloroplast phylogeny of asplenioid ferns based on rbcL and trnL-F,FALSE
Polystichum_wawranum,NA,NA,NA,NA,NA,NA,KU245032,NA,unjoined,NA,NA,FALSE
Polystichum_weimingii,NA,NA,NA,KU253818,NA,KU244909,KU244996,NA,voucher,libingzhang5985,NA,FALSE
Polystichum_whiteleggei,NA,NA,NA,NA,NA,AY164629,NA,NA,unjoined,NA,NA,FALSE
Polystichum_wusugongii,NA,NA,NA,OR543842,OR562008,OR562008,OR543850,NA,monophy,NA,NA,FALSE
Polystichum_xichouense,NA,NA,NA,DQ054515,NA,NA,NA,NA,unjoined,sgluyunnanchina,Phylogenetic analysis of Dryopteridaceae based on chloroplast DNA,FALSE
Polystichum_xinfeniae,NA,NA,NA,OR543840,OR562006,OR562006,OR543852,NA,voucher,lzhang4538,NA,FALSE
Polystichum_xiphophyllum,NA,NA,NA,KU244701,NA,KU244855,KU244940,NA,voucher,libingzhang636,NA,FALSE
Polystichum_yaanense,NA,NA,NA,NA,NA,NA,NA,MT773344,NA,NA,NA,FALSE
Polystichum_yaeyamense,NA,NA,NA,AB575225,NA,NA,NA,NA,unjoined,tns759286,Molecular species identification with rich floristic sampling: DNA,FALSE
Polystichum_yuanum,NA,NA,NA,KU244737,NA,KU244907,KU244994,NA,voucher,wmzhuandzrhesn,NA,FALSE
Polystichum_yunnanense,EF463726,EF463442,NA,EF463220,NA,NA,NA,NA,voucher,barrington2087,NA,FALSE
Polytaenium_cajenense,KX165259,NA,NA,KX165027,NA,NA,NA,NA,voucher,eschuettpelz211,NA,FALSE
Polytaenium_chlorosporum,KX165260,NA,NA,KX165029,NA,NA,NA,NA,voucher,cjrothfels08105,NA,FALSE
Polytaenium_citrifolium,KU517450,EF452017,KX896838,KU517578,KJ628948,KJ628948,NA,NA,monophy,NA,NA,FALSE
Polytaenium_feei,KX165261,NA,NA,KX165031,NA,NA,NA,NA,monophy,NA,NA,FALSE
Polytaenium_guayanense,KX165225,MN781248,NA,KX165034,NA,NA,NA,NA,monophy,NA,NA,FALSE
Polytaenium_lineatum,KU517452,NA,NA,KU517580,NA,NA,NA,NA,voucher,eschuettpelz1440,NA,FALSE
Pronephrium_aoristisorum,NA,NA,NA,NA,AF425176,AF425176,NA,NA,manual,NA,NA,FALSE
Pronephrium_peltatum,NA,NA,NA,PP560068,NA,NA,NA,NA,unjoined,taifwade4719,A DNA barcode reference of Asian ferns with expert-identified,FALSE
Prosaptia_alata,NA,KM218848,NA,KM218764,NA,KM106177,KM106082,NA,voucher,karger608,NA,FALSE
Prosaptia_barathrophylla,NA,OQ702696,NA,OQ708597,OQ717238,OQ717238,OQ717155,NA,voucher,lbzhang8945,NA,FALSE
Prosaptia_celebica,NA,OQ702669,NA,OQ708567,OQ717251,OQ717251,OQ717156,NA,voucher,lbzhang11039,NA,FALSE
Prosaptia_contigua,NA,OQ702743,NA,OQ708531,OQ717247,OQ717247,OQ717152,NA,voucher,rknapp3601,NA,FALSE
Prosaptia_cryptocarpa,NA,NA,NA,PP559961,NA,NA,NA,NA,unjoined,taifwade4007,A DNA barcode reference of Asian ferns with expert-identified,FALSE
Prosaptia_davalliacea,NA,KM218852,NA,KM218798,NA,KM106179,KM106084,NA,voucher,sundue2210,NA,FALSE
Prosaptia_formosana,NA,OQ702706,NA,OQ708532,OQ717217,OQ717217,OQ717160,NA,voucher,rknapp3465,NA,FALSE
Prosaptia_khasyana,NA,NA,NA,NA,NA,NA,NA,MW876356,NA,NA,NA,FALSE
Prosaptia_maidenii,NA,PV011916,NA,PV011907,PV011936,PV011936,PV011933,NA,voucher,mel2474745a,NA,FALSE
Prosaptia_nutans,EF463808,AY459464,NA,AY460631,OQ717269,OQ717269,PP561931,NA,monophy,NA,NA,FALSE
Prosaptia_obliquata,NA,NA,NA,NA,NA,NA,NA,MW876357,NA,NA,NA,FALSE
Prosaptia_palauensis,NA,NA,NA,AY460662,NA,NA,NA,NA,unjoined,rjrondeau93011roddauc,Phylogeny and evolution of grammitid ferns (Grammitidaceae): a case,FALSE
Prosaptia_pectinata,NA,OQ702707,NA,OQ708589,OQ717235,OQ717235,OQ717168,NA,voucher,lbzhang8592,NA,FALSE
Prosaptia_pinnatifida,NA,NA,NA,AB575253,NA,NA,NA,NA,unjoined,tns759271,Molecular species identification with rich floristic sampling: DNA,FALSE
Prosaptia_pubipes,NA,AY459496,NA,AY460663,NA,NA,NA,NA,voucher,jgame9565uc,NA,FALSE
Prosaptia_rhodocarpa,NA,AY459467,NA,AY460634,NA,NA,NA,NA,voucher,ranker1764trappcolouc,NA,FALSE
Prosaptia_samoensis,NA,NA,NA,MT657598,NA,NA,NA,NA,unjoined,dhlorence10630,Biogeography of Pacific pteridophytes in a global context,FALSE
Prosaptia_subnuda,NA,NA,NA,KY099850,NA,NA,NA,NA,unjoined,nitta662,Life cycle matters: DNA barcoding reveals contrasting community,FALSE
Prosaptia_urceolaris,NA,OQ702749,NA,OQ708533,OQ717265,OQ717265,PP562331,NA,monophy,NA,NA,FALSE
Prosaptia_venulosa,NA,KM218853,NA,KM218769,NA,KM106182,KM106086,NA,monophy,NA,NA,FALSE
Pseudathyrium_alpestre,MG183666,MG183435,MG183354,MG183281,MG183504,MG183504,MG183581,NA,voucher,ebiharaa102387,NA,FALSE
Pseudocyclosorus_esquirolii,NA,NA,NA,NA,NA,NA,NA,MT130607,NA,NA,NA,FALSE
Pseudocyclosorus_falcilobus,NA,NA,NA,JN572378,JN572216,JN572216,NA,NA,manual,NA,NA,FALSE
Pseudocyclosorus_pubescens,NA,NA,NA,NA,JN572163,JN572163,NA,NA,voucher,pe5078,NA,FALSE
Pseudocyclosorus_stramineus,NA,NA,NA,PP560340,NA,NA,PP561437,NA,monophy,NA,NA,FALSE
Pseudocyclosorus_subochthodes,NA,NA,NA,JN572380,JN572218,JN572218,NA,NA,manual,NA,NA,FALSE
Pseudocyclosorus_tylodes,NA,NA,NA,NA,JN572219,JN572219,JN572293,NA,manual,NA,NA,FALSE
Pseudophegopteris_aurita,NA,NA,NA,NA,NA,NA,NA,KY427355,NA,NA,NA,FALSE
Pseudophegopteris_cruciata,EF463875,EF463535,JF832286,EF463279,KT805113,KT805113,KT805047,NA,manual,NA,NA,FALSE
Pseudophegopteris_hirtirachis,NA,NA,NA,NA,KT805114,KT805114,NA,NA,manual,NA,NA,FALSE
Pseudophegopteris_keraudreniana,NA,NA,NA,MT657446,NA,NA,NA,NA,unjoined,krwood16492,Biogeography of Pacific pteridophytes in a global context,FALSE
Pseudophegopteris_levingei,NA,NA,NA,JN572382,JX874912,JX874912,HQ890420,NA,manual,NA,NA,FALSE
Pseudophegopteris_microstegia,NA,NA,NA,JN572386,JX874907,JX874907,HQ890425,NA,manual,NA,NA,FALSE
Pseudophegopteris_paludosa,NA,NA,NA,NA,JX874916,JX874916,HQ890426,NA,manual,NA,NA,FALSE
Pseudophegopteris_pyrrhorachis,NA,NA,NA,NA,NA,NA,NA,MT130680,NA,NA,NA,FALSE
Pseudophegopteris_subaurita,NA,NA,NA,AB575041,NA,NA,NA,NA,manual,NA,NA,FALSE
Pseudophegopteris_tibetana,NA,JN168030,NA,JN168004,JN168073,JN168073,NA,NA,voucher,sgluxz72,NA,FALSE
Pseudophegopteris_zayuensis,NA,NA,NA,JN572390,JN572228,JN572228,HQ890434,NA,manual,NA,NA,FALSE
Psilotum_complanatum,NA,NA,NA,KY099851,NA,NA,NA,NA,unjoined,nitta642,Life cycle matters: DNA barcoding reveals contrasting community,FALSE
Psilotum_nudum,NA,NA,NA,NA,NA,NA,NA,AP004638,NA,NA,NA,FALSE
Pteridium_aquilinum,NA,NA,NA,NA,NA,NA,NA,MT130625,NA,NA,NA,FALSE
Pteridium_caudatum,NA,NA,NA,NA,NA,NA,NA,OP081096,NA,NA,NA,FALSE
Pteridium_esculentum,NA,NA,NA,NA,NA,NA,NA,OP168865,NA,NA,NA,FALSE
Pteridium_rostratum,NA,NA,NA,NA,FJ177206,FJ177206,NA,NA,voucher,nsw419554,NA,FALSE
Pteridrys_australis,NA,KJ196486,KJ196522,KJ196892,NA,NA,KJ196678,NA,voucher,sydong3560,NA,FALSE
Pteridrys_cnemidaria,NA,NA,NA,NA,NA,NA,NA,MT130579,NA,NA,NA,FALSE
Pteridrys_costularis,NA,NA,NA,MG517594,NA,NA,MG517603,NA,voucher,lbzhang6731,NA,FALSE
Pteridrys_hanoiensis,OR087151,NA,NA,NA,NA,NA,MG546824,NA,monophy,NA,NA,FALSE
Pteridrys_lofouensis,NA,EF450527,NA,EF460687,NA,NA,NA,NA,voucher,hmliubj01,NA,FALSE
Pteridrys_microthecia,NA,KJ196448,KJ196549,KJ196848,NA,NA,KJ196630,NA,voucher,sydong3465,NA,FALSE
Pteridrys_syrmatica,NA,KJ196475,KJ196576,KJ196875,NA,NA,KJ196654,NA,voucher,sydong3439,NA,FALSE
Pteridrys_triangularis,NA,NA,NA,NA,NA,NA,MG517605,NA,unjoined,NA,NA,FALSE
Pteridrys_vietnamensis,OR087152,NA,NA,NA,OR087337,OR087337,NA,NA,voucher,lbzhang6554,NA,FALSE
Pteris_actiniopteroides,KM007580,KM007696,NA,KM008146,KM007812,KM007812,KM008036,NA,voucher,zhangliang1384,NA,FALSE
Pteris_altissima,KM007582,KM007698,NA,KM008147,NA,NA,KM008038,NA,voucher,nitta863,NA,FALSE
Pteris_amoena,KM007583,NA,NA,KM008148,KM007814,KM007814,KM008039,NA,voucher,qingzang745078,NA,FALSE
Pteris_angustata,NA,NA,NA,MW660786,NA,NA,NA,NA,unjoined,mynssen1430,When it only takes one to tango: assessing the impact of apomixis,FALSE
Pteris_angustipinna,NA,NA,KF289553,KF289683,NA,NA,NA,NA,voucher,pterisflusn,NA,FALSE
Pteris_angustipinnula,OQ868409,NA,OQ868425,OQ868443,OQ868460,OQ868460,OQ868477,NA,voucher,jmwang20150516008,NA,FALSE
Pteris_arborea,KM007584,EF452053,NA,EF452168,NA,NA,NA,NA,voucher,christenhusz4050,NA,FALSE
Pteris_argyraea,NA,MF972660,MF972727,MF972804,MF972827,MF972827,MF972845,NA,voucher,eschuettpelz542,NA,FALSE
Pteris_arisanensis,NA,NA,NA,NA,NA,NA,NA,OP441371,NA,NA,NA,FALSE
Pteris_aspericaulis,NA,MF972661,MF972728,MF972805,MF972843,MF972843,MF972846,NA,voucher,lbzhang4925,NA,FALSE
Pteris_assamica,NA,NA,KF289556,KF289686,NA,NA,NA,NA,voucher,crfraserjenkinsfn5,NA,FALSE
Pteris_atrovirens,NA,NA,NA,MW660785,NA,NA,NA,NA,unjoined,fay1049,When it only takes one to tango: assessing the impact of apomixis,FALSE
Pteris_austrotaiwanensis,NA,NA,OL694510,OL694358,NA,NA,NA,NA,voucher,pflusn,NA,FALSE
Pteris_bahamensis,KM007585,KM007700,NA,KM008150,KM007815,KM007815,KM008040,NA,voucher,rothfels4024,NA,FALSE
Pteris_barklyae,NA,NA,NA,NA,AF544984,AF544984,NA,NA,publication,NA,"phylogenetic relationships of the subfamily taenitidoideae,",FALSE
Pteris_bella,KM007586,KM007701,NA,KM008151,KM007816,KM007816,KM008041,NA,voucher,wusn,NA,FALSE
Pteris_berteroana,NA,NA,NA,MW660784,NA,NA,NA,NA,unjoined,solbrig3838,When it only takes one to tango: assessing the impact of apomixis,FALSE
Pteris_biaurita,KM007589,KM007704,NA,KM008154,KM007819,KM007819,KM008044,NA,voucher,zhangliang1310,NA,FALSE
Pteris_blumeana,NA,NA,NA,MW660783,NA,NA,NA,NA,unjoined,barcelona2320,When it only takes one to tango: assessing the impact of apomixis,FALSE
Pteris_boninensis,NA,NA,OL694397,OL694245,NA,NA,NA,NA,monophy,NA,NA,FALSE
Pteris_borneensis,NA,NA,KY705069,KY705067,NA,NA,NA,NA,voucher,yschao2382,NA,FALSE
Pteris_brasiliensis,KM007590,KM007705,NA,KM008155,KM007820,KM007820,KM008045,NA,voucher,prado2049,NA,FALSE
Pteris_buchananii,KM007591,KM007706,NA,KM008156,KM007821,KM007821,KM008046,NA,voucher,kamau382,NA,FALSE
Pteris_burtonii,KM007592,KM007707,NA,KM008157,KM007822,KM007822,KM008047,NA,voucher,kamau227,NA,FALSE
Pteris_cadieri,KM007593,KM007708,NA,KM008158,KM007823,KM007823,KM008048,NA,voucher,zhangliang1240,NA,FALSE
Pteris_camerooniana,NA,NA,NA,MK562519,NA,NA,NA,NA,unjoined,NA,NA,FALSE
Pteris_catoptera,KM007594,KM007709,NA,KM008159,KM007824,KM007824,KM008049,NA,voucher,kamau463,NA,FALSE
Pteris_chiapensis,KM007595,KM007710,NA,KM008160,KM007825,KM007825,KM008050,NA,voucher,perezfarrera2978,NA,FALSE
Pteris_chilensis,KM007596,KM007711,NA,KM008161,KM007826,KM007826,KM008051,NA,voucher,zollner17416,NA,FALSE
Pteris_ciliaris,NA,NA,NA,MW660782,NA,NA,NA,NA,unjoined,thompson10709,When it only takes one to tango: assessing the impact of apomixis,FALSE
Pteris_comans,NA,NA,NA,MT180109,NA,NA,MT180114,NA,voucher,bb122,NA,FALSE
Pteris_commutata,KM007597,KM007712,NA,KM008162,KM007827,KM007827,KM008052,NA,voucher,kamau331,NA,FALSE
Pteris_confusa,NA,NA,KF289596,KF289726,NA,NA,NA,NA,voucher,mo20061128a,NA,FALSE
Pteris_congesta,NA,NA,NA,MW660781,NA,NA,NA,NA,unjoined,mynssen1440,When it only takes one to tango: assessing the impact of apomixis,FALSE
Pteris_cretica,NA,NA,NA,NA,NA,NA,NA,PP236763,NA,NA,NA,FALSE
Pteris_croesus,NA,MF972663,MF972738,MF972807,MF972829,MF972829,MF972848,NA,monophy,NA,NA,FALSE
Pteris_dactylina,KM007599,KM007714,NA,KM008164,KM007829,KM007829,KM008054,NA,voucher,zhangliang1391,NA,FALSE
Pteris_dataensis,NA,NA,KF289573,KF289703,NA,NA,NA,NA,voucher,ycliu9973,NA,FALSE
Pteris_decrescens,KM007601,KM007716,NA,KM008166,KM007831,KM007831,KM008056,NA,voucher,pan053,NA,FALSE
Pteris_decurrens,NA,NA,NA,EF473703,NA,NA,NA,NA,unjoined,pradoyano1082,"Phylogenetic relationships among Pteridaceae, including Brazilian",FALSE
Pteris_deflexa,KM007602,KM007717,NA,KM008167,KM007832,KM007832,KM008057,NA,voucher,prado2124,NA,FALSE
Pteris_delchampsii,NA,NA,NA,MH549962,NA,NA,NA,NA,unjoined,trotta950318,Community phylogeny of the globally critically imperiled pine,FALSE
Pteris_deltodon,KM007603,KM007718,NA,KM008168,KM007833,KM007833,KM008058,NA,voucher,zhangliang1356,NA,FALSE
Pteris_dentata,KM007604,KM007719,NA,KM008169,KM007834,KM007834,MF972849,NA,monophy,NA,NA,FALSE
Pteris_denticulata,KM007605,KM007720,NA,KM008170,KM007835,KM007835,KM008060,NA,voucher,prado2159,NA,FALSE
Pteris_dimorpha,NA,NA,NA,MW660780,NA,NA,NA,NA,unjoined,moran5447,When it only takes one to tango: assessing the impact of apomixis,FALSE
Pteris_dispar,NA,NA,NA,PP559627,NA,NA,PP562061,NA,voucher,taifkuo955,NA,FALSE
Pteris_dissitifolia,NA,NA,KF289515,KF289645,NA,NA,NA,NA,voucher,yschao1550,NA,FALSE
Pteris_dixitii,NA,NA,KF289605,KF289735,NA,NA,NA,NA,voucher,crfraserjenkinsfn349,NA,FALSE
Pteris_elongatiloba,NA,NA,KF289587,KF289717,NA,NA,NA,NA,voucher,janssen2958,NA,FALSE
Pteris_ensiformis,NA,NA,NA,NA,NA,NA,NA,OP743918,NA,NA,NA,FALSE
Pteris_esquirolii,KM007610,KM007725,NA,KM008175,KM007840,KM007840,KM008065,NA,voucher,pan033,NA,FALSE
Pteris_exigua,NA,NA,NA,MW660779,NA,NA,NA,NA,unjoined,martinez1895,When it only takes one to tango: assessing the impact of apomixis,FALSE
Pteris_faba,NA,NA,ON529543,ON529536,NA,NA,NA,NA,monophy,NA,NA,FALSE
Pteris_fauriei,OQ868411,NA,OQ868427,OQ868445,OQ868462,OQ868462,OQ868479,NA,voucher,dmyang201912,NA,FALSE
Pteris_finotii,KM007611,KM007726,NA,KM008176,KM007841,KM007841,KM008066,NA,voucher,zhangliang1323,NA,FALSE
Pteris_flava,NA,NA,KF289601,KF289731,NA,NA,NA,NA,voucher,mkurutok23,NA,FALSE
Pteris_formosana,NA,NA,KF289491,KF289630,NA,NA,PP562344,NA,monophy,NA,NA,FALSE
Pteris_fraseri,KM007612,KM007727,NA,KM008177,KM007842,KM007842,KM008067,NA,voucher,rothfels3712,NA,FALSE
Pteris_friesii,KM007613,NA,NA,KM008178,KM007843,KM007843,KM008068,NA,voucher,festokayombo430,NA,FALSE
Pteris_gallinopes,KM007614,KM007728,NA,KM008179,KM007844,KM007844,KM008069,NA,voucher,he1378,NA,FALSE
Pteris_geminata,NA,NA,KF289615,KF289745,NA,NA,NA,NA,voucher,pignal1836,NA,FALSE
Pteris_giasii,NA,NA,KF289530,KF289660,NA,NA,NA,NA,voucher,crfraserjenkins30176,NA,FALSE
Pteris_glaucovirens,NA,NA,KF289531,KF289661,NA,NA,NA,NA,voucher,crfraserjenkinsfn115,NA,FALSE
Pteris_grandifolia,KM007615,KM007729,NA,KM008180,KM007845,KM007845,KM008070,NA,voucher,rodas296,NA,FALSE
Pteris_grevilleana,KM007616,KM007730,NA,KM008181,KM007846,KM007846,KM008071,NA,voucher,zhangliang1319,NA,FALSE
Pteris_griffithii,KM007617,KM007731,NA,KM008182,KM007847,KM007847,KM008072,NA,voucher,deng3818,NA,FALSE
Pteris_griseoviridis,NA,NA,KF289585,KF289715,NA,NA,NA,NA,voucher,janssen2799,NA,FALSE
Pteris_guangdongensis,NA,NA,KF289508,KF289638,NA,NA,NA,NA,voucher,yschao1350,NA,FALSE
Pteris_haenkeana,KM007618,KM007732,NA,KM008183,KM007848,KM007848,KM008073,NA,voucher,hvanderwerff17869,NA,FALSE
Pteris_hainanensis,NA,NA,KF289505,NA,NA,NA,NA,NA,unjoined,NA,NA,FALSE
Pteris_henryi,KM007619,KM007733,NA,KM008184,KM007849,KM007849,KM008074,NA,voucher,zhang6038,NA,FALSE
Pteris_heteromorpha,KM007620,KM007734,NA,KM008185,KM007850,KM007850,KM008075,NA,voucher,wuws2622,NA,FALSE
Pteris_hexagona,NA,NA,NA,MW660778,NA,NA,NA,NA,unjoined,monsegur1009,When it only takes one to tango: assessing the impact of apomixis,FALSE
Pteris_hillebrandii,NA,NA,NA,MW660777,NA,NA,NA,NA,unjoined,wood1069,When it only takes one to tango: assessing the impact of apomixis,FALSE
Pteris_hirtula,NA,NA,KF289557,KF289687,NA,NA,NA,NA,voucher,crfraserjenkinsfn180,NA,FALSE
Pteris_hovenkampii,NA,NA,MW219003,MW219002,NA,NA,NA,NA,publication,NA,"two new fern species from gunung mulu national park, sarawak,",FALSE
Pteris_hui,NA,MF972667,MF972758,MF972813,MF972833,MF972833,MF972854,NA,voucher,lbzhang5042,NA,FALSE
Pteris_humbertii,NA,NA,KF289588,KF289718,NA,NA,NA,NA,voucher,rakotondrainibe5965,NA,FALSE
Pteris_incompleta,NA,NA,KF289620,KF289750,NA,NA,NA,NA,voucher,rouhan990,NA,FALSE
Pteris_incurvata,NA,NA,NA,PP560788,NA,NA,PP561748,NA,voucher,taifzxc002545,NA,FALSE
Pteris_irregularis,NA,NA,KF289599,KF289729,NA,NA,NA,NA,monophy,NA,NA,FALSE
Pteris_kathmanduensis,NA,NA,KF289533,KF289663,NA,NA,NA,NA,voucher,crfraserjenkinsfn35,NA,FALSE
Pteris_kawabatae,NA,NA,MZ340413,MZ291661,NA,NA,NA,NA,voucher,pflu22877,NA,FALSE
Pteris_keysseri,NA,NA,KF289510,KF289640,NA,NA,NA,NA,voucher,yschao1403,NA,FALSE
Pteris_khasiana,NA,NA,KF289558,KF289688,NA,NA,NA,NA,voucher,crfraserjenkinsfn129,NA,FALSE
Pteris_kidoi,NA,NA,KF289500,HM582613,NA,NA,NA,NA,voucher,ssdai1917,NA,FALSE
Pteris_kinabaluensis,NA,NA,KY705070,KY705068,NA,NA,NA,NA,voucher,cwwade4706,NA,FALSE
Pteris_kingiana,NA,NA,KF289523,KF289653,NA,NA,NA,NA,voucher,bdduncan86069n,NA,FALSE
Pteris_kiuschiuensis,OQ868413,NA,OQ868429,OQ868447,OQ868464,OQ868464,OQ868481,NA,voucher,dmyang201972,NA,FALSE
Pteris_laevis,NA,NA,NA,MW660775,NA,NA,NA,NA,unjoined,francsn,When it only takes one to tango: assessing the impact of apomixis,FALSE
Pteris_langsonensis,NA,NA,NA,MF972814,NA,NA,NA,NA,unjoined,lbzhang6593,Phylogeny and systematics of the braken fern genus Pteris,FALSE
Pteris_latipinna,OM397912,NA,OQ868440,OM397922,OM397942,OM397942,OM397932,NA,voucher,jmwang20150129,NA,FALSE
Pteris_laurea,NA,NA,KF289597,KF289727,NA,NA,NA,NA,voucher,gcremers3291,NA,FALSE
Pteris_laurisilvicola,NA,NA,OL694449,OL694297,NA,NA,NA,NA,voucher,pflu28429c,NA,FALSE
Pteris_lechleri,KM007623,KM007737,NA,KM008188,KM007853,KM007853,KM008078,NA,voucher,prado2061,NA,FALSE
Pteris_leptophylla,NA,NA,NA,EF473707,NA,NA,NA,NA,unjoined,boldrinal160,"Phylogenetic relationships among Pteridaceae, including Brazilian",FALSE
Pteris_liboensis,NA,MF972668,MF972762,MF972815,MF972834,MF972834,MF972855,NA,voucher,lbzhang5537,NA,FALSE
Pteris_lidgatei,NA,MF972669,NA,MF972816,MF972835,MF972835,MF972856,NA,voucher,hoppenheimersn,NA,FALSE
Pteris_ligulata,NA,NA,NA,MW660774,NA,NA,NA,NA,unjoined,rinehartlr17125,When it only takes one to tango: assessing the impact of apomixis,FALSE
Pteris_linearis,KM007624,KM007738,MF972763,KM008190,KM007855,KM007855,KM008080,NA,voucher,grangaudsn,NA,FALSE
Pteris_litoralis,NA,NA,KF289604,KF289734,NA,NA,NA,NA,voucher,iwashina3271,NA,FALSE
Pteris_livida,KM007626,KM007740,MF972765,KM008192,KM007857,KM007857,KM008082,NA,voucher,eschuettpelz936,NA,FALSE
Pteris_longifolia,KM007627,KM007741,NA,KM008193,KM007858,KM007858,KM008083,NA,voucher,rothfels3276,NA,FALSE
Pteris_longipes,NA,NA,NA,NA,NA,NA,NA,PP358452,NA,NA,NA,FALSE
Pteris_longipinna,NA,NA,KF289495,HM582603,NA,NA,PP561752,NA,monophy,NA,NA,FALSE
Pteris_macilenta,NA,GU136778,NA,GU136797,NA,NA,NA,NA,publication,NA,phylogeny and generic taxonomy of the new zealand pteridaceae from,FALSE
Pteris_macracantha,NA,NA,NA,MT657422,NA,NA,NA,NA,unjoined,tflynn7210,Biogeography of Pacific pteridophytes in a global context,FALSE
Pteris_majestica,NA,MF972670,MF972768,MF972817,MF972836,MF972836,MF972857,NA,voucher,lzhang1381,NA,FALSE
Pteris_marquesensis,NA,NA,NA,MW660772,NA,NA,NA,NA,unjoined,schuettpelz1946,When it only takes one to tango: assessing the impact of apomixis,FALSE
Pteris_mcclurei,KM007630,KM007744,NA,KM008196,KM007861,KM007861,KM008086,NA,voucher,zhangliang1289,NA,FALSE
Pteris_medogensis,NA,NA,KF289559,KF289689,NA,NA,NA,NA,voucher,crfraserjenkinsfn112,NA,FALSE
Pteris_melanocaulon,NA,NA,NA,MW660771,NA,NA,NA,NA,unjoined,barcelona1015,When it only takes one to tango: assessing the impact of apomixis,FALSE
Pteris_mertensioides,NA,NA,KF289534,KF289664,NA,NA,NA,NA,voucher,jfbarcelona1936,NA,FALSE
Pteris_microptera,NA,NA,NA,JF950814,NA,NA,NA,NA,unjoined,papadopulosap960,From the Cover: Speciation with gene flow on Lord Howe Island,FALSE
Pteris_mildbraedii,NA,NA,NA,MW660770,NA,NA,NA,NA,unjoined,carvalho3630,When it only takes one to tango: assessing the impact of apomixis,FALSE
Pteris_minor,OQ868414,NA,OQ868430,OQ868448,OQ868465,OQ868465,OQ868482,NA,voucher,lchen202208151,NA,FALSE
Pteris_mkomaziensis,NA,NA,NA,MW660769,NA,NA,NA,NA,unjoined,hemp42766,When it only takes one to tango: assessing the impact of apomixis,FALSE
Pteris_moluccana,NA,NA,KF289603,KF289733,NA,NA,NA,NA,voucher,vdemoulin5790,NA,FALSE
Pteris_morii,KM007631,KM007745,NA,KM008197,KM007862,KM007862,KM008087,NA,voucher,zhangliang1314,NA,FALSE
Pteris_mucronulata,NA,NA,KF289511,KF289641,NA,NA,NA,NA,voucher,yschao1410,NA,FALSE
Pteris_multiaurita,NA,NA,KF289535,KF289665,NA,NA,NA,NA,voucher,wlchiou15290,NA,FALSE
Pteris_multifida,NA,NA,NA,NA,NA,NA,NA,MZ848380,NA,NA,NA,FALSE
Pteris_muricata,KM007635,KM007749,NA,KM008201,KM007866,KM007866,KM008091,NA,voucher,rothfels3745,NA,FALSE
Pteris_muricatopedata,NA,NA,NA,MW660768,NA,NA,NA,NA,unjoined,campos4643,When it only takes one to tango: assessing the impact of apomixis,FALSE
Pteris_muricella,NA,NA,NA,MW660767,NA,NA,NA,NA,unjoined,lellinger212,When it only takes one to tango: assessing the impact of apomixis,FALSE
Pteris_mutilata,KM007636,KM007750,NA,KM008202,KM007867,KM007867,KM008092,NA,voucher,sundue2096,NA,FALSE
Pteris_nanlingensis,KM007637,KM007751,NA,KM008203,KM007868,KM007868,KM008093,NA,voucher,zhang6003,NA,FALSE
Pteris_natiensis,NA,NA,OL694531,OL694379,NA,NA,NA,NA,voucher,pflu25410,NA,FALSE
Pteris_navarrensis,KM007638,KM007752,NA,KM008204,KM007869,KM007869,KM008094,NA,voucher,rothfels2640,NA,FALSE
Pteris_nevillei,NA,NA,NA,JX144883,NA,NA,NA,NA,unjoined,hennequin133,Towards a natural classification of Pteridaceae: inferring the,FALSE
Pteris_normalis,NA,NA,KF289560,KF289690,NA,NA,NA,NA,voucher,crfraserjenkinsfn11,NA,FALSE
Pteris_novae-caledoniae,NA,NA,NA,MW660765,NA,NA,NA,NA,unjoined,mackee19,When it only takes one to tango: assessing the impact of apomixis,FALSE
Pteris_oppositipinnata,NA,NA,KF289572,KF289702,NA,NA,NA,NA,voucher,ycliu9870,NA,FALSE
Pteris_orizabae,KM007639,KM007753,NA,PV006943,KM007870,KM007870,KM007982,NA,monophy,NA,NA,FALSE
Pteris_oshimensis,OQ868417,NA,OQ868432,OQ868451,OQ868468,OQ868468,OQ868485,NA,voucher,jmwang20150516009,NA,FALSE
Pteris_otaria,NA,NA,KF289536,KF289666,NA,NA,NA,NA,voucher,crfraserjenkinsfn2620070304,NA,FALSE
Pteris_pacifica,KM007640,KM007754,MF972776,KM008206,KM007871,KM007871,KM008095,NA,voucher,arf3536,NA,FALSE
Pteris_pallens,KM007641,EF452044,NA,EF452160,KM007872,KM007872,KM008096,NA,voucher,janssen2677,NA,FALSE
Pteris_papuana,NA,NA,KF289625,KF289755,NA,NA,NA,NA,voucher,sitw00424,NA,FALSE
Pteris_paraemeiensis,OQ868418,NA,OQ868433,OQ868452,OQ868469,OQ868469,OQ868486,NA,voucher,jmwang20150506002,NA,FALSE
Pteris_parkeri,NA,NA,KF289575,KF289705,NA,NA,NA,NA,voucher,ckyangsn,NA,FALSE
Pteris_pearcei,NA,NA,NA,MW660762,NA,NA,NA,NA,unjoined,fay2711,When it only takes one to tango: assessing the impact of apomixis,FALSE
Pteris_pellucida,KM007642,KM007756,NA,KM008208,KM007873,KM007873,KM008097,NA,voucher,xia172,NA,FALSE
Pteris_perrottetii,NA,NA,KF289606,KF289736,NA,NA,NA,NA,voucher,crfraserjenkinsfn215,NA,FALSE
Pteris_platysora,KM007621,KM007735,NA,KM008186,KM007851,KM007851,KM008076,NA,voucher,zhangliang1274,NA,FALSE
Pteris_platyzomopsis,NA,NA,KF289519,KF289649,NA,NA,NA,NA,voucher,nmsmith3819,NA,FALSE
Pteris_podophylla,KM007643,KM007757,NA,KM008209,KM007874,KM007874,KM008098,NA,voucher,rothfels3746,NA,FALSE
Pteris_polylepis,NA,NA,ON529547,NA,NA,NA,NA,NA,unjoined,NA,NA,FALSE
Pteris_porphyrophlebia,NA,NA,KF289602,KF289732,NA,NA,NA,NA,voucher,eugipalane27820,NA,FALSE
Pteris_praestantissima,KM007644,KM007758,NA,KM008210,KM007875,KM007875,KM008099,NA,voucher,rothfels2680,NA,FALSE
Pteris_praetermissa,NA,NA,KF289562,KF289692,NA,NA,NA,NA,voucher,crfraserjenkinsfn64,NA,FALSE
Pteris_preussii,KM007645,KM007759,NA,KM008211,KM007876,KM007876,NA,NA,voucher,kamau212,NA,FALSE
Pteris_propinqua,KM007646,KM007760,MF972781,KM008212,KM007877,KM007877,KM008100,NA,voucher,eschuettpelz268,NA,FALSE
Pteris_pseudoamoena,OM397919,NA,NA,OM397931,OM397951,OM397951,OM397941,NA,monophy,NA,NA,FALSE
Pteris_pseudolonchitis,NA,NA,NA,JX144884,NA,NA,NA,NA,unjoined,hennequinr147,Towards a natural classification of Pteridaceae: inferring the,FALSE
Pteris_pseudopellucida,KM007647,KM007761,NA,KM008213,KM007878,KM007878,KM008101,NA,voucher,wuws2580,NA,FALSE
Pteris_pseudosefuricola,NA,NA,NA,AB697632,NA,NA,NA,NA,unjoined,NA,Reconstructing Hybrid Speciation Events in the Pteris cretica Group,FALSE
Pteris_pseudowulaiensis,OQ868422,NA,OQ868437,OQ868456,OQ868473,OQ868473,OQ868490,NA,voucher,jmwang20150517011,NA,FALSE
Pteris_pteridioides,NA,NA,KF289586,KF289716,NA,NA,NA,NA,voucher,janssen2952,NA,FALSE
Pteris_puberula,KM007648,KM007762,NA,KM008214,KM007879,KM007879,KM008102,NA,voucher,jin11305,NA,FALSE
Pteris_pulchra,NA,NA,NA,MW620343,NA,NA,NA,NA,unjoined,ericschuettpelz1714,NA,FALSE
Pteris_pungens,KM007649,KM007763,NA,KM008215,KM007880,KM007880,KM008103,NA,voucher,rothfels08165,NA,FALSE
Pteris_purdoniana,NA,NA,NA,MW660760,NA,NA,NA,NA,unjoined,morton8755,When it only takes one to tango: assessing the impact of apomixis,FALSE
Pteris_quadriaurita,EF452121,EF452058,NA,EF452173,NA,NA,NA,NA,voucher,schuettpelz546,NA,FALSE
Pteris_quadristipitis,KM007650,KM007764,NA,KM008216,KM007881,KM007881,KM008104,NA,voucher,sunsn,NA,FALSE
Pteris_quinquepartita,NA,NA,ON529546,ON529539,NA,NA,NA,NA,voucher,wlchiou15072,NA,FALSE
Pteris_reptans,NA,NA,KF289538,KF289668,NA,NA,NA,NA,voucher,crfraserjenkinsfn393,NA,FALSE
Pteris_roseolilacina,NA,NA,KF289539,KF289669,NA,NA,NA,NA,voucher,crfraserjenkinsfn31911,NA,FALSE
Pteris_rubella,NA,NA,ON529545,ON529538,NA,NA,NA,NA,monophy,NA,NA,FALSE
Pteris_rugosifolia,NA,NA,MH151112,MH151102,NA,NA,NA,NA,voucher,pflu22840,NA,FALSE
Pteris_ryukyuensis,NA,NA,NA,PP560733,NA,NA,PP561700,NA,voucher,taifzxc001766,NA,FALSE
Pteris_satsumana,NA,NA,KF289610,KF289740,NA,NA,NA,NA,voucher,yschao1853,NA,FALSE
Pteris_saxatilis,NA,GU136779,NA,GU136798,NA,NA,NA,NA,voucher,weltp022567,NA,FALSE
Pteris_scabra,NA,NA,NA,MF972819,MF972838,MF972838,MF972859,NA,voucher,tlepechon1120,NA,FALSE
Pteris_scabripes,NA,NA,KF289564,KF289694,NA,NA,NA,NA,voucher,crfraserjenkinsfn65,NA,FALSE
Pteris_scabririgens,NA,NA,KF289568,KF289698,NA,NA,NA,NA,voucher,crfraserjenkinsfn138,NA,FALSE
Pteris_schlechteri,NA,NA,KF289540,KF289670,NA,NA,NA,NA,voucher,crfraserjenkinsfn58,NA,FALSE
Pteris_schwackeana,NA,NA,NA,MW660759,NA,NA,NA,NA,unjoined,mazziero861,When it only takes one to tango: assessing the impact of apomixis,FALSE
Pteris_semiadnata,NA,NA,NA,MW660758,NA,NA,NA,NA,unjoined,solbrig3745,When it only takes one to tango: assessing the impact of apomixis,FALSE
Pteris_semipinnata,NA,NA,NA,NA,NA,NA,NA,OL681881,NA,NA,NA,FALSE
Pteris_setulosocostulata,KM007652,KM007766,NA,KM008218,KM007883,KM007883,KM008106,NA,voucher,zhangliang1379,NA,FALSE
Pteris_similis,NA,NA,NA,MW660757,NA,NA,NA,NA,unjoined,carvalho5915,When it only takes one to tango: assessing the impact of apomixis,FALSE
Pteris_sinensis,NA,NA,NA,MW660776,NA,NA,NA,NA,unjoined,iwatsuki1517,When it only takes one to tango: assessing the impact of apomixis,FALSE
Pteris_speciosa,KM007653,KM007767,NA,KM008219,KM007884,KM007884,KM008107,NA,voucher,nitta777,NA,FALSE
Pteris_spinescens,NA,NA,KF289565,KF289695,NA,NA,NA,NA,voucher,crfraserjenkinsfn113,NA,FALSE
Pteris_splendens,NA,NA,NA,EF473708,NA,NA,NA,NA,unjoined,prado1131a,"Phylogenetic relationships among Pteridaceae, including Brazilian",FALSE
Pteris_splendida,KM007654,KM007768,NA,KM008220,KM007885,KM007885,KM008108,NA,voucher,zhang5632,NA,FALSE
Pteris_stridens,NA,NA,NA,MW660755,NA,NA,NA,NA,unjoined,holdridge1991,When it only takes one to tango: assessing the impact of apomixis,FALSE
Pteris_subesquirolii,NA,NA,MH151116,MH151106,NA,NA,PP561972,NA,monophy,NA,NA,FALSE
Pteris_subindivisa,NA,NA,KF289570,KF289700,NA,NA,NA,NA,voucher,crfraserjenkinsfn266,NA,FALSE
Pteris_subquinata,NA,NA,KF289566,KF289696,NA,NA,NA,NA,voucher,crfraserjenkinsfn315,NA,FALSE
Pteris_tahuataensis,NA,NA,NA,MF972821,MF972840,MF972840,MF972861,NA,voucher,kwood10250,NA,FALSE
Pteris_terminalis,NA,NA,NA,NA,NA,NA,NA,PQ178992,NA,NA,NA,FALSE
Pteris_tibetica,NA,NA,KF289567,KF289697,NA,NA,NA,NA,voucher,crfraserjenkinsfn10,NA,FALSE
Pteris_togoensis,NA,NA,NA,MW660754,NA,NA,NA,NA,unjoined,fay1022,When it only takes one to tango: assessing the impact of apomixis,FALSE
Pteris_tremula,KM007656,KM007770,MF972792,KM008222,KM007887,KM007887,KM008110,NA,voucher,arf3535,NA,FALSE
Pteris_tricolor,NA,NA,KF289552,KF289682,NA,NA,NA,NA,voucher,crfraserjenkinsfn82,NA,FALSE
Pteris_tripartita,KM007658,KM007772,MF972794,KM008224,KM007889,KM007889,KM008112,NA,voucher,arf3538,NA,FALSE
Pteris_umbrosa,KM007660,KM007774,NA,KM008226,KM007891,KM007891,KM008114,NA,voucher,arf3537,NA,FALSE
Pteris_usambarensis,KM007662,KM007775,NA,KM008228,KM007893,KM007893,KM008116,NA,voucher,kamau388,NA,FALSE
Pteris_vaupelii,NA,NA,NA,MW660753,NA,NA,NA,NA,unjoined,whistler3794,When it only takes one to tango: assessing the impact of apomixis,FALSE
Pteris_venulosa,KM007663,KM007776,NA,KM008229,KM007894,KM007894,KM008117,NA,voucher,eschuettpelz710,NA,FALSE
Pteris_venusta,NA,NA,KF289486,HM582650,NA,NA,NA,NA,voucher,yschao873,NA,FALSE
Pteris_vieillardii,NA,NA,KF289522,KF289652,NA,NA,MT180116,NA,monophy,NA,NA,FALSE
Pteris_viridissima,KM007664,KM007777,NA,KM008230,KM007895,KM007895,KM008118,NA,voucher,zhanghe5944,NA,FALSE
Pteris_vitiensis,NA,NA,KF289624,KF289754,NA,NA,NA,NA,voucher,sitw00366,NA,FALSE
Pteris_vittata,NA,NA,NA,NA,NA,NA,NA,PZ529556,NA,NA,NA,FALSE
Pteris_warburgii,NA,NA,KF289623,KF289753,NA,NA,NA,NA,voucher,sitw00141,NA,FALSE
Pteris_woodwardioides,NA,NA,NA,MF972824,NA,NA,NA,NA,unjoined,lepechon1304,Phylogeny and systematics of the braken fern genus Pteris,FALSE
Pteris_wulaiensis,NA,NA,MZ340420,MZ291668,NA,NA,NA,NA,voucher,aebihara3234,NA,FALSE
Pteris_xiaoyingiae,KM007670,KM007783,NA,KM008236,KM007901,KM007901,KM008124,NA,voucher,zhanghe5326,NA,FALSE
Pteris_yakuinsularis,NA,NA,NA,AB574848,NA,NA,NA,NA,unjoined,tns762741,Molecular species identification with rich floristic sampling: DNA,FALSE
Pteris_yamatensis,NA,NA,NA,AB697640,NA,NA,NA,NA,unjoined,NA,Reconstructing Hybrid Speciation Events in the Pteris cretica Group,FALSE
Pterozonium_brevifrons,EF452124,EF452061,NA,EF452175,KJ416372,KJ416372,NA,NA,voucher,schuettpelz285,NA,FALSE
Pterozonium_cyclosorum,NA,NA,NA,NA,AF321703,AF321703,NA,NA,voucher,kessler2273,NA,FALSE
Pterozonium_reniforme,KM007579,KM007695,NA,KM008238,KM007808,KM007808,KM008035,NA,voucher,vanderwerff16216,NA,FALSE
Ptisana_acuminata,NA,AF313546,NA,AF313581,NA,NA,NA,NA,voucher,rschmidsn,NA,FALSE
Ptisana_ambulans,NA,NA,NA,NA,MW051627,MW051627,NA,NA,voucher,taifsitw00629,NA,FALSE
Ptisana_boninensis,NA,NA,NA,LC484370,NA,NA,NA,NA,unjoined,tns1176751,An update and reassessment of fern and lycophyte diversity data in,FALSE
Ptisana_decipiens,NA,NA,NA,NA,MW051623,MW051623,NA,NA,voucher,taifsitw03734wade3153,NA,FALSE
Ptisana_fraxinea,NA,NA,NA,NA,NA,NA,NA,OM419377,NA,NA,NA,FALSE
Ptisana_howeana,NA,NA,NA,NA,EU439128,EU439128,NA,NA,voucher,murdock359ucinculthsu,NA,FALSE
Ptisana_melanesica,NA,EU439069,NA,EU439090,EU439134,EU439134,NA,NA,voucher,chase2841kincultkasmarattiawerneri,NA,FALSE
Ptisana_mertensiana,NA,NA,NA,MT657851,NA,NA,NA,NA,unjoined,dhlorence10151,Biogeography of Pacific pteridophytes in a global context,FALSE
Ptisana_novoguineensis,NA,NA,NA,NA,NA,NA,NA,MN412592,NA,NA,NA,FALSE
Ptisana_oreades,NA,EU439066,NA,EU439087,EU439130,EU439130,NA,NA,monophy,NA,NA,FALSE
Ptisana_papuana,NA,NA,NA,NA,MW051635,MW051635,NA,NA,voucher,taifsitw11631,NA,FALSE
Ptisana_pellucida,NA,NA,NA,PP560740,EU439121,EU439121,NA,NA,monophy,NA,NA,FALSE
Ptisana_purpurascens,NA,EU439068,NA,EU439089,EU439132,EU439132,NA,NA,voucher,sstroudsnuc,NA,FALSE
Ptisana_rolandi-principis,NA,NA,NA,NA,OM296024,OM296024,NA,NA,voucher,weltp028627,NA,FALSE
Ptisana_salicifolia,NA,NA,NA,NA,EU439133,EU439133,NA,NA,voucher,fventersnuc,NA,FALSE
Ptisana_salicina,NA,EU439063,NA,EU439085,EU439113,EU439113,NA,NA,voucher,chase23771kincultk,NA,FALSE
Ptisana_sambucina,NA,NA,NA,NA,EU439116,EU439116,NA,NA,voucher,lambertsnuc,NA,FALSE
Ptisana_smithii,NA,NA,NA,MT657849,NA,NA,NA,NA,unjoined,taranker2256,Biogeography of Pacific pteridophytes in a global context,FALSE
Ptisana_soluta,NA,NA,NA,NA,OM296022,OM296022,NA,NA,voucher,weltp030314,NA,FALSE
Ptisana_squamosa,NA,NA,NA,NA,EU439119,EU439119,NA,NA,voucher,cubey169einculte,NA,FALSE
Ptisana_sylvatica,NA,NA,NA,NA,EU439117,EU439117,NA,NA,voucher,awlarsen05210uc,NA,FALSE
Pyrrosia_abbreviata,NA,NA,KY632941,KY632745,NA,NA,NA,NA,voucher,2923zhangxc,NA,FALSE
Pyrrosia_adnascens,NA,NA,NA,NA,NA,NA,NA,OR051897,NA,NA,NA,FALSE
Pyrrosia_albicans,NA,NA,NA,KY931040,KY931191,KY931191,KY931341,NA,voucher,wade1825,NA,FALSE
Pyrrosia_angustata,NA,NA,NA,NA,NA,NA,NA,MW876358,NA,NA,NA,FALSE
Pyrrosia_angustissima,NA,NA,NA,NA,NA,NA,NA,MT210543,NA,NA,NA,FALSE
Pyrrosia_assimilis,NA,NA,NA,NA,NA,NA,NA,MN617019,NA,NA,NA,FALSE
Pyrrosia_bonii,NA,NA,NA,NA,NA,NA,NA,MH352390,NA,NA,NA,FALSE
Pyrrosia_boothii,NA,NA,KY632970,KY632775,NA,NA,NA,NA,voucher,ch0904009wuc,NA,FALSE
Pyrrosia_ceylanica,NA,NA,NA,PV711482,NA,NA,NA,NA,unjoined,NA,NA,FALSE
Pyrrosia_christii,NA,NA,NA,DQ164465,KY931210,DQ164496,KY931355,NA,monophy,NA,NA,FALSE
Pyrrosia_confluens,NA,KY064551,NA,MT226743,MT226744,KY064576,NA,NA,monophy,NA,NA,FALSE
Pyrrosia_costata,NA,NA,NA,NA,NA,NA,NA,MT130646,NA,NA,NA,FALSE
Pyrrosia_davidii,NA,NA,NA,KY931067,KY931218,KY931218,KY931358,NA,voucher,zhang1086,NA,FALSE
Pyrrosia_distichocarpa,NA,KY064549,NA,KY064520,NA,KY064572,NA,NA,voucher,tns1184183,NA,FALSE
Pyrrosia_drakeana,NA,NA,NA,NA,NA,NA,NA,MT210542,NA,NA,NA,FALSE
Pyrrosia_eberhardtii,NA,NA,NA,KY931121,KY931273,KY931273,KY931402,NA,voucher,zhang7275,NA,FALSE
Pyrrosia_eleagnifolia,NA,NA,NA,DQ642166,DQ642205,DQ642205,DQ642251,NA,voucher,cultrbgedinburghcollnr19982312schneidersn,NA,FALSE
Pyrrosia_ensata,NA,KY064548,NA,KY064523,NA,KY064571,NA,NA,voucher,tns1184171,NA,FALSE
Pyrrosia_fallax,NA,NA,NA,KY931081,KY931232,KY931232,KY931368,NA,voucher,chensitw10494,NA,FALSE
Pyrrosia_flocculosa,NA,NA,NA,KY931047,KY931198,KY931198,KY931346,NA,voucher,zhang7032,NA,FALSE
Pyrrosia_foveolata,NA,NA,NA,DQ642167,DQ642206,DQ642206,DQ642252,NA,voucher,cultrbgedinburghcollnr19621476schneidersn,NA,FALSE
Pyrrosia_glabra,NA,NA,NA,KY931116,KY931267,KY931267,KY931398,NA,voucher,zhang6295,NA,FALSE
Pyrrosia_hastata,NA,NA,NA,NA,NA,NA,NA,OR051898,NA,NA,NA,FALSE
Pyrrosia_heteractis,NA,NA,NA,NA,NA,NA,NA,MT130592,NA,NA,NA,FALSE
Pyrrosia_heterophylla,NA,NA,NA,ON453836,NA,NA,NA,NA,unjoined,NA,NA,FALSE
Pyrrosia_kinabaluensis,NA,NA,NA,KY931085,KY931237,KY931237,KY931373,NA,voucher,wade4306,NA,FALSE
Pyrrosia_laevis,NA,NA,NA,KY632785,NA,NA,NA,NA,unjoined,6769shuiym,"Phylogeny, historical biogeography and characters evolution of the",FALSE
Pyrrosia_lanceolatus,NA,NA,NA,KY931087,KY931239,KY931239,KY931375,NA,voucher,zhang9104,NA,FALSE
Pyrrosia_linearifolia,NA,NA,NA,KY931090,KY931242,KY931242,KY931378,NA,voucher,knapp3762,NA,FALSE
Pyrrosia_lingua,NA,NA,NA,NA,NA,NA,NA,MT210540,NA,NA,NA,FALSE
Pyrrosia_longifolia,NA,NA,NA,KY931103,KY931254,KY931254,KY931388,NA,voucher,zhang9088,NA,FALSE
Pyrrosia_mannii,NA,NA,NA,KY931105,KY931256,KY931256,KY931390,NA,voucher,fraserjenkinsfn10,NA,FALSE
Pyrrosia_matsudai,NA,NA,NA,KY931107,KY931259,KY931259,NA,NA,voucher,knapp3796,NA,FALSE
Pyrrosia_niphoboloides,NA,NA,NA,DQ642168,NA,DQ642207,DQ642254,NA,voucher,cultrbgedinburghcollnr19601780schneidersn,NA,FALSE
Pyrrosia_nummulariifolia,NA,JX103671,NA,JX103713,JX103755,JX103755,JX103797,NA,voucher,wu2570,NA,FALSE
Pyrrosia_pannosa,NA,KY064556,NA,KY064529,NA,KY064577,NA,NA,voucher,tns01184186,NA,FALSE
Pyrrosia_penangiana,NA,NA,NA,NA,NA,NA,NA,MW876359,NA,NA,NA,FALSE
Pyrrosia_petiolosa,NA,NA,NA,NA,NA,NA,NA,MT210541,NA,NA,NA,FALSE
Pyrrosia_piloselloides,NA,NA,NA,KY931128,KY931281,KY931281,KY931408,NA,voucher,wade1409,NA,FALSE
Pyrrosia_polydactylos,EF463844,EF463511,NA,EF463259,NA,NA,NA,NA,voucher,ranker2080,NA,FALSE
Pyrrosia_porosa,NA,NA,NA,KY931135,KY931288,KY931288,KY931412,NA,voucher,cicuzza2079,NA,FALSE
Pyrrosia_rasamalae,NA,NA,NA,KY931082,KY931233,KY931233,KY931369,NA,voucher,wade4385,NA,FALSE
Pyrrosia_rhodesiana,NA,NA,NA,KY931104,KY931255,KY931255,KY931389,NA,voucher,ravelonarivo3000,NA,FALSE
Pyrrosia_rupestris,NA,NA,NA,AY362558,NA,NA,NA,NA,unjoined,NA,Unraveling the phylogeny of polygrammoid ferns (Polypodiaceae and,FALSE
Pyrrosia_samarensis,NA,NA,NA,DQ642170,DQ642209,DQ642209,DQ642256,NA,voucher,cultbotgardleidennr824026hovenkampsn,NA,FALSE
Pyrrosia_serpens,EF463845,EF463512,NA,EF463260,NA,NA,NA,NA,voucher,ranker1933,NA,FALSE
Pyrrosia_sheareri,NA,NA,NA,NA,NA,NA,NA,MT130682,NA,NA,NA,FALSE
Pyrrosia_similis,NA,NA,NA,KY931147,KY931300,KY931300,KY931422,NA,voucher,zhang7040,NA,FALSE
Pyrrosia_sphaerosticha,NA,NA,NA,KY931152,KY931304,KY931304,KY931427,NA,voucher,wade3966,NA,FALSE
Pyrrosia_stenophylla,NA,NA,NA,KY931172,KY931324,KY931324,KY931446,NA,voucher,zhang6939,NA,FALSE
Pyrrosia_stigmosa,NA,JX103674,NA,JX103716,JX103758,JX103758,JX103800,NA,monophy,NA,NA,FALSE
Pyrrosia_stolzii,NA,NA,NA,KY931157,KY931310,KY931310,KY931433,NA,voucher,kayombo2711,NA,FALSE
Pyrrosia_subfurfuracea,NA,NA,NA,NA,NA,NA,NA,MK679765,NA,NA,NA,FALSE
Quechuapteris_buchtienii,PQ417568,NA,NA,PQ417448,DQ914145,DQ914145,MG593111,NA,monophy,NA,NA,FALSE
Quechuapteris_fraseri,PQ417573,KU744792,NA,PQ463132,NA,NA,NA,NA,monophy,NA,NA,FALSE
Quechuapteris_glauca,NA,NA,NA,MG593087,NA,NA,MG593113,NA,voucher,pndtpgf77,NA,FALSE
Quechuapteris_glutinosa,PQ417574,NA,NA,PQ417455,NA,NA,MG593114,NA,monophy,NA,NA,FALSE
Quechuapteris_hypoleuca,PQ417575,NA,NA,PQ463142,NA,NA,MG593117,NA,monophy,NA,NA,FALSE
Quechuapteris_pilosa,PQ417585,NA,NA,MH170420,NA,NA,NA,NA,voucher,fuentes10353,NA,FALSE
Quechuapteris_pruinata,MK632496,NA,NA,MK632708,NA,NA,MN876719,NA,voucher,ucusacahforbessn,NA,FALSE
Quechuapteris_rufopunctata,PQ417591,NA,JX313628,JX313528,NA,NA,NA,NA,voucher,sundue613,NA,FALSE
Radiovittaria_gardneriana,EF452125,EF452062,KX896864,U21294,NA,NA,MH359321,NA,monophy,NA,NA,FALSE
Radiovittaria_latifolia,KX165231,NA,NA,KX165041,NA,NA,NA,NA,monophy,NA,NA,FALSE
Radiovittaria_minima,KX165232,NA,NA,U21288,NA,NA,NA,NA,monophy,NA,NA,FALSE
Radiovittaria_moritziana,KX165234,NA,NA,KX165044,NA,NA,NA,NA,monophy,NA,NA,FALSE
Radiovittaria_remota,NA,NA,NA,U21289,NA,NA,NA,NA,unjoined,NA,Phylogeny of the Vittariaceae: convergent simplification leads to a,FALSE
Radiovittaria_ruiziana,KX165236,NA,NA,KX165046,NA,NA,NA,NA,monophy,NA,NA,FALSE
Radiovittaria_stipitata,KX165237,NA,NA,KX165047,NA,NA,NA,NA,voucher,eschuettpelz251,NA,FALSE
Regnellidium_diphyllum,NA,DQ643290,NA,U24262,DQ536357,DQ536357,DQ643385,NA,monophy,NA,NA,FALSE
Reholttumia_ecallosa,NA,NA,NA,PP560080,NA,NA,PP561221,NA,voucher,taifwade4808,NA,FALSE
Reholttumia_hudsoniana,NA,NA,NA,MT657516,NA,NA,NA,NA,unjoined,krwood17108,Biogeography of Pacific pteridophytes in a global context,FALSE
Reholttumia_truncata,NA,NA,NA,JN572363,KT805112,KT805112,KT805046,NA,manual,NA,NA,FALSE
Rhachidosorus_blotianus,JN168064,JN168044,NA,JN168022,JN168097,JN168097,NA,NA,voucher,sglub46,NA,FALSE
Rhachidosorus_consimilis,NA,NA,NA,NA,NA,NA,NA,KY427356,NA,NA,NA,FALSE
Rhachidosorus_mesosorus,JF832140,JF832180,JF832287,JF832084,NA,NA,NA,NA,monophy,NA,NA,FALSE
Rhachidosorus_pulcher,NA,NA,NA,JF303971,NA,NA,NA,NA,unjoined,NA,First insights into fern matK phylogeny,FALSE
Rheopteris_cheesmaniae,EF452126,EF452063,KX896871,EF452176,KU147323,KU147323,PX667955,NA,monophy,NA,NA,FALSE
Rouhania_parvula,NA,KY711770,NA,KY711945,NA,KY712272,KY711597,NA,voucher,janssen2455,NA,FALSE
Rouhania_pygmaea,NA,KY711888,NA,KY712062,NA,KY712318,KY711647,NA,monophy,NA,NA,FALSE
Rouhania_zenkeri,NA,KY711774,NA,KY711949,NA,KY712276,KY711601,NA,voucher,rouhan1354bis,NA,FALSE
Rouxopteris_boryi,NA,NA,NA,KF992488,NA,NA,NA,NA,unjoined,shennequin254,Evolutionary patterns in the assembly of fern diversity on the,FALSE
Rumohra_adiantiformis,NA,NA,NA,NA,NA,NA,NA,OQ650009,NA,NA,NA,FALSE
Rumohra_berteroana,MF158019,MF157762,NA,KJ464503,NA,KJ464750,KJ464657,NA,voucher,danton1964,NA,FALSE
Rumohra_glandulosissima,MF158021,MF157763,NA,MF157838,NA,MF157877,MF157986,NA,voucher,pradohirai2350,NA,FALSE
Rumohra_linearisquamata,MF158022,MF157764,NA,MF157839,NA,MF157878,MF157987,NA,voucher,rouhan1395,NA,FALSE
Rumohra_lokohensis,MF158024,MF157767,NA,MF157841,NA,MF157881,MF157990,NA,voucher,rouhan1167,NA,FALSE
Rumohra_madagascarica,NA,NA,NA,NA,NA,NA,NA,OR911922,NA,NA,NA,FALSE
Rumohra_quadrangularis,MF158032,MF157775,NA,MF157849,NA,MF157889,MF157998,NA,voucher,pradohirai2408,NA,FALSE
Saccoloma_brasiliense,NA,NA,NA,KJ628819,NA,NA,NA,NA,unjoined,NA,Phylogenetic relatedness within neotropical fern communities,FALSE
Saccoloma_campylurum,NA,NA,NA,U18644,NA,OK092498,NA,NA,monophy,NA,NA,FALSE
Saccoloma_caudatum,NA,NA,NA,NA,NA,OK092508,NA,NA,unjoined,NA,NA,FALSE
Saccoloma_domingense,NA,NA,NA,KJ628820,NA,NA,NA,NA,unjoined,NA,Phylogenetic relatedness within neotropical fern communities,FALSE
Saccoloma_elegans,NA,NA,NA,NA,NA,NA,NA,MT130580,NA,NA,NA,FALSE
Saccoloma_ferulaceum,NA,NA,NA,KT983836,NA,NA,NA,NA,unjoined,weltp025294,An expanded phylogeny of the Dennstaedtiaceae ferns: Oenotrichia,FALSE
Saccoloma_galeottii,NA,NA,NA,NA,NA,OK092509,OK092380,NA,voucher,msundue3507,NA,FALSE
Saccoloma_inaequale,NA,NA,NA,NA,NA,NA,NA,MT130691,NA,NA,NA,FALSE
Saccoloma_nigrescens,NA,NA,NA,MW138256,NA,NA,NA,NA,unjoined,jhnitta734,A taxonomic and molecular survey of the pteridophytes of the,FALSE
Saccoloma_sunduei,NA,NA,NA,NA,NA,OK092513,OK092383,NA,voucher,msundue3186,NA,FALSE
Sadleria_cyatheoides,JF832141,EF463356,JF832288,EF463161,NA,NA,NA,NA,voucher,schuettpelz507,NA,FALSE
Sadleria_pallida,NA,NA,NA,U05943,NA,NA,NA,NA,unjoined,NA,Phylogenetic relationships of dennstaedtioid ferns: evidence from,FALSE
Sadleria_souleytiana,NA,NA,NA,AB040591,NA,NA,NA,NA,unjoined,NA,"Phylogenetic analysis of Blechnaceae (Filicales, Filicophyta) based",FALSE
Sadleria_squarrosa,NA,NA,NA,MT657649,NA,NA,NA,NA,unjoined,krwood16802,Biogeography of Pacific pteridophytes in a global context,FALSE
Sadleria_unisora,NA,NA,NA,AB040593,NA,NA,NA,NA,unjoined,NA,"Phylogenetic analysis of Blechnaceae (Filicales, Filicophyta) based",FALSE
Sadleria_wagneriana,NA,NA,NA,MT657653,NA,NA,NA,NA,unjoined,krwood16142,Biogeography of Pacific pteridophytes in a global context,FALSE
Sahashia_stricta,NA,NA,NA,NA,NA,NA,NA,OR777259,NA,NA,NA,FALSE
Salpichlaena_hookeriana,NA,NA,NA,MH179034,MH178836,MH178836,NA,NA,voucher,ht16902,NA,FALSE
Salpichlaena_hybrida,NA,NA,NA,MH179031,MH178833,MH178833,NA,NA,voucher,ht15787,NA,FALSE
Salpichlaena_papyrus,NA,NA,NA,MH179026,MH178818,MH178818,NA,NA,voucher,ap80460,NA,FALSE
Salpichlaena_volubilis,EF463621,EF463357,NA,EF463162,NA,NA,NA,NA,voucher,christenhusz3949,NA,FALSE
Salvinia_auriculata,NA,NA,NA,OL988788,NA,NA,PP156677,NA,monophy,NA,NA,FALSE
Salvinia_cucullata,NA,NA,NA,NA,NA,NA,NA,MF177095,NA,NA,NA,FALSE
Salvinia_minima,NA,EF520881,NA,AY817657,EU269674,EU269673,EU269687,NA,monophy,NA,NA,FALSE
Salvinia_molesta,NA,NA,NA,NA,NA,NA,NA,PQ616050,NA,NA,NA,FALSE
Salvinia_natans,NA,NA,NA,NA,NA,NA,NA,OK075076,NA,NA,NA,FALSE
Salvinia_oblongifolia,NA,EU269667,NA,EU269671,EU269680,EU269680,EU269693,NA,voucher,nagalingumsn,NA,FALSE
Sceptridium_atrovirens,NA,NA,NA,AY138402,NA,NA,NA,NA,unjoined,NA,Phylogenetic studies of Ophioglossaceae: evidence from rbcL and,FALSE
Sceptridium_biternatum,NA,NA,NA,L13474,NA,NA,NA,NA,unjoined,NA,Phylogenetic analysis of green plant rbcL sequences,FALSE
Sceptridium_daucifolium,NA,NA,NA,NA,NA,NA,NA,OM897591,NA,NA,NA,FALSE
Sceptridium_decompositum,NA,NA,NA,PV007001,NA,NA,NA,NA,unjoined,canekledesma20186,NA,FALSE
Sceptridium_dissectum,NA,NA,NA,AY138401,NA,NA,NA,NA,unjoined,NA,Phylogenetic studies of Ophioglossaceae: evidence from rbcL and,FALSE
Sceptridium_formosanum,NA,NA,NA,JF303963,NA,NA,NA,NA,unjoined,NA,First insights into fern matK phylogeny,FALSE
Sceptridium_japonicum,NA,NA,NA,MN030169,NA,NA,NA,NA,unjoined,NA,Analysis on the phylogenetic classification and molecular evolution,FALSE
Sceptridium_lunarioides,NA,NA,NA,NA,NA,NA,NA,OR785746,NA,NA,NA,FALSE
Sceptridium_microphyllum,NA,NA,NA,AB574665,NA,NA,NA,NA,unjoined,tns1107870,Molecular species identification with rich floristic sampling: DNA,FALSE
Sceptridium_multifidum,NA,NA,NA,AY138400,NA,NA,NA,NA,unjoined,NA,Phylogenetic studies of Ophioglossaceae: evidence from rbcL and,FALSE
Sceptridium_nipponicum,NA,NA,NA,AB574668,NA,NA,NA,NA,unjoined,tns1107878,Molecular species identification with rich floristic sampling: DNA,FALSE
Sceptridium_oneidense,NA,NA,NA,AY138898,NA,NA,NA,NA,unjoined,NA,Phylogenetic studies of Ophioglossaceae: evidence from rbcL and,FALSE
Sceptridium_robustum,NA,NA,NA,AB574667,NA,NA,NA,NA,unjoined,tns1107867,Molecular species identification with rich floristic sampling: DNA,FALSE
Sceptridium_rugulosum,NA,NA,NA,MG215121,NA,NA,NA,NA,unjoined,ccdb23327c04,Using herbarium-derived DNAs to assemble a large-scale DNA barcode,FALSE
Sceptridium_schaffneri,NA,NA,NA,MW620384,NA,NA,NA,NA,unjoined,ericschuettpelz1768,NA,FALSE
Sceptridium_ternatum,NA,NA,NA,NA,NA,NA,NA,OL549459,NA,NA,NA,FALSE
Sceptridium_triangularifolium,NA,NA,LC813662,AB574672,NA,NA,LC813690,NA,monophy,NA,NA,FALSE
Schizaea_bifida,NA,NA,NA,ON368130,NA,NA,ON368097,NA,voucher,djo574,NA,FALSE
Schizaea_dichotoma,NA,NA,NA,NA,NA,NA,NA,ON207052,NA,NA,NA,FALSE
Schizaea_elegans,NA,NA,NA,NA,NA,NA,NA,KX258660,NA,NA,NA,FALSE
Schizaea_fluminensis,NA,NA,NA,ON368144,NA,NA,ON368112,NA,voucher,ffalcon632,NA,FALSE
Schizaea_incurvata,NA,NA,NA,ON368147,NA,NA,ON368115,NA,monophy,NA,NA,FALSE
Schizaea_medusa,NA,NA,NA,NA,NA,NA,NA,ON207050,NA,NA,NA,FALSE
Schizaea_pectinata,NA,NA,NA,NA,NA,NA,NA,KX258661,NA,NA,NA,FALSE
Schizaea_poeppigiana,NA,NA,NA,NA,NA,NA,NA,ON207053,NA,NA,NA,FALSE
Schizaea_pusilla,NA,NA,NA,NA,NA,NA,NA,ON120846,NA,NA,NA,FALSE
Schizaea_sprucei,NA,NA,NA,NA,NA,NA,NA,ON207054,NA,NA,NA,FALSE
Schizaea_stricta,NA,NA,NA,ON368152,NA,NA,ON368120,NA,voucher,me432f,NA,FALSE
Scleroglossum_crassifolium,NA,NA,NA,PP560299,NA,NA,PP561399,NA,voucher,taifwade5869,NA,FALSE
Scleroglossum_pusillum,NA,KY711911,NA,KY712079,NA,KY712404,KY711741,NA,voucher,middleton5137,NA,FALSE
Scleroglossum_pyxidatum,NA,OQ702674,NA,OQ708590,OQ717185,OQ717185,OQ717172,NA,monophy,NA,NA,FALSE
Scleroglossum_sulcatum,NA,OQ702753,NA,OQ708559,OQ717257,OQ717257,OQ717174,NA,voucher,lbzhang10973,NA,FALSE
Scleroglossum_wooroonooran,NA,KM218835,NA,KM218809,NA,KM106189,KM106091,NA,voucher,kessler14289,NA,FALSE
Scoliosorus_ensiformis,NA,NA,NA,NA,NA,NA,NA,MH173090,NA,NA,NA,FALSE
Selliguea_albidopaleata,PP133925,PP134033,NA,PP081492,PP134261,PP134261,PP134372,NA,monophy,NA,NA,FALSE
Selliguea_albidosquamata,PP133928,PP134035,NA,PP081495,PP134264,PP134264,PP134375,NA,voucher,taifwade4288,NA,FALSE
Selliguea_albopes,PP133929,PP134036,NA,PP081496,PP134265,PP134265,PP134376,NA,voucher,cshshaow0106,NA,FALSE
Selliguea_brachypodia,PP133930,PP134037,NA,AY362557,AY362621,PP134267,PP134378,NA,monophy,NA,NA,FALSE
Selliguea_capitellata,NA,NA,NA,NA,NA,NA,NA,MW876361,NA,NA,NA,FALSE
Selliguea_caudiformis,KT289109,KT289125,KT289141,KT289201,NA,NA,KT289340,NA,voucher,karge740,NA,FALSE
Selliguea_ceratophylla,PP134014,PP134127,NA,PP081589,PP134352,PP134352,PP134460,NA,voucher,taifwade4728,NA,FALSE
Selliguea_chenopus,NA,NA,NA,NA,NA,NA,NA,MW876366,NA,NA,NA,FALSE
Selliguea_chrysotricha,NA,NA,NA,NA,NA,NA,NA,OM419376,NA,NA,NA,FALSE
Selliguea_conjuncta,NA,NA,NA,JQ685397,JQ685461,JQ685461,JQ700474,NA,publication,NA,from the himalayan region or the malay archipelago: molecular,FALSE
Selliguea_conmixta,PP133935,PP134042,NA,PP081503,PP134272,PP134272,PP134383,NA,voucher,cshshaow2902,NA,FALSE
Selliguea_connexa,NA,NA,NA,NA,NA,NA,NA,MT130564,NA,NA,NA,FALSE
Selliguea_costulata,NA,NA,NA,PP081504,NA,NA,PP134384,NA,voucher,vtsundue4252,NA,FALSE
Selliguea_crenatopinnata,NA,NA,NA,NA,NA,NA,NA,MW876367,NA,NA,NA,FALSE
Selliguea_cyrtomioides,NA,NA,NA,NA,NA,NA,NA,PZ314407,NA,NA,NA,FALSE
Selliguea_dactylina,PP133938,PP134045,NA,PP081507,PP134275,PP134275,PP134387,NA,voucher,cshshaow0602,NA,FALSE
Selliguea_dareiformis,NA,NA,NA,NA,NA,NA,NA,PZ314411,NA,NA,NA,FALSE
Selliguea_daweishanensis,PP133940,PP134047,NA,PP081509,PP134277,PP134277,PP134389,NA,voucher,taifwade1047,NA,FALSE
Selliguea_digitata,NA,NA,NA,NA,NA,NA,KT289307,NA,unjoined,NA,NA,FALSE
Selliguea_ebenipes,NA,NA,NA,NA,NA,NA,NA,OM419351,NA,NA,NA,FALSE
Selliguea_echinospora,NA,NA,NA,PP081514,PP134282,PP134282,PP134391,NA,monophy,NA,NA,FALSE
Selliguea_enervis,PP133954,PP134061,NA,PP081524,PP134291,PP134291,PP134401,NA,voucher,taifwade3310,NA,FALSE
Selliguea_engleri,PP133955,PP134063,NA,PP081526,PP134293,PP134293,NA,NA,voucher,taifwade2633,NA,FALSE
Selliguea_erythrocarpa,NA,NA,NA,NA,NA,NA,NA,PZ314405,NA,NA,NA,FALSE
Selliguea_falcatopinnata,NA,NA,NA,PP559578,NA,NA,PP562014,NA,voucher,taifkuo866,NA,FALSE
Selliguea_feei,NA,NA,NA,AY529170,AY529192,AY529192,NA,NA,voucher,javawilson2862,NA,FALSE
Selliguea_feeioides,NA,NA,NA,MT657616,NA,NA,NA,NA,unjoined,dhlorence10627,Biogeography of Pacific pteridophytes in a global context,FALSE
Selliguea_glauca,NA,NA,NA,NA,NA,NA,NA,PV035281,NA,NA,NA,FALSE
Selliguea_glaucopsis,NA,NA,NA,NA,NA,NA,NA,PZ314406,NA,NA,NA,FALSE
Selliguea_griffithiana,NA,NA,NA,NA,NA,NA,NA,MW876369,NA,NA,NA,FALSE
Selliguea_hastata,NA,NA,NA,NA,NA,NA,NA,OM419379,NA,NA,NA,FALSE
Selliguea_hellwigii,NA,NA,NA,EU128501,EU128508,EU128508,EU128518,NA,voucher,hovenkampsn,NA,FALSE
Selliguea_heterocarpa,NA,NA,NA,NA,NA,NA,NA,MW876362,NA,NA,NA,FALSE
Selliguea_incisocrenata,NA,NA,NA,KT289180,NA,NA,KT289321,NA,voucher,qi4525,NA,FALSE
Selliguea_laciniata,NA,NA,NA,NA,NA,NA,NA,PZ314410,NA,NA,NA,FALSE
Selliguea_lagunensis,PP133982,PP134090,NA,PP081553,PP134320,PP134320,PP134427,NA,monophy,NA,NA,FALSE
Selliguea_lanceola,NA,NA,NA,AY459173,AY459186,AY459186,AY459181,NA,publication,NA,phylogenetic relationships of the enigmatic malesian fern,FALSE
Selliguea_lateritia,NA,NA,NA,EU128502,EU128509,EU128509,EU128519,NA,voucher,hovenkampsn,NA,FALSE
Selliguea_lauterbachii,PP133946,PP134053,NA,PP081516,PP134284,PP134284,PP134393,NA,voucher,taifwade3969,NA,FALSE
Selliguea_lehmannii,NA,NA,NA,NA,NA,NA,NA,MT130554,NA,NA,NA,FALSE
Selliguea_majoensis,PP133984,PP134092,NA,PP081554,PP134322,PP134322,PP134429,NA,voucher,cshshanghui5625,NA,FALSE
Selliguea_malacodon,NA,NA,NA,NA,NA,NA,NA,MW876360,NA,NA,NA,FALSE
Selliguea_metacoela,NA,NA,NA,NA,NA,NA,NA,MW876365,NA,NA,NA,FALSE
Selliguea_moulmeinensis,NA,NA,NA,NA,NA,NA,NA,MW876364,NA,NA,NA,FALSE
Selliguea_murudensis,PP133989,PP134099,NA,PP081561,PP134327,PP134327,PP134434,NA,voucher,taifwade4624,NA,FALSE
Selliguea_nigrovenia,PP133990,PP134100,NA,PP081562,PP134328,PP134328,PP134435,NA,voucher,cshshaow0503,NA,FALSE
Selliguea_obtusa,NA,NA,NA,NA,NA,NA,NA,PZ314417,NA,NA,NA,FALSE
Selliguea_oodes,PP133994,PP134104,NA,PP081566,PP134330,PP134330,PP134439,NA,voucher,taifwade4260,NA,FALSE
Selliguea_oxyloba,NA,NA,NA,NA,NA,NA,NA,MT130663,NA,NA,NA,FALSE
Selliguea_pianmaensis,NA,PP134106,NA,PP081568,NA,NA,PP134441,NA,voucher,cshshaow1701,NA,FALSE
Selliguea_plantaginea,PP133996,PP134108,NA,PP081570,PP134333,PP134333,PP134442,NA,voucher,taifwade2976,NA,FALSE
Selliguea_platyphylla,NA,NA,NA,KT289206,NA,NA,KT289346,NA,monophy,NA,NA,FALSE
Selliguea_pyrolifolia,KT289112,KT289128,KT289144,KT289207,NA,NA,KT289347,NA,voucher,sunph16,NA,FALSE
Selliguea_quasidivaricata,PP134007,PP134120,NA,PP081582,PP134345,PP134345,PP134454,NA,voucher,cshshaow0302,NA,FALSE
Selliguea_rhynchophylla,NA,NA,NA,NA,NA,NA,NA,PV035280,NA,NA,NA,FALSE
Selliguea_senanensis,NA,NA,NA,KT289191,NA,NA,KT289330,NA,voucher,rao045b,NA,FALSE
Selliguea_soridens,KT289113,KT289129,KT289145,KT289208,NA,NA,KT289348,NA,voucher,cicuzza951,NA,FALSE
Selliguea_stenophylla,PP134005,PP134117,NA,PP081579,PP134342,PP134342,PP134451,NA,voucher,taifwade4736,NA,FALSE
Selliguea_stenosquamis,KT289114,KT289130,KT289146,KT289210,NA,NA,KT289350,NA,voucher,cicuzza795,NA,FALSE
Selliguea_stewartii,PP134006,PP134118,NA,PP081580,PP134343,PP134343,PP134452,NA,voucher,cshshaow0502,NA,FALSE
Selliguea_subsparsa,PP134013,PP134126,NA,PP081588,PP134351,PP134351,PP134459,NA,voucher,taifwade4402,NA,FALSE
Selliguea_subtaeniata,PP133981,PP134089,NA,PP081552,PP134319,PP134319,PP134426,NA,monophy,NA,NA,FALSE
Selliguea_taeniata,NA,NA,NA,NA,NA,NA,NA,MW876349,NA,NA,NA,FALSE
Selliguea_taiwanensis,NA,NA,NA,PP560676,NA,NA,PP561668,NA,voucher,taifcyh20151031007,NA,FALSE
Selliguea_tatsienensis,NA,NA,NA,NA,NA,NA,NA,MT130544,NA,NA,NA,FALSE
Selliguea_tibetana,PP134023,PP134137,NA,PP081598,PP134362,PP134362,PP134470,NA,voucher,cshshaow0501,NA,FALSE
Selliguea_tomentosa,NA,NA,NA,NA,NA,NA,NA,PZ314412,NA,NA,NA,FALSE
Selliguea_triloba,NA,NA,NA,NA,NA,NA,NA,PZ314392,NA,NA,NA,FALSE
Selliguea_trisecta,NA,NA,NA,NA,NA,NA,NA,PZ314414,NA,NA,NA,FALSE
Selliguea_veitchii,NA,NA,NA,KT289196,NA,NA,KT289337,NA,voucher,liu,NA,FALSE
Selliguea_wardii,NA,NA,NA,NA,NA,NA,NA,PZ314399,NA,NA,NA,FALSE
Selliguea_whitfordii,KT289116,KT289132,KT289148,KT289216,NA,NA,KT289355,NA,voucher,karger271,NA,FALSE
Selliguea_wusugongii,NA,NA,NA,NA,NA,NA,NA,PZ314404,NA,NA,NA,FALSE
Selliguea_yakuinsularis,NA,NA,NA,AB575251,NA,NA,NA,NA,unjoined,tns763337,Molecular species identification with rich floristic sampling: DNA,FALSE
Selliguea_yakushimensis,NA,NA,NA,NA,NA,NA,NA,MN623352,NA,NA,NA,FALSE
Serpocaulon_adnatum,NA,NA,NA,AY362593,AY362666,AY362666,NA,NA,publication,NA,unraveling the phylogeny of polygrammoid ferns (polypodiaceae and,FALSE
Serpocaulon_appressum,NA,NA,NA,DQ151905,DQ151930,DQ151930,DQ151957,NA,publication,NA,"serpocaulon (polypodiaceae), a new genus segregated from polypodium",FALSE
Serpocaulon_articulatum,NA,NA,NA,EF551066,EF551082,EF551082,EF551120,NA,voucher,jimenez2544,NA,FALSE
Serpocaulon_attenuatum,NA,NA,NA,DQ151912,DQ151937,DQ151937,DQ151964,NA,publication,NA,"serpocaulon (polypodiaceae), a new genus segregated from polypodium",FALSE
Serpocaulon_catharinae,NA,NA,NA,EF551068,EF551086,EF551086,EF551124,NA,voucher,smith2908,NA,FALSE
Serpocaulon_crystalloneuron,NA,NA,NA,DQ151906,NA,NA,NA,NA,unjoined,boliviajimenez1109,"Serpocaulon (Polypodiaceae), a new genus segregated from Polypodium",FALSE
Serpocaulon_dasypleuron,NA,NA,NA,EF551075,EF551105,EF551105,EF551143,NA,voucher,moran6749,NA,FALSE
Serpocaulon_dissimile,NA,NA,NA,DQ151908,EF551090,DQ151933,DQ151960,NA,monophy,NA,NA,FALSE
Serpocaulon_eleutherophlebium,NA,NA,NA,NA,NA,NA,DQ151983,NA,unjoined,NA,NA,FALSE
Serpocaulon_falcaria,NA,NA,NA,EF551069,EF551093,EF551093,EF551131,NA,voucher,kromer2649,NA,FALSE
Serpocaulon_fraxinifolium,NA,NA,NA,NA,NA,NA,NA,MW876370,NA,NA,NA,FALSE
Serpocaulon_funckii,NA,NA,NA,AY362603,AY362675,AY362675,NA,NA,publication,NA,unraveling the phylogeny of polygrammoid ferns (polypodiaceae and,FALSE
Serpocaulon_intricatum,NA,NA,NA,DQ151919,NA,NA,DQ151967,NA,publication,NA,"serpocaulon (polypodiaceae), a new genus segregated from polypodium",FALSE
Serpocaulon_lasiopus,NA,NA,NA,EF551072,EF551100,EF551100,EF551138,NA,voucher,jimenez2488,NA,FALSE
Serpocaulon_latipes,NA,NA,NA,DQ151915,NA,NA,NA,NA,unjoined,boliviajimenez1324,"Serpocaulon (Polypodiaceae), a new genus segregated from Polypodium",FALSE
Serpocaulon_latissimum,NA,NA,NA,DQ151916,DQ151941,DQ151941,DQ151968,NA,publication,NA,"serpocaulon (polypodiaceae), a new genus segregated from polypodium",FALSE
Serpocaulon_levigatum,NA,NA,NA,NA,NA,NA,NA,MW876371,NA,NA,NA,FALSE
Serpocaulon_loriceum,NA,NA,NA,NA,NA,NA,NA,MW876372,NA,NA,NA,FALSE
Serpocaulon_maritimum,NA,NA,NA,DQ151918,DQ151943,DQ151943,DQ151970,NA,voucher,cultchalfordsmithsn,NA,FALSE
Serpocaulon_meniscifolium,NA,NA,NA,EF551076,EF551108,EF551108,EF551146,NA,voucher,smith2909,NA,FALSE
Serpocaulon_patentissimum,NA,NA,NA,AY362602,AY362674,AY362674,NA,NA,publication,NA,unraveling the phylogeny of polygrammoid ferns (polypodiaceae and,FALSE
Serpocaulon_polystichum,NA,NA,NA,EF551077,EF551109,EF551109,EF551147,NA,voucher,huaylla1408,NA,FALSE
Serpocaulon_ptilorhizon,NA,NA,NA,AY362611,NA,NA,NA,NA,unjoined,NA,Unraveling the phylogeny of polygrammoid ferns (Polypodiaceae and,FALSE
Serpocaulon_richardii,NA,NA,NA,DQ227291,DQ151929,DQ151929,DQ151956,NA,voucher,jimenez1986,NA,FALSE
Serpocaulon_sessilifolium,NA,NA,NA,DQ151924,EF551112,EF551112,DQ151976,NA,monophy,NA,NA,FALSE
Serpocaulon_subandinum,NA,NA,NA,DQ151921,DQ151947,DQ151946,DQ151973,NA,monophy,NA,NA,FALSE
Serpocaulon_triseriale,EF463850,EF463516,NA,EF463263,DQ151953,DQ151953,DQ151980,NA,voucher,jimenez1994,NA,FALSE
Serpocaulon_vacillans,NA,NA,NA,DQ151927,DQ151954,DQ151954,DQ151981,NA,publication,NA,"serpocaulon (polypodiaceae), a new genus segregated from polypodium",FALSE
Serpocaulon_wagneri,NA,NA,NA,DQ151928,DQ151955,DQ151955,DQ151982,NA,publication,NA,"serpocaulon (polypodiaceae), a new genus segregated from polypodium",FALSE
Sitobolium_appendiculatum,NA,NA,NA,NA,NA,NA,NA,OP081114,NA,NA,NA,FALSE
Sitobolium_hirsutum,NA,NA,NA,NA,NA,NA,NA,MT130587,NA,NA,NA,FALSE
Sitobolium_punctilobulum,NA,NA,NA,NA,NA,NA,NA,OP081100,NA,NA,NA,FALSE
Sitobolium_wilfordii,NA,NA,NA,NA,NA,NA,NA,OP081117,NA,NA,NA,FALSE
Sitobolium_zeylanicum,NA,NA,NA,NA,NA,NA,NA,OP168849,NA,NA,NA,FALSE
Sphaeropteris_aciculosa,NA,NA,NA,KP337962,NA,NA,NA,NA,unjoined,croft1051,Biogeography of south-east Asian tree ferns (Cyathaceae),FALSE
Sphaeropteris_aeneifolia,NA,NA,NA,AM410185,NA,NA,AM410303,NA,voucher,conant4578,NA,FALSE
Sphaeropteris_albifrons,NA,NA,NA,AM410214,NA,NA,AM410342,NA,voucher,pintaud398,NA,FALSE
Sphaeropteris_angiensis,NA,NA,NA,KP337955,NA,NA,NA,NA,unjoined,conant4629,Biogeography of south-east Asian tree ferns (Cyathaceae),FALSE
Sphaeropteris_atrospinosa,NA,NA,NA,NA,NA,NA,MN155693,NA,unjoined,NA,NA,FALSE
Sphaeropteris_atrox,NA,NA,NA,AM410225,NA,NA,AM410353,NA,voucher,conant4606,NA,FALSE
Sphaeropteris_auriculifera,AM176456,AM176615,NA,AM177348,AM176504,AM176504,AM410334,NA,voucher,conant4659,NA,FALSE
Sphaeropteris_australis,NA,NA,NA,AM410215,NA,NA,AM410343,NA,voucher,shirley04,NA,FALSE
Sphaeropteris_brackenridgei,NA,NA,NA,KP338001,NA,NA,NA,NA,unjoined,wade2902,Biogeography of south-east Asian tree ferns (Cyathaceae),FALSE
Sphaeropteris_brunei,AM176457,AM176616,NA,AM177349,AM176505,AM176505,AM410301,NA,voucher,conant4388,NA,FALSE
Sphaeropteris_brunoniana,NA,NA,NA,NA,NA,NA,NA,MT543220,NA,NA,NA,FALSE
Sphaeropteris_capitata,EF463642,EF463366,NA,AM410192,NA,NA,AM410311,NA,voucher,conant4710,NA,FALSE
Sphaeropteris_celebica,EF463643,EF463367,NA,AM410195,FN667573,FN667573,MN155702,NA,monophy,NA,NA,FALSE
Sphaeropteris_cooperi,JF690125,NA,NA,HM347350,NA,NA,JF742607,NA,voucher,yansura2,NA,FALSE
Sphaeropteris_crinita,NA,NA,NA,KF924261,NA,NA,NA,NA,unjoined,xch25424,Phytochemical and molecular characterization of selected Cyathea,FALSE
Sphaeropteris_cuatrecasasii,NA,NA,NA,NA,NA,NA,MN155707,NA,unjoined,NA,NA,FALSE
Sphaeropteris_elmeri,NA,NA,NA,PP559946,NA,NA,MN155709,NA,monophy,NA,NA,FALSE
Sphaeropteris_excelsa,NA,NA,NA,AM410213,NA,NA,AM410341,NA,voucher,shirley10,NA,FALSE
Sphaeropteris_feani,NA,NA,NA,MT216117,NA,NA,NA,NA,unjoined,usschuettpelz1928,The Evolution of Overrepresentation: exploring the biogeography of,FALSE
Sphaeropteris_felina,NA,NA,NA,KP338000,NA,NA,NA,NA,unjoined,wade2734,Biogeography of south-east Asian tree ferns (Cyathaceae),FALSE
Sphaeropteris_gardneri,NA,NA,NA,NA,NA,NA,MN155713,NA,unjoined,NA,NA,FALSE
Sphaeropteris_glauca,NA,NA,NA,AM410193,NA,NA,AM410312,NA,voucher,conant4712,NA,FALSE
Sphaeropteris_horrida,EF463644,EF463368,NA,AM410200,NA,NA,AM410327,NA,voucher,conant4363,NA,FALSE
Sphaeropteris_insignis,NA,NA,NA,NA,NA,NA,MN155715,NA,unjoined,NA,NA,FALSE
Sphaeropteris_intermedia,NA,NA,NA,KP337960,NA,NA,MN155717,NA,voucher,pintaud399,NA,FALSE
Sphaeropteris_lepifera,NA,NA,NA,NA,NA,NA,NA,ON359895,NA,NA,NA,FALSE
Sphaeropteris_lunulata,NA,NA,NA,KP337951,NA,NA,NA,NA,unjoined,shirley16,Biogeography of south-east Asian tree ferns (Cyathaceae),FALSE
Sphaeropteris_marginata,NA,NA,NA,NA,NA,NA,MN155722,NA,unjoined,NA,NA,FALSE
Sphaeropteris_medullaris,AM176458,AM176617,NA,AM177350,AM176506,AM176506,AM410313,NA,voucher,shirley07,NA,FALSE
Sphaeropteris_megalosora,EF463646,EF463369,NA,AM410190,NA,NA,AM410309,NA,voucher,conant4702,NA,FALSE
Sphaeropteris_mertensiana,NA,NA,NA,AB574752,NA,NA,NA,NA,unjoined,tns768155,Molecular species identification with rich floristic sampling: DNA,FALSE
Sphaeropteris_microlepidota,NA,NA,NA,NA,NA,NA,MN155728,NA,unjoined,NA,NA,FALSE
Sphaeropteris_moluccana,NA,NA,NA,KY858754,NA,NA,KY858924,NA,voucher,dong4262,NA,FALSE
Sphaeropteris_nigricans,NA,NA,NA,MT657763,NA,NA,NA,NA,unjoined,sperlman20783,Biogeography of Pacific pteridophytes in a global context,FALSE
Sphaeropteris_novae-caledoniae,AM176459,AM176618,NA,AM177351,AM176507,AM176507,AM410333,NA,voucher,pintaud413,NA,FALSE
Sphaeropteris_persquamulifera,NA,NA,NA,NA,NA,NA,MN155730,NA,unjoined,NA,NA,FALSE
Sphaeropteris_philippinensis,NA,NA,NA,KP337987,NA,NA,PP561491,NA,monophy,NA,NA,FALSE
Sphaeropteris_pilulifera,NA,NA,NA,KP337970,NA,NA,NA,NA,unjoined,rpullen707,Biogeography of south-east Asian tree ferns (Cyathaceae),FALSE
Sphaeropteris_polypoda,NA,NA,NA,AM410191,NA,NA,AM410310,NA,voucher,conant4705,NA,FALSE
Sphaeropteris_procera,NA,NA,NA,MH826701,NA,NA,MN155733,NA,monophy,NA,NA,FALSE
Sphaeropteris_propinqua,NA,NA,NA,MT657764,NA,NA,NA,NA,unjoined,krwood16876,Biogeography of Pacific pteridophytes in a global context,FALSE
Sphaeropteris_pulcherrima,NA,NA,NA,KP337971,NA,NA,NA,NA,unjoined,pjdarbyshirerdhoogland8363,Biogeography of south-east Asian tree ferns (Cyathaceae),FALSE
Sphaeropteris_quindiuensis,NA,NA,KR270523,KR082863,NA,NA,NA,NA,voucher,coah57643,NA,FALSE
Sphaeropteris_robusta,EF463647,EF463370,NA,AM410187,NA,NA,AM410307,NA,voucher,conant4663,NA,FALSE
Sphaeropteris_rosenstockii,NA,NA,NA,KP337972,NA,NA,NA,NA,unjoined,schodde1589,Biogeography of south-east Asian tree ferns (Cyathaceae),FALSE
Sphaeropteris_runensis,NA,NA,NA,NA,NA,NA,MN155741,NA,unjoined,NA,NA,FALSE
Sphaeropteris_setifera,NA,NA,NA,NA,NA,NA,MH213740,NA,unjoined,NA,NA,FALSE
Sphaeropteris_squamulata,NA,NA,NA,KP337989,NA,NA,NA,NA,unjoined,wade2045,Biogeography of south-east Asian tree ferns (Cyathaceae),FALSE
Sphaeropteris_tenggerensis,NA,NA,NA,NA,NA,NA,MN155745,NA,unjoined,NA,NA,FALSE
Sphaeropteris_tomentosissima,AM176460,AM176619,NA,AM177352,AM176508,AM176508,AM410304,NA,voucher,conant4581,NA,FALSE
Sphaeropteris_trichodesma,NA,NA,NA,KP337943,NA,NA,NA,NA,unjoined,korall200623,Biogeography of south-east Asian tree ferns (Cyathaceae),FALSE
Sphaeropteris_trichophora,NA,NA,NA,PP560658,NA,NA,PP561654,NA,voucher,taifliu10030,NA,FALSE
Sphaeropteris_tripinnata,NA,NA,NA,PP559936,NA,NA,PP561099,NA,voucher,taifwade3846,NA,FALSE
Sphaeropteris_tripinnatifida,NA,NA,NA,KP337973,NA,NA,NA,NA,unjoined,alston16808,Biogeography of south-east Asian tree ferns (Cyathaceae),FALSE
Sphaeropteris_truncata,NA,NA,NA,KP338008,NA,NA,NA,NA,unjoined,wade3389,Biogeography of south-east Asian tree ferns (Cyathaceae),FALSE
Sphaeropteris_vittata,NA,NA,NA,KP338011,NA,NA,NA,NA,unjoined,wade3572,Biogeography of south-east Asian tree ferns (Cyathaceae),FALSE
Sphaeropteris_werneri,NA,NA,NA,KP337974,NA,NA,NA,NA,unjoined,wandaave4708,Biogeography of south-east Asian tree ferns (Cyathaceae),FALSE
Sphaeropteris_zamboangana,NA,NA,NA,PP559954,NA,NA,PP561114,NA,voucher,taifwade3961,NA,FALSE
Sphaerostephanos_arbuscula,NA,NA,NA,KF992516,KT805115,KT805115,KT805049,NA,manual,NA,NA,FALSE
Sphaerostephanos_baramensis,NA,NA,NA,PP560056,NA,NA,PP561200,NA,voucher,taifwade4683,NA,FALSE
Sphaerostephanos_elatus,NA,NA,NA,KF992517,KT805116,KT805116,KT805050,NA,manual,NA,NA,FALSE
Sphaerostephanos_heterocarpos,NA,NA,NA,NA,KT805117,KT805117,KT805051,NA,manual,NA,NA,FALSE
Sphaerostephanos_larutensis,NA,NA,NA,NA,KT805118,KT805118,KT805052,NA,manual,NA,NA,FALSE
Sphaerostephanos_penniger,NA,NA,NA,NA,KT805119,KT805119,NA,NA,manual,NA,NA,FALSE
Sphaerostephanos_polycarpos,NA,NA,NA,NA,KT805120,KT805120,KT805054,NA,manual,NA,NA,FALSE
Sphaerostephanos_productus,NA,NA,NA,PP560800,NA,NA,PP561759,NA,voucher,taifwade1250,NA,FALSE
Sphaerostephanos_subpectinatus,NA,NA,NA,MT216126,NA,NA,NA,NA,unjoined,ptbgwood17624,The Evolution of Overrepresentation: exploring the biogeography of,FALSE
Sphaerostephanos_taiwanensis,NA,NA,NA,AF425116,AF425187,AF425187,KT805055,NA,manual,NA,NA,FALSE
Sphenomeris_clavata,HQ157267,HQ157272,NA,HQ157301,HQ157332,NA,GU478729,NA,monophy,NA,NA,FALSE
Spicantopsis_amabilis,NA,NA,NA,AB040544,NA,NA,MH644138,NA,monophy,NA,NA,FALSE
Spicantopsis_hancockii,NA,NA,NA,MH644114,NA,NA,MH644141,NA,voucher,p02435597,NA,FALSE
Spicantopsis_niponica,NA,NA,NA,MH644112,NA,NA,MH644140,NA,voucher,macb110656,NA,FALSE
Stegnogramma_aspidioides,NA,NA,MN159401,MN159434,NA,NA,MN159500,NA,voucher,wade1902,NA,FALSE
Stegnogramma_dictyoclinoides,NA,NA,MN159400,MN159433,NA,NA,MN159499,NA,voucher,201405311,NA,FALSE
Stegnogramma_griffithii,NA,NA,NA,NA,NA,NA,NA,MT130604,NA,NA,NA,FALSE
Stegnogramma_mingchegensis,NA,NA,NA,JN572396,NA,NA,JN572308,NA,manual,NA,NA,FALSE
Stegnogramma_sagittifolia,NA,NA,NA,NA,NA,NA,NA,KY427357,NA,NA,NA,FALSE
Stegnogramma_wilfordii,NA,NA,NA,JN572400,NA,NA,JN572312,NA,manual,NA,NA,FALSE
Steiropteris_clypeolutata,EF463878,EF463538,NA,EF463282,NA,NA,NA,NA,manual,NA,NA,FALSE
Steiropteris_comosa,NA,NA,NA,NA,KT805123,KT805123,KT805057,NA,manual,NA,NA,FALSE
Steiropteris_decussata,NA,NA,NA,NA,KT805124,KT805124,KT805058,NA,manual,NA,NA,FALSE
Steiropteris_gardneriana,NA,NA,NA,NA,KT805125,KT805125,KT805059,NA,manual,NA,NA,FALSE
Steiropteris_glandulosa,EF463882,EF463542,NA,EF463286,NA,NA,NA,NA,manual,NA,NA,FALSE
Steiropteris_hatschbachii,NA,NA,NA,NA,KT805126,KT805126,KT805060,NA,manual,NA,NA,FALSE
Steiropteris_leprieurii,NA,NA,NA,NA,KT805127,KT805127,KT805061,NA,manual,NA,NA,FALSE
Steiropteris_polypodioides,NA,NA,NA,NA,KT805128,KT805128,NA,NA,manual,NA,NA,FALSE
Steiropteris_seemannii,NA,NA,NA,MW138116,NA,NA,NA,NA,unjoined,jhnitta2321,A taxonomic and molecular survey of the pteridophytes of the,FALSE
Steiropteris_valdepilosa,NA,NA,NA,NA,KT805129,KT805129,KT805062,NA,manual,NA,NA,FALSE
Stenochlaena_milnei,NA,NA,NA,AF425104,AF425157,AF425157,NA,NA,voucher,ucbotgard550076,NA,FALSE
Stenochlaena_palustris,NA,NA,NA,NA,NA,NA,NA,PX763611,NA,NA,NA,FALSE
Stenochlaena_tenuifolia,JF832142,EF463358,JF832289,EF463163,NA,NA,NA,NA,voucher,schuettpelz504,NA,FALSE
Stenogrammitis_delitescens,NA,NA,NA,MK319134,NA,NA,MK319035,NA,voucher,proctor4350,NA,FALSE
Stenogrammitis_hartii,NA,GU376583,NA,GU386985,NA,GU387057,GU387225,NA,voucher,lellinger455,NA,FALSE
Stenogrammitis_hellwigii,NA,GU376584,NA,GU386990,NA,GU387058,GU387226,NA,voucher,mickelleonard4636,NA,FALSE
Stenogrammitis_hildebrandtii,NA,GU376585,NA,GU386975,NA,GU387059,GU387227,NA,voucher,rakotondrainibe6112,NA,FALSE
Stenogrammitis_limula,NA,GU376591,NA,GU387023,NA,GU387067,GU387232,NA,voucher,labiak4153,NA,FALSE
Stenogrammitis_myosuroides,NA,GU376595,NA,GU386971,NA,GU387072,GU387236,NA,voucher,bach1840,NA,FALSE
Stenogrammitis_nutata,NA,NA,NA,MK319148,NA,NA,MK319041,NA,voucher,proctor5714,NA,FALSE
Stenogrammitis_oosora,NA,KY711846,NA,KY712022,NA,KY712338,KY711671,NA,voucher,rouhan1188,NA,FALSE
Stenogrammitis_prionodes,NA,GU376605,NA,GU386991,NA,GU387086,GU387249,NA,voucher,mickel6567,NA,FALSE
Stenogrammitis_pumila,NA,GU376608,NA,GU387022,NA,GU387089,GU387252,NA,voucher,labiak4015,NA,FALSE
Stenogrammitis_saffordii,NA,EF178645,NA,EF178628,NA,NA,EF178662,NA,voucher,taranker1892,NA,FALSE
Stenogrammitis_subcoriacea,NA,HQ599537,NA,HQ599529,NA,NA,HQ599519,NA,voucher,wood10823,NA,FALSE
Stenogrammitis_wittigiana,NA,GU376624,NA,GU386989,NA,GU387073,GU387269,NA,voucher,sylvestre1885,NA,FALSE
Sticheroides_truncata,NA,NA,NA,NA,NA,NA,NA,OM419380,NA,NA,NA,FALSE
Sticherus_bifidus,EF463737,EF463447,NA,EF463226,NA,NA,NA,NA,voucher,smith2565,NA,FALSE
Sticherus_brackenridgii,NA,NA,NA,MW390795,NA,NA,NA,NA,unjoined,mjb2108,Chloroplast phylogenies of Australasian Gleichenia ferns,FALSE
Sticherus_compactus,NA,NA,NA,MW138156,NA,NA,NA,NA,unjoined,jhnitta868,A taxonomic and molecular survey of the pteridophytes of the,FALSE
Sticherus_cryptocarpus,NA,NA,NA,DQ910506,NA,NA,DQ910528,NA,voucher,valdclehnebachsn,NA,FALSE
Sticherus_cunninghamii,NA,NA,NA,DQ910507,NA,NA,JX569715,NA,monophy,NA,NA,FALSE
Sticherus_ferrugineus,NA,NA,NA,PV006992,NA,NA,NA,NA,unjoined,miriamjimenez30447,NA,FALSE
Sticherus_flabellatus,NA,NA,NA,DQ910510,NA,NA,DQ910532,NA,voucher,weltp21166,NA,FALSE
Sticherus_flagellaris,NA,NA,NA,KF992519,NA,NA,NA,NA,unjoined,mkessler13722,Evolutionary patterns in the assembly of fern diversity on the,FALSE
Sticherus_furcatus,EF463738,AY612711,NA,AY612684,AY612673,AY612673,NA,NA,monophy,NA,NA,FALSE
Sticherus_hypoleucus,NA,NA,NA,MW138151,NA,NA,NA,NA,unjoined,jhnitta878,A taxonomic and molecular survey of the pteridophytes of the,FALSE
Sticherus_loheri,NA,NA,NA,PP559988,NA,NA,PP561141,NA,voucher,taifwade4267,NA,FALSE
Sticherus_owhyhensis,NA,NA,NA,MT657783,NA,NA,NA,NA,unjoined,krwood18160,Biogeography of Pacific pteridophytes in a global context,FALSE
Sticherus_retroflexus,NA,NA,NA,MW138203,NA,NA,NA,NA,unjoined,jhnitta804,A taxonomic and molecular survey of the pteridophytes of the,FALSE
Sticherus_tahitensis,NA,NA,NA,KY099868,NA,NA,NA,NA,unjoined,nitta1221,Life cycle matters: DNA barcoding reveals contrasting community,FALSE
Sticherus_tenera,NA,NA,NA,MW390794,NA,NA,JX569724,NA,monophy,NA,NA,FALSE
Sticherus_urceolatus,NA,NA,NA,NA,NA,NA,JX569730,NA,unjoined,NA,NA,FALSE
Stigmatopteris_brevinervis,NA,NA,NA,KU521866,NA,KU521899,KU521967,NA,voucher,labiak5508,NA,FALSE
Stigmatopteris_bulbifera,NA,NA,NA,KU521868,NA,KU521901,KU521969,NA,voucher,fayfay3372,NA,FALSE
Stigmatopteris_caudata,NA,NA,NA,KU521872,NA,KU521905,KU521973,NA,voucher,labiak5522,NA,FALSE
Stigmatopteris_contracta,NA,NA,NA,KU521874,NA,KU521907,KU521975,NA,voucher,nitta800,NA,FALSE
Stigmatopteris_heterocarpa,NA,NA,NA,KU521875,NA,KU521908,KU521976,NA,voucher,labiak5502,NA,FALSE
Stigmatopteris_heterophlebia,NA,NA,NA,KU521878,NA,KU521911,KU521979,NA,voucher,moran6058,NA,FALSE
Stigmatopteris_ichthiosma,NA,NA,NA,KU521881,NA,KU521914,KU521982,NA,voucher,navarrete850,NA,FALSE
Stigmatopteris_jamaicensis,NA,NA,NA,KU521884,NA,KU521917,KU521985,NA,monophy,NA,NA,FALSE
Stigmatopteris_killipiana,NA,NA,NA,KJ464505,NA,KU521918,KU521986,NA,monophy,NA,NA,FALSE
Stigmatopteris_lechleri,EF463728,EF463444,NA,EF463221,NA,KU521919,KU521987,NA,monophy,NA,NA,FALSE
Stigmatopteris_longicaudata,EF463729,EF463445,NA,DQ508792,NA,NA,DQ514523,NA,voucher,barrington2099a,NA,FALSE
Stigmatopteris_michaelis,NA,NA,NA,KU521889,NA,KU521922,KU521988,NA,voucher,harling23348,NA,FALSE
Stigmatopteris_nephrodioides,NA,NA,NA,KU521890,NA,KU521923,KU521989,NA,voucher,meier11164,NA,FALSE
Stigmatopteris_opaca,NA,NA,NA,KU521892,NA,KU521925,KU521991,NA,monophy,NA,NA,FALSE
Stigmatopteris_pellucidopunctata,NA,NA,NA,NA,NA,KU521926,KU521992,NA,voucher,vasques22339,NA,FALSE
Stigmatopteris_prionites,NA,NA,NA,NA,NA,NA,NA,OR530082,NA,NA,NA,FALSE
Stigmatopteris_pterorhachis,NA,NA,NA,NA,NA,KU521930,NA,NA,unjoined,NA,NA,FALSE
Stigmatopteris_rotundata,NA,NA,NA,NA,NA,KU521931,KU521995,NA,voucher,granville8873,NA,FALSE
Stigmatopteris_sordida,NA,NA,NA,NA,NA,NA,NA,OR911923,NA,NA,NA,FALSE
Stigmatopteris_tyucana,NA,NA,NA,KU521895,NA,KU521932,KU521996,NA,voucher,sylvestre2214,NA,FALSE
Stigmatopteris_ulei,NA,NA,NA,KU521897,NA,KU521934,KU521998,NA,voucher,labiak5510,NA,FALSE
Stromatopteris_moniliformis,NA,NA,NA,NA,NA,NA,NA,OM419372,NA,NA,NA,FALSE
Strophocaulon_invisum,NA,NA,NA,MT657511,NA,NA,NA,NA,unjoined,taranker2520,Biogeography of Pacific pteridophytes in a global context,FALSE
Strophocaulon_unitum,NA,NA,NA,KF992518,KT805122,KT805122,KT805056,NA,manual,NA,NA,FALSE
Struthiopteris_castanea,NA,NA,NA,AB040549,NA,NA,MH644128,NA,monophy,NA,NA,FALSE
Struthiopteris_fallax,NA,NA,NA,MH644122,NA,NA,MH644132,NA,voucher,macb109359,NA,FALSE
Struthiopteris_spicant,JF832102,JF832157,NA,JF832059,NA,NA,NA,NA,voucher,windham3395,NA,FALSE
Synammia_espinosae,NA,NA,NA,NA,NA,NA,NA,MW876373,NA,NA,NA,FALSE
Synammia_feuillei,NA,NA,NA,NA,NA,NA,NA,MW876374,NA,NA,NA,FALSE
Synammia_intermedia,NA,NA,NA,NA,NA,NA,NA,MW876375,NA,NA,NA,FALSE
Syngramma_alismifolia,NA,NA,NA,OK650031,OL311321,OL311321,NA,NA,voucher,wade3852,NA,FALSE
Syngramma_borneensis,NA,NA,NA,OK650033,OL311322,OL311322,NA,NA,voucher,wade3427,NA,FALSE
Syngramma_cartilagidens,NA,NA,NA,OK650035,OL311324,OL311324,NA,NA,voucher,wade5711,NA,FALSE
Syngramma_lobbiana,NA,NA,NA,OK650036,OL311325,OL311325,NA,NA,voucher,k500945,NA,FALSE
Syngramma_quinata,NA,NA,NA,OK650037,OL311326,OL311326,NA,NA,voucher,sitw10593,NA,FALSE
Syngramma_valleculata,NA,NA,NA,OK650042,OL311330,OL311330,NA,NA,voucher,wade5712,NA,FALSE
Syngramma_vittiforme,NA,NA,NA,OK650043,OL311331,OL311331,NA,NA,voucher,karger1825,NA,FALSE
Syngramma_wallichii,NA,NA,NA,OK650044,OL311332,OL311332,NA,NA,voucher,wade4239,NA,FALSE
Taenitis_blechnoides,NA,NA,NA,NA,NA,NA,NA,OP743919,NA,NA,NA,FALSE
Taenitis_cordata,NA,NA,OL311943,OK650058,OL311344,OL311344,NA,NA,voucher,wade5669,NA,FALSE
Taenitis_dimorpha,NA,NA,OL311944,OK650059,OL311345,OL311345,NA,NA,voucher,kessler13616,NA,FALSE
Taenitis_diversifolia,NA,NA,OL311947,OK650060,OL311348,OL311347,NA,NA,monophy,NA,NA,FALSE
Taenitis_hookeri,NA,NA,OL311948,OK650063,OL311349,OL311349,NA,NA,voucher,wade5864,NA,FALSE
Taenitis_pinnata,NA,NA,OL311951,OK650067,OL311353,OL311353,NA,NA,voucher,wade3109,NA,FALSE
Tapeinidium_acuminatum,NA,NA,NA,PP560025,NA,NA,PP561172,NA,voucher,taifwade4414,NA,FALSE
Tapeinidium_biserratum,NA,NA,NA,PP560801,NA,NA,PP561758,NA,voucher,taifwade1252,NA,FALSE
Tapeinidium_calomelanos,NA,NA,NA,NA,NA,NA,GU478755,NA,unjoined,NA,NA,FALSE
Tapeinidium_carolinense,NA,NA,NA,MT657898,NA,NA,NA,NA,unjoined,dhlorence9967,Biogeography of Pacific pteridophytes in a global context,FALSE
Tapeinidium_denhamii,NA,NA,NA,NA,NA,NA,GU478748,NA,unjoined,NA,NA,FALSE
Tapeinidium_gracile,NA,NA,NA,NA,NA,NA,NA,OM419362,NA,NA,NA,FALSE
Tapeinidium_longipinnulum,NA,NA,NA,NA,GU478641,GU478343,GU478754,NA,voucher,holttumsn,NA,FALSE
Tapeinidium_luzonicum,HQ157266,HQ157280,NA,HQ157300,GU478643,GU478345,GU478751,NA,voucher,kessler13610,NA,FALSE
Tapeinidium_melanesicum,NA,NA,NA,NA,NA,NA,GU478749,NA,unjoined,NA,NA,FALSE
Tapeinidium_moluccanum,NA,NA,NA,NA,GU478642,GU478344,GU478753,NA,voucher,dayton26238,NA,FALSE
Tapeinidium_moorei,NA,NA,NA,KJ628841,NA,NA,NA,NA,unjoined,NA,Phylogenetic relatedness within neotropical fern communities,FALSE
Tapeinidium_novoguineense,NA,NA,NA,NA,NA,NA,GU478752,NA,unjoined,NA,NA,FALSE
Tapeinidium_pinnatum,NA,NA,NA,AB574776,NA,NA,NA,NA,unjoined,tns759253,Molecular species identification with rich floristic sampling: DNA,FALSE
Tectaria_acerifolia,KF898006,NA,NA,KJ628842,NA,NA,KF897954,NA,monophy,NA,NA,FALSE
Tectaria_aenigma,NA,NA,KY927536,KY927533,NA,NA,KY927538,NA,voucher,dnk575,NA,FALSE
Tectaria_angelicifolia,NA,NA,NA,NA,NA,KF667560,KF667616,NA,voucher,fay1240,NA,FALSE
Tectaria_angulata,OR087155,NA,OR087705,OR087023,OR087342,OR087342,OR087527,NA,voucher,lbzhang10725,NA,FALSE
Tectaria_antioquoiana,OR087156,NA,OR087707,MW138146,OR087343,OR087343,OR087529,NA,voucher,jhnitta884,NA,FALSE
Tectaria_athyrioides,NA,NA,NA,KJ628844,NA,NA,NA,NA,unjoined,NA,Phylogenetic relatedness within neotropical fern communities,FALSE
Tectaria_aurita,NA,KJ196404,KJ196548,KJ196849,NA,NA,KJ196631,NA,voucher,sydong3386,NA,FALSE
Tectaria_balansae,KY937628,NA,OR087844,KY937371,KY937457,KY937458,KY937562,NA,monophy,NA,NA,FALSE
Tectaria_barberi,NA,KJ196445,KJ196584,KJ196846,NA,NA,KJ196628,NA,monophy,NA,NA,FALSE
Tectaria_barteri,NA,NA,NA,NA,NA,KF667561,KF667617,NA,voucher,carvalho3449,NA,FALSE
Tectaria_beccariana,NA,OK480073,OK480115,OK104174,NA,NA,OK480194,NA,voucher,dong4944,NA,FALSE
Tectaria_borneensis,NA,KJ196489,KJ196514,KJ196854,NA,NA,KJ196642,NA,voucher,sydong3438,NA,FALSE
Tectaria_brooksii,NA,NA,NA,PP560252,NA,NA,PP561359,NA,voucher,taifwade5673,NA,FALSE
Tectaria_cadieri,NA,OP530241,OP542228,OP530242,NA,NA,OP530243,NA,voucher,wuwp889,NA,FALSE
Tectaria_christovalensis,NA,OK480080,OK480120,MF623760,NA,NA,OK480201,NA,voucher,dong3946,NA,FALSE
Tectaria_cicutaria,NA,KJ196408,KJ196621,KF667649,NA,KF667562,KJ196696,NA,voucher,sundue2095,NA,FALSE
Tectaria_coadunata,NA,NA,NA,NA,NA,NA,NA,MT130661,NA,NA,NA,FALSE
Tectaria_crenata,KY937584,NA,KY937218,KY937326,OR087357,OR087357,KY937485,NA,voucher,eschuettpelz841,NA,FALSE
Tectaria_danangensis,NA,OM671283,OM671284,OM671282,OR087359,OR087359,OM671286,NA,monophy,NA,NA,FALSE
Tectaria_darienensis,NA,NA,NA,KF667651,NA,KF667564,KF667622,NA,voucher,croat16955,NA,FALSE
Tectaria_decurrens,NA,NA,NA,NA,NA,NA,NA,MN623363,NA,NA,NA,FALSE
Tectaria_dissecta,NA,MH542580,MH542591,MH542570,NA,NA,MH542614,NA,voucher,cyh20140503014,NA,FALSE
Tectaria_dubia,NA,MF623690,MF623714,MF623762,NA,NA,MF623783,NA,voucher,dong4344,NA,FALSE
Tectaria_durvillei,NA,OK480091,OK480130,OK104187,NA,NA,OK480212,NA,monophy,NA,NA,FALSE
Tectaria_ebenina,KY937589,NA,KY937225,KY937333,KY937393,KY937393,KY937492,NA,voucher,lbzhang6854,NA,FALSE
Tectaria_fauriei,OR087182,NA,OR087729,OR087037,OR087371,OR087371,OR087549,NA,voucher,lbzhang10507,NA,FALSE
Tectaria_fernandensis,KF898010,NA,NA,KF887174,NA,NA,KF897958,NA,voucher,cfraserjenkins11304,NA,FALSE
Tectaria_fimbriata,EF463867,EF463527,NA,EF463271,NA,NA,NA,NA,voucher,christenhusz3537,NA,FALSE
Tectaria_fissa,NA,MF623694,MF623718,MF623766,NA,NA,MF623787,NA,voucher,dong4261,NA,FALSE
Tectaria_fungii,NA,MH542581,MH542592,MH542571,NA,NA,MH542615,NA,voucher,dong4334,NA,FALSE
Tectaria_fuscipes,NA,NA,NA,NA,NA,NA,NA,MT130612,NA,NA,NA,FALSE
Tectaria_gaudichaudii,KF898012,NA,NA,KF887176,NA,NA,NA,NA,voucher,oselling3605,NA,FALSE
Tectaria_gigantea,NA,KJ196403,KJ196530,KJ196853,NA,NA,KJ196660,NA,voucher,sydong3380,NA,FALSE
Tectaria_griffithii,KY937596,NA,KY937229,KY937337,KY937401,KY937401,KY937501,NA,voucher,lbzhang6765,NA,FALSE
Tectaria_grossedentata,KY937601,NA,KY937233,KY937338,KY937407,KY937407,KY937507,NA,voucher,lbzhang6293,NA,FALSE
Tectaria_gymnocarpa,NA,OK480092,OK480132,OK104207,NA,NA,OK480213,NA,voucher,chensitw10554,NA,FALSE
Tectaria_harlandii,NA,NA,NA,NA,NA,NA,NA,PV391903,NA,NA,NA,FALSE
Tectaria_heracleifolia,KF898016,KJ196407,KJ196597,PV006872,NA,NA,KY937515,NA,monophy,NA,NA,FALSE
Tectaria_herpetocaulos,OR087198,NA,OR087748,OR087043,OR087384,OR087384,OR087560,NA,voucher,daniele1554,NA,FALSE
Tectaria_heterocarpa,KF898017,NA,NA,KF887181,NA,NA,KF897964,NA,voucher,cfraserjenkins1727,NA,FALSE
Tectaria_hilocarpa,NA,OK480094,OK480133,OK104188,NA,NA,OK480215,NA,voucher,dong4085,NA,FALSE
Tectaria_holttumii,NA,NA,NA,PP560570,NA,NA,PP561591,NA,voucher,taiflu31932,NA,FALSE
Tectaria_impressa,NA,NA,NA,NA,NA,NA,NA,MT130620,NA,NA,NA,FALSE
Tectaria_incisa,OR087154,NA,OR087704,OR087022,OR087341,OR087341,OR087526,NA,voucher,htuomisto13183,NA,FALSE
Tectaria_ingens,OR087206,NA,OR087759,KY937344,KY937418,KY937418,KY937522,NA,voucher,ylzb1960,NA,FALSE
Tectaria_jardinii,NA,NA,NA,MT216133,NA,NA,NA,NA,unjoined,ptbgwood17623,The Evolution of Overrepresentation: exploring the biogeography of,FALSE
Tectaria_keckii,OR087207,NA,OR087760,NA,NA,NA,OR087569,NA,monophy,NA,NA,FALSE
Tectaria_kehdingiana,OR087208,NA,OR087762,OR087047,OR087393,OR087393,OR087570,NA,voucher,lbzhang10327,NA,FALSE
Tectaria_kusukusensis,OR087209,NA,KY937242,KY937346,OR087395,OR087395,OR087571,NA,voucher,lbzhang6545,NA,FALSE
Tectaria_labrusca,NA,KJ196499,KJ196600,KJ196818,NA,NA,KJ196692,NA,voucher,yschao1981,NA,FALSE
Tectaria_laotica,OR087212,NA,OR087765,OR087050,OR087398,OR087398,OR087573,NA,voucher,zzhoulz302,NA,FALSE
Tectaria_latifolia,NA,OK480096,OK480135,OK104190,NA,NA,OK480217,NA,voucher,chensitw11095,NA,FALSE
Tectaria_lessonii,NA,NA,NA,KY099871,NA,NA,NA,NA,unjoined,vinette23,Life cycle matters: DNA barcoding reveals contrasting community,FALSE
Tectaria_lobbii,NA,OK480097,OK480136,OK104209,NA,NA,OK480218,NA,voucher,dong51112,NA,FALSE
Tectaria_luchunensis,NA,KJ196444,KJ196572,KJ196891,NA,NA,KJ196673,NA,voucher,sydong3582,NA,FALSE
Tectaria_macleanii,NA,KJ196511,KJ196567,KJ196810,NA,NA,KJ196680,NA,voucher,yschaosn,NA,FALSE
Tectaria_manilensis,OR087217,MF623678,OR087769,PP559896,OR087401,OR087401,OR087576,NA,monophy,NA,NA,FALSE
Tectaria_media,OR087218,NA,OR087770,OR087053,OR087402,OR087402,OR087577,NA,voucher,weihjjsl7333,NA,FALSE
Tectaria_melanocaulis,NA,KJ196422,KJ196562,KJ196832,NA,NA,KJ196709,NA,voucher,cwchen1865,NA,FALSE
Tectaria_membranacea,KY937586,NA,KY937219,KY937327,KY937388,KY937388,KY937486,NA,voucher,lbzhang6564,NA,FALSE
Tectaria_mexicana,KU605212,NA,KU605137,KU605199,NA,NA,KU605115,NA,voucher,dukerothfels08175,NA,FALSE
Tectaria_microsora,OR087280,NA,OR087834,OR087086,OR087457,OR087457,OR087632,NA,voucher,htuomisto16582,NA,FALSE
Tectaria_moorei,NA,NA,NA,KF887162,NA,NA,KF955995,NA,voucher,palanko811889,NA,FALSE
Tectaria_moranii,OR087297,NA,OR087855,NA,NA,NA,NA,NA,voucher,cjrothfels08169,NA,FALSE
Tectaria_multicaudata,OR087215,NA,OR087768,OR087051,OR087399,OR087399,OR087574,NA,voucher,lbzhang10324,NA,FALSE
Tectaria_nayarii,OR087224,NA,OR087776,OR087057,OR087405,OR087405,OR087583,NA,voucher,lbzhang10907,NA,FALSE
Tectaria_pallescens,NA,OK480100,OK480139,OK104211,NA,NA,OK480222,NA,voucher,chensitw00410,NA,FALSE
Tectaria_palmata,NA,OK480102,OK480141,OK104193,NA,NA,PP561353,NA,monophy,NA,NA,FALSE
Tectaria_panamensis,NA,NA,NA,NA,NA,NA,NA,MK705757,NA,NA,NA,FALSE
Tectaria_paradoxa,KF898025,NA,NA,KF887189,NA,NA,KF897971,NA,voucher,rbgkewlivingcoll196433125,NA,FALSE
Tectaria_phaeocaulis,OR087226,NA,KY937248,KY937354,KY937428,KY937428,KY937531,NA,voucher,lbzhang6626,NA,FALSE
Tectaria_phanomensis,OR087230,NA,OR087781,OR087059,OR087411,OR087410,OR087588,NA,monophy,NA,NA,FALSE
Tectaria_pica,KF898027,NA,NA,KF992520,NA,NA,KF897973,NA,monophy,NA,NA,FALSE
Tectaria_pilosa,OR087234,NA,OR087786,OR087064,OR087416,OR087416,OR087593,NA,voucher,jones1026,NA,FALSE
Tectaria_pleiosora,NA,OK480103,OK480142,OK104194,NA,NA,OK480226,NA,voucher,dong3981,NA,FALSE
Tectaria_polymorpha,KY937610,NA,KY937246,KY937351,KY937424,KY937424,KY937528,NA,voucher,lbzhang6598,NA,FALSE
Tectaria_profereoides,NA,MW795608,MW795614,MW795601,NA,NA,MW795631,NA,voucher,dong4939,NA,FALSE
Tectaria_prolifera,EF463869,EF463529,NA,EF463273,NA,NA,KF897974,NA,monophy,NA,NA,FALSE
Tectaria_pseudosiifolia,NA,NA,NA,MT635911,NA,NA,NA,NA,unjoined,NA,Taxonomy and DNA Barcoding of three allied taxa of Tectaria from,FALSE
Tectaria_psomiocarpa,NA,KJ196502,KJ196595,KJ196822,NA,NA,KJ196698,NA,voucher,cwchensn,NA,FALSE
Tectaria_pubens,OR087245,NA,OR087799,OR087072,OR087427,OR087427,OR087603,NA,voucher,htuomisto16193,NA,FALSE
Tectaria_puberula,NA,NA,NA,KF992521,NA,NA,NA,NA,unjoined,shennequin382,Evolutionary patterns in the assembly of fern diversity on the,FALSE
Tectaria_quinquefida,KY937606,NA,KY937238,KY937340,KY937413,KY937413,KY937514,NA,voucher,lbzhang6502,NA,FALSE
Tectaria_remotipinna,NA,OK480105,OK480145,OK104196,NA,NA,OK480229,NA,voucher,chensitw11112,NA,FALSE
Tectaria_repanda,NA,KJ196509,KJ196586,KJ196831,NA,NA,KJ196707,NA,voucher,cwchen0576,NA,FALSE
Tectaria_rivalis,NA,NA,NA,KJ628854,NA,NA,NA,NA,unjoined,NA,Phylogenetic relatedness within neotropical fern communities,FALSE
Tectaria_sabahensis,NA,NA,KY927535,KY927534,NA,NA,KY927537,NA,voucher,wade4705,NA,FALSE
Tectaria_sagenioides,OR087255,NA,OR087807,OR087078,NA,NA,OR087610,NA,voucher,lbzhang7947,NA,FALSE
Tectaria_semipinnata,OR087258,NA,OR087810,OR087079,OR087437,OR087437,OR087612,NA,voucher,lbzhang10305,NA,FALSE
Tectaria_setulosa,KU605220,NA,KU605146,KU605191,KU605098,KU605098,KU605123,NA,voucher,cdbizhang6520,NA,FALSE
Tectaria_simonsii,NA,NA,NA,NA,NA,NA,NA,MT130623,NA,NA,NA,FALSE
Tectaria_singaporiana,OR087271,MF623699,KY937259,KF887196,OR087445,KY937444,KY937548,NA,monophy,NA,NA,FALSE
Tectaria_subconfluens,OR087288,NA,OR087846,OR087096,OR087469,OR087469,OR087641,NA,voucher,lzhang2767,NA,FALSE
Tectaria_subfuscipes,KY937629,NA,KY937273,KY937373,KY937459,KY937459,KY937563,NA,voucher,knapp3199,NA,FALSE
Tectaria_subglabra,NA,KJ196406,KJ196532,KJ196807,NA,NA,KJ196676,NA,voucher,sydong3450,NA,FALSE
Tectaria_subsageniacea,OR087157,NA,OR087708,OR087025,OR087344,OR087344,OR087530,NA,voucher,lbzhang6294,NA,FALSE
Tectaria_subtriphylla,KY937632,NA,KY937275,KY937376,KY937463,KY937463,KY937567,NA,voucher,lbzhang6619,NA,FALSE
Tectaria_subvariolosa,KU605224,NA,KU605150,KU605204,KU605102,KU605102,KU605126,NA,voucher,cdbizhang7134,NA,FALSE
Tectaria_sulitii,NA,MF623700,MF623724,MF623772,NA,NA,MF623792,NA,voucher,dong4122,NA,FALSE
Tectaria_trichotoma,NA,OK480110,OK480150,OK104199,NA,NA,OK480233,NA,voucher,dong4911,NA,FALSE
Tectaria_tricuspis,NA,KJ196501,KJ196598,KJ196820,NA,NA,KJ196694,NA,voucher,yschao1978,NA,FALSE
Tectaria_trifoliata,EF463870,EF463530,KJ196565,EF463274,NA,NA,KF897981,NA,monophy,NA,NA,FALSE
Tectaria_vanikoroensis,NA,OK480111,NA,OK104200,NA,NA,OK480234,NA,voucher,chensitw11129,NA,FALSE
Tectaria_vasta,KY937635,NA,KY937282,OR087100,KY937468,KY937468,OR087647,NA,voucher,lbzhang8254,NA,FALSE
Tectaria_wightii,NA,KJ196416,KJ196561,KJ196906,NA,NA,KJ196710,NA,voucher,fraserjenkinssn,NA,FALSE
Tectaria_zeilanica,NA,NA,NA,NA,NA,NA,NA,MT130702,NA,NA,NA,FALSE
Telmatoblechnum_indicum,NA,NA,NA,KJ170830,KJ170803,KJ170803,KJ170857,NA,voucher,melusn,NA,FALSE
Telmatoblechnum_serrulatum,NA,NA,NA,KU898662,KU898602,KU898602,KU898716,NA,voucher,furbfunez487,NA,FALSE
Teratophyllum_articulatum,NA,NA,NA,NA,NA,GU376714,GU376565,NA,voucher,cicuzza220,NA,FALSE
Teratophyllum_brightiae,KT831778,KT831810,NA,KT831848,NA,NA,NA,NA,voucher,patrickjacockpa1032,NA,FALSE
Teratophyllum_clemensiae,NA,NA,NA,PP560296,NA,NA,NA,NA,unjoined,taifwade5865,A DNA barcode reference of Asian ferns with expert-identified,FALSE
Teratophyllum_hainanense,NA,NA,NA,NA,NA,NA,NA,OR530083,NA,NA,NA,FALSE
Teratophyllum_koordersii,NA,NA,NA,NA,NA,GU376715,GU376566,NA,voucher,price981,NA,FALSE
Teratophyllum_ludens,NA,NA,NA,NA,NA,GU376717,GU376568,NA,monophy,NA,NA,FALSE
Teratophyllum_rotundifoliatum,NA,NA,NA,NA,NA,GU376718,NA,NA,unjoined,NA,NA,FALSE
Teratophyllum_wilkesianum,NA,NA,NA,NA,NA,NA,NA,OR530084,NA,NA,NA,FALSE
Terpsichore_aspleniifolia,NA,NA,NA,NA,NA,NA,NA,MZ357094,NA,NA,NA,FALSE
Terpsichore_atroviridis,NA,NA,NA,MW138276,NA,NA,NA,NA,unjoined,jhnitta704,A taxonomic and molecular survey of the pteridophytes of the,FALSE
Terpsichore_chrysleri,NA,KM218859,NA,KM218813,NA,NA,NA,NA,voucher,ijimenez1369,NA,FALSE
Terpsichore_eggersii,NA,AF469785,NA,AF468209,NA,NA,AF469798,NA,voucher,srhill29109uc,NA,FALSE
Terpsichore_hanekeana,NA,AY459503,NA,AY460670,NA,NA,NA,NA,voucher,ranker1610colo,NA,FALSE
Terpsichore_lehmanniana,NA,AY459506,NA,AY460673,NA,NA,NA,NA,voucher,kawilson2589uc,NA,FALSE
Terpsichore_pacifica,NA,HQ599530,NA,HQ599521,NA,NA,GU476729,NA,voucher,arojasmata3072,NA,FALSE
Terpsichore_staheliana,NA,NA,NA,MK319119,NA,NA,NA,NA,unjoined,cremersg13084,Taxonomic novelties in grammitid ferns (Polypodiaceae) from the,FALSE
Terpsichore_vascoana,NA,GU476822,NA,GU476890,NA,NA,GU476742,NA,voucher,sunduevasco1235,NA,FALSE
Thalassogrammitis_deplanchei,NA,KY711801,NA,KY711976,NA,KY712299,KY711625,NA,voucher,gaudeul99,NA,FALSE
Thelypteris_confluens,NA,NA,NA,KT626846,NA,NA,NA,NA,manual,NA,NA,FALSE
Thelypteris_palustris,JF832146,AY612713,JF832292,JF832085,JN572232,JN572232,HQ676538,NA,manual,NA,NA,FALSE
Thylacopteris_minuta,NA,NA,NA,LC685476,NA,NA,NA,NA,unjoined,mbkbaba103361,"Thylacopteris minuta (Polypodiaceae), a new fern species from",FALSE
Thylacopteris_papillosa,NA,NA,NA,NA,NA,NA,NA,MW876376,NA,NA,NA,FALSE
Thyrsopteris_elegans,NA,NA,NA,NA,NA,NA,NA,OM419361,NA,NA,NA,FALSE
Tmesipteris_alticola,NA,NA,PV641221,PV641201,NA,NA,OQ919950,NA,voucher,weltp030247,NA,FALSE
Tmesipteris_elongata,NA,NA,NA,NA,NA,NA,NA,KJ569699,NA,NA,NA,FALSE
Tmesipteris_eucampta,NA,NA,PV641216,PV641209,NA,NA,PV641235,NA,monophy,NA,NA,FALSE
Tmesipteris_gracilis,NA,NA,NA,MT216135,NA,NA,NA,NA,unjoined,usschuettpelz1942,The Evolution of Overrepresentation: exploring the biogeography of,FALSE
Tmesipteris_horomaka,NA,NA,PV641225,PV641203,NA,NA,NA,NA,voucher,weltp020903,NA,FALSE
Tmesipteris_norfolkensis,NA,NA,PV641223,PV641199,NA,NA,PV641237,NA,voucher,mel2528290,NA,FALSE
Tmesipteris_obliqua,DQ390579,AF313545,PV641229,PV641204,AF313593,AF313593,PV641233,NA,monophy,NA,NA,FALSE
Tmesipteris_sigmatifolia,NA,NA,PV641214,PV641206,NA,NA,OQ919942,NA,monophy,NA,NA,FALSE
Tmesipteris_tannensis,NA,U93823,PV641224,PV641205,NA,NA,FJ384425,NA,monophy,NA,NA,FALSE
Tmesipteris_truncata,NA,NA,PV641218,PV641210,NA,NA,OQ919951,NA,voucher,weltp030341,NA,FALSE
Tmesipteris_vieillardii,NA,NA,PV641230,PV641211,NA,NA,OQ919945,NA,voucher,weltp026584,NA,FALSE
Todea_barbara,NA,NA,NA,NA,NA,NA,NA,OP793887,NA,NA,NA,FALSE
Todea_papuana,NA,NA,NA,NA,NA,EF588777,EF588823,NA,voucher,hauk20072,NA,FALSE
Tomophyllum_donianum,NA,NA,NA,NA,NA,NA,NA,MT130584,NA,NA,NA,FALSE
Tomophyllum_hayatae,NA,NA,NA,PP560534,NA,NA,PP562314,NA,voucher,taiflu25934,NA,FALSE
Tomophyllum_macrum,NA,NA,NA,KM218780,NA,NA,NA,NA,unjoined,karger532,Global phylogeny and biogeography of grammitid ferns,FALSE
Tomophyllum_minutum,NA,NA,NA,PP560295,NA,NA,PP561396,NA,voucher,taifwade5862,NA,FALSE
Tomophyllum_perplexum,NA,KY711901,NA,NA,NA,NA,KY711725,NA,voucher,faden7712,NA,FALSE
Tomophyllum_repandulum,NA,KY711900,NA,KY712072,NA,NA,KY711724,NA,voucher,onraedt3747,NA,FALSE
Tomophyllum_sakaguchianum,NA,NA,NA,AB575254,NA,NA,NA,NA,unjoined,tns776372,Molecular species identification with rich floristic sampling: DNA,FALSE
Tomophyllum_secundum,NA,KM218832,NA,KM218781,NA,KM106195,KM106095,NA,voucher,ranker2193,NA,FALSE
Tomophyllum_subsecundodissectum,NA,KY711895,NA,NA,NA,NA,KY711718,NA,voucher,mackee11829,NA,FALSE
Tomophyllum_walleri,NA,KM218831,NA,KM218782,NA,KM106196,KM106096,NA,voucher,kessler14250,NA,FALSE
Trachypteris_induta,PQ417661,NA,NA,PQ417528,NA,NA,NA,NA,voucher,sagastegui15199,NA,FALSE
Trachypteris_pinnata,PQ417662,NA,NA,U27450,NA,NA,NA,NA,monophy,NA,NA,FALSE
Trichomanes_accedens,NA,NA,NA,LC620550,NA,NA,NA,NA,unjoined,turlehtonen857,"Diversity, taxonomy and evolution of the fern genus Trichomanes",FALSE
Trichomanes_alatum,NA,NA,NA,LC620544,NA,NA,NA,NA,unjoined,pchaussidon252007,"Diversity, taxonomy and evolution of the fern genus Trichomanes",FALSE
Trichomanes_anadromum,NA,NA,NA,KJ628887,NA,NA,NA,NA,unjoined,NA,Phylogenetic relatedness within neotropical fern communities,FALSE
Trichomanes_ankersii,NA,NA,NA,KJ628883,NA,NA,NA,NA,unjoined,NA,Phylogenetic relatedness within neotropical fern communities,FALSE
Trichomanes_arbuscula,NA,NA,NA,AY175791,NA,NA,NA,NA,unjoined,sboninnprowesnjydubuissonh3304,Molecular systematics of the fern genus Trichomanes L.,FALSE
Trichomanes_bicorne,NA,NA,NA,KJ628884,NA,NA,NA,NA,unjoined,NA,Phylogenetic relatedness within neotropical fern communities,FALSE
Trichomanes_boivinii,NA,NA,NA,KP153241,NA,NA,NA,NA,unjoined,prouhan326,New circumscription of Trichomanes cupressoides Desvaux,FALSE
Trichomanes_botryoides,NA,NA,NA,KJ628885,NA,NA,NA,NA,unjoined,NA,Phylogenetic relatedness within neotropical fern communities,FALSE
Trichomanes_cellulosum,NA,NA,NA,KJ628886,NA,NA,NA,NA,unjoined,NA,Phylogenetic relatedness within neotropical fern communities,FALSE
Trichomanes_crinitum,NA,NA,NA,AB257501,NA,NA,NA,NA,unjoined,dubuissonhg200429,A global molecular phylogeny of the fern genus Trichomanes,FALSE
Trichomanes_crispiforme,NA,NA,NA,LC620548,NA,NA,NA,NA,unjoined,brludroissartsimo1700,"Diversity, taxonomy and evolution of the fern genus Trichomanes",FALSE
Trichomanes_crispum,NA,NA,NA,MW138133,NA,NA,NA,NA,unjoined,jhnitta2319,A taxonomic and molecular survey of the pteridophytes of the,FALSE
Trichomanes_cupressoides,NA,NA,NA,KP153242,NA,NA,NA,NA,unjoined,prouhan135,New circumscription of Trichomanes cupressoides Desvaux,FALSE
Trichomanes_diversifrons,NA,MN781271,NA,KJ628889,NA,NA,NA,NA,monophy,NA,NA,FALSE
Trichomanes_egleri,NA,NA,NA,AY175797,NA,NA,NA,NA,unjoined,jydubuissonhv19972,Molecular systematics of the fern genus Trichomanes L.,FALSE
Trichomanes_elegans,NA,MN781247,NA,AB083295,EU553534,EU553534,NA,NA,monophy,NA,NA,FALSE
Trichomanes_galeottii,NA,NA,NA,MW138278,NA,NA,NA,NA,unjoined,jhnitta145,A taxonomic and molecular survey of the pteridophytes of the,FALSE
Trichomanes_guineense,NA,NA,NA,KP153243,NA,NA,NA,NA,unjoined,preitsmareitsma2111,New circumscription of Trichomanes cupressoides Desvaux,FALSE
Trichomanes_holopterum,NA,NA,NA,AB257499,NA,NA,NA,NA,unjoined,dubuissonhg200417,A global molecular phylogeny of the fern genus Trichomanes,FALSE
Trichomanes_hostmannianum,NA,NA,NA,KJ628893,NA,NA,NA,NA,unjoined,NA,Phylogenetic relatedness within neotropical fern communities,FALSE
Trichomanes_lucens,NA,NA,NA,AY175792,NA,NA,NA,NA,unjoined,mkessler12197,Molecular systematics of the fern genus Trichomanes L.,FALSE
Trichomanes_madagascariense,NA,NA,NA,KP153240,NA,NA,NA,NA,unjoined,prouahn367,New circumscription of Trichomanes cupressoides Desvaux,FALSE
Trichomanes_martiusii,NA,NA,NA,KJ628894,NA,NA,NA,NA,unjoined,NA,Phylogenetic relatedness within neotropical fern communities,FALSE
Trichomanes_mougeotii,NA,NA,NA,AY175793,NA,NA,NA,NA,unjoined,sboninnprowesn,Molecular systematics of the fern genus Trichomanes L.,FALSE
Trichomanes_osmundioides,NA,NA,NA,LC620556,NA,NA,NA,NA,unjoined,pchaussidon232007,"Diversity, taxonomy and evolution of the fern genus Trichomanes",FALSE
Trichomanes_pedicellatum,NA,NA,NA,LC620563,NA,NA,NA,NA,unjoined,pgroult85,"Diversity, taxonomy and evolution of the fern genus Trichomanes",FALSE
Trichomanes_pilosum,NA,NA,NA,LC620551,NA,NA,NA,NA,unjoined,bhcbsalino13256,"Diversity, taxonomy and evolution of the fern genus Trichomanes",FALSE
Trichomanes_pinnatum,NA,NA,NA,KJ628898,NA,NA,NA,NA,unjoined,NA,Phylogenetic relatedness within neotropical fern communities,FALSE
Trichomanes_polypodioides,NA,NA,NA,LC620546,NA,NA,NA,NA,unjoined,bhcbsalinosn,"Diversity, taxonomy and evolution of the fern genus Trichomanes",FALSE
Trichomanes_robustum,NA,NA,NA,LC620552,NA,NA,NA,NA,unjoined,pchaussidon282007,"Diversity, taxonomy and evolution of the fern genus Trichomanes",FALSE
Trichomanes_roraimense,NA,NA,NA,EF016127,NA,NA,NA,NA,unjoined,NA,Phylogeny of the fern genus Trichomanes (Hymenophyllaceae): global,FALSE
Trichomanes_scandens,NA,NA,NA,AB257453,NA,NA,NA,NA,unjoined,faxelrod12669,A global molecular phylogeny of the fern genus Trichomanes,FALSE
Trichomanes_siamense,NA,NA,NA,NA,NA,NA,NA,OM419381,NA,NA,NA,FALSE
Trichomanes_singaporianum,NA,NA,NA,PP559978,NA,NA,NA,NA,unjoined,taifwade4232,A DNA barcode reference of Asian ferns with expert-identified,FALSE
Trichomanes_spruceanum,NA,NA,NA,KJ628911,NA,NA,NA,NA,unjoined,NA,Phylogenetic relatedness within neotropical fern communities,FALSE
Trichomanes_superbum,NA,NA,NA,LC782226,NA,NA,NA,NA,unjoined,tnsvs1174242,The first record of Trichomanes s.s. (Hymenophyllaceae) in Asia and,FALSE
Trichomanes_tanaicum,NA,NA,NA,LC620564,NA,NA,NA,NA,unjoined,turtuomisto16077,"Diversity, taxonomy and evolution of the fern genus Trichomanes",FALSE
Trichomanes_trigonum,NA,NA,NA,AY175799,NA,NA,NA,NA,unjoined,srhill29105,Molecular systematics of the fern genus Trichomanes L.,FALSE
Trichomanes_trollii,NA,NA,NA,NA,NA,NA,NA,MH348274,NA,NA,NA,FALSE
Trichomanes_tuerckheimii,NA,NA,NA,LC620565,NA,NA,NA,NA,unjoined,turtuomisto16614,"Diversity, taxonomy and evolution of the fern genus Trichomanes",FALSE
Trichomanes_vandenboschii,NA,NA,NA,LC620553,NA,NA,NA,NA,unjoined,uckesslersn,"Diversity, taxonomy and evolution of the fern genus Trichomanes",FALSE
Trichomanes_vittaria,NA,NA,NA,KJ628913,NA,NA,NA,NA,unjoined,NA,Phylogenetic relatedness within neotropical fern communities,FALSE
Trichoneuron_microlepioides,NA,NA,NA,NA,NA,NA,NA,OR530086,NA,NA,NA,FALSE
Trigonospora_tenera,NA,NA,NA,NA,NA,NA,NA,MT130659,NA,NA,NA,FALSE
Triplophyllum_crassifolium,KF898037,NA,OR087857,OR087101,OR087476,OR087476,OR087649,NA,voucher,htuomisto15691,NA,FALSE
Triplophyllum_dicksonioides,OR087301,NA,OR087858,OR087103,OR087479,OR087479,OR087652,NA,voucher,htuomisto15458,NA,FALSE
Triplophyllum_fraternum,NA,NA,NA,KF667657,NA,KF667572,KF667630,NA,voucher,carvalho5899,NA,FALSE
Triplophyllum_funestum,OR087307,NA,OR087861,OR087110,OR087487,OR087487,OR087660,NA,voucher,htuomisto15847,NA,FALSE
Triplophyllum_glabrum,OR087313,NA,OR087866,OR087120,OR087498,OR087498,OR087671,NA,voucher,htuomisto15459,NA,FALSE
Triplophyllum_heudelotii,KF898042,NA,NA,KF887208,NA,NA,KF897990,NA,voucher,cfraserjenkins11416,NA,FALSE
Triplophyllum_hirsutum,NA,NA,NA,NA,NA,NA,NA,PV151547,NA,NA,NA,FALSE
Triplophyllum_jenseniae,NA,NA,NA,KF667660,NA,KF667575,KF667633,NA,voucher,fay1165,NA,FALSE
Triplophyllum_pentagonum,NA,NA,NA,KF667662,NA,KF667577,KF667635,NA,voucher,daily13102,NA,FALSE
Triplophyllum_pilosissimum,NA,NA,NA,NA,KU605103,KU605103,KU605127,NA,voucher,mojongkind9612,NA,FALSE
Triplophyllum_securidiforme,NA,NA,NA,NA,NA,NA,KU605128,NA,unjoined,NA,NA,FALSE
Triplophyllum_vogelii,NA,NA,NA,KF667661,NA,KF667576,KF667634,NA,voucher,fay1158,NA,FALSE
Tryonia_areniticola,NA,NA,NA,KJ416346,KJ416375,KJ416375,NA,NA,voucher,prado2169,NA,FALSE
Tryonia_myriophylla,NA,NA,NA,NA,NA,NA,NA,MH173076,NA,NA,NA,FALSE
Tryonia_schwackeana,KJ416294,NA,NA,KJ416351,KJ416379,KJ416379,NA,NA,voucher,schuettpelz1433,NA,FALSE
Vaginularia_acrocarpa,KC984435,KC984439,NA,EU024561,NA,NA,NA,NA,voucher,tranker1778,NA,FALSE
Vaginularia_junghuhnii,NA,NA,NA,PP560502,NA,NA,PP561557,NA,voucher,taifkuo4220,NA,FALSE
Vaginularia_paradoxa,KX165264,NA,NA,KX165054,NA,NA,NA,NA,voucher,dkarger1548,NA,FALSE
Vaginularia_trichoidea,NA,NA,NA,NA,NA,NA,NA,MH173085,NA,NA,NA,FALSE
Vandenboschia_auriculata,NA,NA,NA,NA,NA,NA,NA,OM419344,NA,NA,NA,FALSE
Vandenboschia_birmanica,NA,NA,NA,AB083293,NA,NA,NA,NA,unjoined,ebihara99112103,"Hymenophyllum paniense (Hymenophyllaceae), A New Species of Filmy",FALSE
Vandenboschia_boschiana,NA,NA,NA,OM160634,NA,NA,NA,NA,unjoined,drfarrar824291,Diversity and taxonomy of the fern genus Vandenboschia Copel.,FALSE
Vandenboschia_collariata,NA,NA,NA,MW138128,NA,NA,NA,NA,unjoined,jhnitta2376,A taxonomic and molecular survey of the pteridophytes of the,FALSE
Vandenboschia_confusa,NA,NA,NA,OM160638,NA,NA,NA,NA,unjoined,ahemp2443,Diversity and taxonomy of the fern genus Vandenboschia Copel.,FALSE
Vandenboschia_cyrtotheca,NA,NA,NA,MT657784,NA,NA,NA,NA,unjoined,krwood15393,Biogeography of Pacific pteridophytes in a global context,FALSE
Vandenboschia_cystoseiroides,NA,NA,NA,LC496747,NA,NA,NA,NA,unjoined,hitbcmeg18y25,Resolving the Enigma of Fern Genome Evolution: from Genomic,FALSE
Vandenboschia_davallioides,NA,NA,NA,U05948,NA,NA,NA,NA,unjoined,NA,Phylogenetic relationships of dennstaedtioid ferns: evidence from,FALSE
Vandenboschia_gigantea,NA,NA,NA,OM160640,NA,NA,NA,NA,unjoined,mpignal3404,Diversity and taxonomy of the fern genus Vandenboschia Copel.,FALSE
Vandenboschia_hokurikuensis,NA,NA,NA,LC851653,NA,NA,NA,NA,unjoined,NA,New records of Vandenboschia hokurikuensis and V. miuraensis,FALSE
Vandenboschia_johnstonensis,NA,NA,NA,AB257462,NA,NA,NA,NA,unjoined,ebihara01090802,A global molecular phylogeny of the fern genus Trichomanes,FALSE
Vandenboschia_kalamocarpa,NA,NA,NA,NA,NA,NA,NA,PQ874244,NA,NA,NA,FALSE
Vandenboschia_liukiuensis,NA,NA,NA,AB196369,NA,NA,NA,NA,unjoined,NA,"Nuclear DNA, chloroplast DNA, and ploidy analysis clarified",FALSE
Vandenboschia_maxima,NA,NA,NA,NA,NA,NA,NA,PV121167,NA,NA,NA,FALSE
Vandenboschia_miuraensis,NA,NA,NA,LC851654,NA,NA,NA,NA,unjoined,NA,New records of Vandenboschia hokurikuensis and V. miuraensis,FALSE
Vandenboschia_nipponica,NA,NA,NA,NA,NA,NA,NA,PQ874243,NA,NA,NA,FALSE
Vandenboschia_quelpaertensis,NA,NA,NA,NA,NA,NA,NA,PQ874241,NA,NA,NA,FALSE
Vandenboschia_radicans,NA,NA,NA,AF275650,NA,NA,NA,NA,unjoined,mkessler11447,rbcL data reveal two monophyletic groups of filmy ferns,FALSE
Vandenboschia_rupestris,NA,NA,NA,AB257464,NA,NA,NA,NA,unjoined,taohsawa182,A global molecular phylogeny of the fern genus Trichomanes,FALSE
Vandenboschia_speciosa,NA,NA,NA,NA,NA,NA,NA,MH648610,NA,NA,NA,FALSE
Vandenboschia_stenosiphon,NA,NA,NA,NA,NA,NA,NA,PQ874238,NA,NA,NA,FALSE
Vandenboschia_striata,NA,NA,NA,NA,NA,NA,NA,MZ911852,NA,NA,NA,FALSE
Vandenboschia_subclathrata,NA,NA,NA,PP561019,NA,NA,PP561976,NA,voucher,taifzxc001517,NA,FALSE
Vandenboschia_tubiflora,NA,NA,NA,MT657786,NA,NA,NA,NA,unjoined,krwood15973,Biogeography of Pacific pteridophytes in a global context,FALSE
Vittaria_appalachiana,NA,NA,NA,NA,NA,NA,NA,MH173091,NA,NA,NA,FALSE
Vittaria_graminifolia,NA,NA,NA,NA,NA,NA,NA,MH173089,NA,NA,NA,FALSE
Vittaria_isoetifolia,KU517478,NA,PX668039,U20936,NA,NA,PX667961,NA,monophy,NA,NA,FALSE
Vittaria_lineata,NA,NA,NA,NA,NA,NA,NA,PV121166,NA,NA,NA,FALSE
Vittaria_scabrida,KU517483,NA,NA,KU517611,NA,NA,NA,NA,voucher,jprado2249,NA,FALSE
Windhamia_cordifolia,MW057304,NA,NA,MW057280,NA,NA,NA,NA,voucher,gastony873,NA,FALSE
Windhamia_pringlei,MW057310,NA,NA,MW057286,NA,NA,NA,NA,voucher,steinmann4728,NA,FALSE
Windhamia_sagittata,MW057312,NA,NA,MW057288,NA,NA,NA,NA,voucher,steinmann1939,NA,FALSE
Woodsia_alpina,KP226709,NA,KP226734,KP226759,NA,NA,KP226784,NA,voucher,10247,NA,FALSE
Woodsia_andersonii,JF832123,JF832167,JF832279,JF833268,MK695014,MK695020,MK694968,NA,monophy,NA,NA,FALSE
Woodsia_cochisensis,NA,NA,NA,MK695063,MK695003,MK695003,MK694959,NA,voucher,reinag981876,NA,FALSE
Woodsia_cycloloba,MK695148,NA,MK695119,MK695075,MK695016,MK695016,MK694970,NA,monophy,NA,NA,FALSE
Woodsia_cystopteroides,NA,NA,NA,MK695062,MK695001,MK695001,NA,NA,voucher,vanvandevender96411,NA,FALSE
Woodsia_elongata,NA,NA,NA,NA,NA,NA,NA,MT130624,NA,NA,NA,FALSE
Woodsia_fragilis,NA,NA,NA,MK695065,MK695006,MK695006,NA,NA,voucher,georgeirakli157,NA,FALSE
Woodsia_glabella,KP226714,NA,KP226739,KP226764,NA,NA,KP226789,NA,voucher,4336,NA,FALSE
Woodsia_gorovoii,NA,NA,NA,OR805771,NA,NA,NA,NA,unjoined,altb1010000078,DNA barcodes of the vascular flora of the Altai Mountain Country:,FALSE
Woodsia_guizhouensis,NA,NA,NA,NA,NA,NA,MK694961,NA,unjoined,NA,NA,FALSE
Woodsia_ilvensis,JF832147,JF832183,JF832293,JF832086,NA,NA,NA,NA,voucher,karissn,NA,FALSE
Woodsia_indusiosa,MK695160,JN168034,MK695136,MK695105,JN168080,JN168080,KP226779,NA,monophy,NA,NA,FALSE
Woodsia_kangdingensis,MK695143,NA,MK695115,MK695068,MK695009,MK695009,MK694963,NA,monophy,NA,NA,FALSE
Woodsia_kungiana,MK695150,NA,MK695116,MK695077,MK695018,MK695018,MK694967,NA,monophy,NA,NA,FALSE
Woodsia_lanosa,KP226719,NA,KP226744,KP226769,NA,NA,KP226794,NA,voucher,497,NA,FALSE
Woodsia_macrochlaena,NA,NA,NA,NA,NA,NA,NA,KY427358,NA,NA,NA,FALSE
Woodsia_manchuriensis,NA,NA,NA,NA,NA,NA,NA,MT130698,NA,NA,NA,FALSE
Woodsia_mollis,JF832148,JF832184,JF832294,JF832087,NA,NA,NA,NA,voucher,larsson103,NA,FALSE
Woodsia_montevidensis,NA,NA,MK695107,MK695055,MK694994,MK694994,MK694952,NA,voucher,liullyperez1600,NA,FALSE
Woodsia_neomexicana,NA,NA,NA,NA,MK695036,MK695036,NA,NA,voucher,windhamrabe90366,NA,FALSE
Woodsia_oblonga,NA,NA,NA,MK695085,MK695026,MK695026,NA,NA,voucher,zhguo84,NA,FALSE
Woodsia_obtusa,EF463923,EF463582,NA,U05949,MK695037,MK695039,MK694985,NA,monophy,NA,NA,FALSE
Woodsia_okamotoi,MK695139,NA,MK695111,MK695058,MK694997,MK694997,PP561914,NA,monophy,NA,NA,FALSE
Woodsia_oregana,NA,NA,MK695129,MK695096,MK695040,MK695040,MK694986,NA,voucher,hanshallman4262,NA,FALSE
Woodsia_phillipsii,NA,NA,NA,MK695098,MK695044,MK695044,MK694988,NA,voucher,reinaal20091296,NA,FALSE
Woodsia_plummerae,JF832149,JF832185,JF832295,JF832088,NA,NA,NA,NA,voucher,schuettpelz1235a,NA,FALSE
Woodsia_polystichoides,NA,NA,NA,NA,NA,NA,NA,MT130700,NA,NA,NA,FALSE
Woodsia_rosthorniana,MK695151,NA,MK695122,MK695078,MK695019,MK695019,MK694973,NA,voucher,xfgaoal1630,NA,FALSE
Woodsia_scopulina,NA,NA,NA,MG215504,NA,NA,NA,NA,unjoined,82330him,Using herbarium-derived DNAs to assemble a large-scale DNA barcode,FALSE
Woodsia_shensiensis,MK695144,NA,NA,MK695071,MK695012,MK695012,MK694966,NA,voucher,knapp4263,NA,FALSE
Woodsia_subcordata,NA,NA,NA,AB575003,NA,NA,NA,NA,unjoined,tns776980,Molecular species identification with rich floristic sampling: DNA,FALSE
Woodsia_taishanensis,NA,NA,NA,AB574999,NA,NA,NA,NA,unjoined,tns743747,Molecular species identification with rich floristic sampling: DNA,FALSE
Woodwardia_auriculata,NA,NA,NA,AY137661,AF533858,AF533858,NA,NA,voucher,cranfill651,NA,FALSE
Woodwardia_fimbriata,NA,NA,NA,AY137662,AF533859,AF533859,NA,NA,voucher,cranfill031,NA,FALSE
Woodwardia_harlandii,NA,NA,NA,NA,NA,NA,NA,MT130602,NA,NA,NA,FALSE
Woodwardia_japonica,NA,NA,NA,NA,NA,NA,NA,MN587871,NA,NA,NA,FALSE
Woodwardia_kempii,NA,NA,NA,AY137665,AF533862,AF533862,NA,NA,voucher,cranfill023,NA,FALSE
Woodwardia_magnifica,NA,NA,NA,KM606985,KM606991,KM606991,NA,NA,voucher,ljs9,NA,FALSE
Woodwardia_martinezii,NA,NA,NA,KU898663,NA,NA,KU898717,NA,voucher,mexuaceron420,NA,FALSE
Woodwardia_orientalis,NA,NA,NA,PP559771,NA,NA,NA,NA,unjoined,taifkuo2809,A DNA barcode reference of Asian ferns with expert-identified,FALSE
Woodwardia_prolifera,NA,NA,NA,NA,NA,NA,NA,PV391904,NA,NA,NA,FALSE
Woodwardia_radicans,NA,NA,NA,AY137667,AF533865,AF533865,NA,NA,voucher,cranfill163,NA,FALSE
Woodwardia_semicordata,NA,NA,NA,PV007109,NA,NA,NA,NA,unjoined,jonathandamith1594,NA,FALSE
Woodwardia_spinulosa,NA,NA,NA,AY137668,AF533866,AF533866,NA,NA,voucher,cranfill122,NA,FALSE
Woodwardia_unigemmata,NA,NA,NA,NA,NA,NA,NA,KT599101,NA,NA,NA,FALSE
Xiphopterella_devolii,NA,NA,NA,OQ708534,OQ717250,OQ717250,NA,NA,voucher,rknapp4634,NA,FALSE
Xiphopterella_hieronymusii,NA,NA,NA,KM218783,NA,KM106197,KM106097,NA,voucher,parris12781,NA,FALSE
Xiphopterella_murudensis,NA,NA,NA,PP560027,NA,NA,PP561174,NA,voucher,taifwade4417,NA,FALSE
Xiphopterella_parva,NA,NA,NA,PP559913,NA,NA,PP561080,NA,voucher,taifwade2644,NA,FALSE
Xiphopterella_sparsipilosa,NA,NA,NA,KM218784,NA,KM106198,KM106098,NA,voucher,parris12790,NA,FALSE
Ynesmexia_skinneri,NA,NA,NA,NA,DQ914159,DQ914159,DQ914231,NA,publication,NA,investigating the monophyly of pellaea (pteridaceae) in the context,FALSE
Ynesmexia_subcordata,NA,NA,NA,NA,NA,NA,NA,MH173072,NA,NA,NA,FALSE
Zealandia_novaezealandiae,NA,NA,NA,DQ401116,DQ401126,DQ401126,DQ401124,NA,monophy,NA,NA,FALSE
Zealandia_powellii,NA,NA,NA,KY099831,NA,NA,MG427072,NA,monophy,NA,NA,FALSE
Zealandia_pustulata,MH113546,MH113580,MH113613,MH051181,MH113480,MH113480,MH113513,NA,voucher,ccchen1081,NA,FALSE
Zealandia_vieillardii,NA,NA,NA,DQ179635,DQ179637,DQ179638,DQ179645,NA,monophy,NA,NA,FALSE
Acorus_calamus,NA,NA,NA,NA,NA,NA,NA,AJ879453,NA,NA,NA,TRUE
Amborella_trichopoda,NA,NA,NA,NA,NA,NA,NA,AJ506156,NA,NA,NA,TRUE
Anthoceros_angustus,NA,NA,NA,NA,NA,NA,NA,AB086179,NA,NA,NA,TRUE
Ginkgo_biloba,NA,NA,NA,NA,NA,NA,NA,KP099648,NA,NA,NA,TRUE
Isoetes_piedmontana,NA,NA,NA,NA,NA,NA,NA,MH549641,NA,NA,NA,TRUE
Kadsura_longipedunculata,NA,NA,NA,NA,NA,NA,NA,MH535482,NA,NA,NA,TRUE
Lamprocapnos_spectabilis,NA,NA,NA,NA,NA,NA,NA,MG873498,NA,NA,NA,TRUE
Liquidambar_formosana,NA,NA,NA,NA,NA,NA,NA,KC588388,NA,NA,NA,TRUE
Lycopodium_clavatum,NA,NA,NA,NA,NA,NA,NA,MH549642,NA,NA,NA,TRUE
Magnolia_tripetala,NA,NA,NA,NA,NA,NA,NA,KJ408574,NA,NA,NA,TRUE
Marchantia_polymorpha,NA,NA,NA,NA,NA,NA,NA,LC192146,NA,NA,NA,TRUE
Nicotiana_tabacum,NA,NA,NA,NA,NA,NA,NA,Z00044,NA,NA,NA,TRUE
Physcomitrium_patens,NA,NA,NA,NA,NA,NA,NA,KY126308,NA,NA,NA,TRUE
Plumbago_auriculata,NA,NA,NA,NA,NA,NA,NA,MH286308,NA,NA,NA,TRUE
Sciadopitys_verticillata,NA,NA,NA,NA,NA,NA,NA,AP017299,NA,NA,NA,TRUE
Selaginella_moellendorffii,NA,NA,NA,NA,NA,NA,NA,HM173080,NA,NA,NA,TRUE
Torminalis_glaberrima,NA,NA,NA,NA,NA,NA,NA,KY457242,NA,NA,NA,TRUE
Trithuria_inconspicua,NA,NA,NA,NA,NA,NA,NA,HE963749,NA,NA,NA,TRUE
Zygnema_circumcarinatum,NA,NA,NA,NA,NA,NA,NA,AY958086,NA,NA,NA,TRUE
